author,degree,betweenness,eigenvector
"Xu, Hui",0.007689707622105796,0.023601797810620398,0.3342177592598569
"She, Xiaojie",0.002704073009971269,0.0006564740775992085,0.2092179085369167
"Fei, Ting",0.0009295250971776238,0.0,0.08717297156314607
"Song, Yanhua",0.0035490958255872907,0.000834066474702453,0.22071821429968422
"Liu, Daobin",0.0009295250971776238,0.0,0.08717297156314607
"Li, Hongping",0.0009295250971776238,0.0,0.08717297156314607
"Yang, Xiaofei",0.0017745479127936454,0.0008165011734688587,0.08966013095531011
"Yang, Jinman",0.0023660638837248605,0.00014794559004327313,0.188613856775806
"Li, Huaming",0.00625316883555856,0.008464917474355425,0.3267157350311069
"Song, Li",0.0009295250971776238,0.0,0.08717297156314607
"Ajayan, Pulickel M.",0.0018590501943552475,0.000529874080960027,0.09142334082128482
"Wu, Jingjie",0.002028054757478452,0.0032623162389092,0.09419997244368246
"Chen, Jiayi",0.000507013689369613,0.0,1.784497077719494e-05
"Xio, Xinyan",0.0002535068446848065,0.0,1.5548713365870133e-05
"Wang, Yi",0.003295588980902484,0.0026107173094021383,0.000290153887197026
"Ye, Zhihao",0.0002535068446848065,0.0,1.5548713365870133e-05
"Yang, Yurong",0.00042251140780801076,0.0,1.8634537031330208e-05
"Qiu, Min",0.00042251140780801076,0.0,1.8634537031330208e-05
"Li, Liu",0.00042251140780801076,0.0,1.8634537031330208e-05
"Pi, Yanmei",0.00042251140780801076,0.0,1.8634537031330208e-05
"Yan, Guomin",0.00042251140780801076,0.0,1.8634537031330208e-05
"Yang, Lei",0.004478620922764914,0.009740461653214709,0.00031095294610940775
"Zhang, Yuanwen",0.0007605205340544194,2.4085185498183048e-05,5.531353130846165e-06
"Xu, Jingsan",0.0011830319418624302,0.0004335333389672949,7.983966532076531e-05
"Mei, Jun",0.0007605205340544194,2.4085185498183048e-05,5.531353130846164e-06
"Sarina, Sarina",0.0005915159709312151,0.0,5.4285475627173515e-06
"Wu, Ziyang",0.0005915159709312151,0.0,5.4285475627173515e-06
"Liao, Ting",0.0007605205340544194,2.4085185498183048e-05,5.531353130846164e-06
"Yan, Cheng",0.0005915159709312151,0.0,5.4285475627173515e-06
"Sun, Ziqi",0.0007605205340544194,2.4085185498183048e-05,5.531353130846164e-06
"Shahrokhi, Masoud",0.0001690045631232043,0.0,1.92059692882817e-40
"Raybaud, Pascal",0.0002535068446848065,0.0,2.4598552326558998e-40
"Le Bahers, Tangui",0.0002535068446848065,0.0,2.4598552326558998e-40
"Wang, Kai",0.0023660638837248605,0.005995497435011763,0.004171527288013199
"Yang, Jing",0.0029575798546560756,0.008035671154778788,0.02817809865607733
"Zhu, Jixin",0.0011830319418624302,0.0013927945225619754,0.003671956282832742
"Li, Le",0.0007605205340544194,0.00014451111298909827,0.003395531855467602
"Liu, Ying",0.0034645935440256884,0.004804108285242213,0.026688446060460617
"Zhang, Chao",0.0034645935440256884,0.0032653153459659156,0.004101244892550819
"Liu, Tianxi",0.000507013689369613,0.0,0.003370742844556329
"Zhang, Yan",0.004478620922764914,0.009420800313246968,0.0012478219794764484
"Liao, Wanyi",0.0001690045631232043,0.0,6.303036634736652e-05
"Zhang, Guangqiang",0.0001690045631232043,0.0,6.303036634736652e-05
"He, Fei",0.00042251140780801076,0.0,0.0003190037338062487
"Zhu, Bicheng",0.0018590501943552475,0.0028709072412990665,0.00044952451989334363
"Cheng, Bei",0.0019435524759168496,0.0010947700402273444,0.00043306169178661074
"Yu, Jiaguo",0.0041406117965185054,0.0019701241742057997,0.000477845876023665
"Ho, Wingkei",0.001690045631232043,0.0028151905280151815,0.004943446764054447
"Macyk, Wojciech",0.0007605205340544194,7.848782521081186e-05,0.0003350178460452621
"Wang, Yuting",0.0023660638837248605,0.0010715721144400098,0.00028177954958759675
"Zuo, Gancheng",0.0017745479127936454,0.0001910811772275018,0.00020597470575904627
"Kong, Jijie",0.0011830319418624302,0.0001387914000367747,0.00019002355105782233
"Guo, Yang",0.0014365387865472366,0.001039390851965255,0.0002763903448426556
"Xian, Zeyu",0.0007605205340544194,0.0,0.00013399064512183097
"Dai, Yuxuan",0.002028054757478452,0.002177817059167122,0.00035219518867120607
"Wang, Junjie",0.0012675342234240324,0.0024131642918051575,0.00019996573682468728
"Gong, Tingting",0.0010985296603008281,0.00046870808913068506,0.0003390315218388905
"Sun, Cheng",0.002281561602163258,0.0032224586308540444,0.0005366073091132019
"Xian, Qiming",0.002028054757478452,0.0006224363306069899,0.000390386826201042
"Xiao, Xinyan",0.0005915159709312151,6.66360178128115e-05,1.6823932132305666e-05
"Lu, Mingli",0.0005915159709312151,6.66360178128115e-05,1.6823932132305666e-05
"Zeng, Xingye",0.0003380091262464086,0.0,1.6418802824304978e-05
"Guo, Yanzhen",0.0006760182524928173,0.0,1.011160611407547e-09
"Chang, Binbin",0.0006760182524928173,0.0,1.011160611407547e-09
"Wen, Ting",0.0006760182524928173,0.0,1.011160611407547e-09
"Zhang, Shouren",0.0006760182524928173,0.0,1.011160611407547e-09
"Zeng, Min",0.0006760182524928173,0.0,1.011160611407547e-09
"Hu, Nantao",0.0011830319418624302,0.00038536296797092877,1.3041512562465901e-08
"Su, Yanjie",0.0006760182524928173,0.0,1.011160611407547e-09
"Yan, Zhi",0.0006760182524928173,0.0,1.011160611407547e-09
"Yang, Baocheng",0.0006760182524928173,0.0,1.011160611407547e-09
"Luan, Lijun",0.0005915159709312151,0.0,4.359227047909355e-05
"Han, Liuyang",0.0005915159709312151,0.0,4.359227047909355e-05
"Zhang, Di",0.001605543349670441,0.0019186524378575261,0.0005702146997733407
"Bai, Kaiyang",0.0005915159709312151,0.0,4.359227047909355e-05
"Sun, Kaili",0.0005915159709312151,0.0,4.359227047909355e-05
"Xu, Changyan",0.0005915159709312151,0.0,4.359227047909355e-05
"Li, Long",0.0014365387865472366,0.0011120438939113233,0.0001191250355580702
"Duan, Li",0.0005915159709312151,0.0,4.359227047909355e-05
"Zhao, Nan-Nan",0.0003380091262464086,0.0,8.114603490576828e-06
"Zhang, Yi",0.0010985296603008281,0.00021676666948364744,0.00014458606659645964
"Liu, Meng-Qi",0.0003380091262464086,0.0,8.11460349057683e-06
"Peng, Yin",0.0003380091262464086,0.0,8.11460349057683e-06
"Liu, Jin-Yun",0.0003380091262464086,0.0,8.11460349057683e-06
"Wang, Jiangpeng",0.00042251140780801076,0.0,3.7266363640058846e-06
"Fang, Yaoxun",0.00042251140780801076,0.0,3.7266363640058846e-06
"Zhang, Wenxuan",0.00042251140780801076,0.0,3.7266363640058846e-06
"Yu, Xuelian",0.00042251140780801076,0.0,3.7266363640058846e-06
"Wang, Lin",0.0025350684468480648,0.0032188320166888973,5.4662339453248835e-05
"Zhang, Yihe",0.0010985296603008281,0.0015041806928770642,1.1557899058675289e-05
"Liang, Yinghua",0.0007605205340544194,1.1757798556407243e-05,6.892635510303568e-05
"Shang, Rong",0.000507013689369613,0.0,1.7577284133875998e-05
"Lu, Jinrong",0.000507013689369613,0.0,1.7577284133875998e-05
"An, Weijia",0.0007605205340544194,1.1757798556407243e-05,6.892635510303568e-05
"Hu, Jinshan",0.0007605205340544194,1.1757798556407243e-05,6.892635510303568e-05
"Liu, Li",0.0012675342234240324,0.0006172913479386516,7.291176603125512e-05
"Cui, Wenquan",0.0007605205340544194,1.1757798556407243e-05,6.892635510303568e-05
"Zhu, Huihui",0.0003380091262464086,0.0,9.327469855476543e-06
"Yang, Xiaoju",0.0003380091262464086,0.0,9.327469855476543e-06
"Zhang, Min",0.004478620922764914,0.0035165223819526767,0.00016577254483009061
"Li, Qiuye",0.0003380091262464086,0.0,9.327469855476543e-06
"Yang, Jianjun",0.0003380091262464086,0.0,9.327469855476543e-06
"Wang, Zhongliao",0.000507013689369613,0.0,7.730027589757776e-05
"Zhang, Liuyang",0.0007605205340544194,8.914449312936097e-06,0.00010654300769154288
"Li, Youji",0.0014365387865472366,0.0023973623112769613,0.0003903019141770389
"Wageh, S.",0.0007605205340544194,1.7842899353061807e-05,9.953871226862427e-05
"Al-Ghamdi, Ahmed A.",0.0007605205340544194,1.7842899353061807e-05,9.953871226862427e-05
"Guo, ZhiWei",0.0003380091262464086,0.0,1.4938612906310709e-05
"Zheng, Jian",0.0006760182524928173,2.0466165366466492e-05,7.495771482420105e-05
"Li, Binrong",0.0006760182524928173,2.0466165366466492e-05,7.495771482420105e-05
"Da, ZuLin",0.0003380091262464086,0.0,1.4938612906310709e-05
"Meng, Minjia",0.0011830319418624302,0.0009498546928110968,0.00014455091557899252
"Ma, Yuli",8.450228156160216e-05,0.0,1.0090914559221781e-48
"Lang, Junyu",0.0001690045631232043,0.0,1.4270708226399565e-48
"Zhuang, Huaqiang",0.0003380091262464086,0.0,3.683167485230363e-33
"Cai, Zhenping",0.0003380091262464086,0.0,3.683167485230363e-33
"Xu, Wentao",0.0003380091262464086,0.0,3.683167485230363e-33
"Huang, Mianli",0.0003380091262464086,0.0,3.683167485230363e-33
"Liu, Xiaobin",0.0003380091262464086,0.0,3.683167485230363e-33
"Wan, Changxin",0.000507013689369613,0.0,9.009010349467895e-06
"Shi, Tianlong",0.000507013689369613,0.0,9.009010349467895e-06
"Yan, Wei",0.001014027378739226,0.00014862540324987972,1.0702207188238734e-05
"Li, Heng",0.000507013689369613,0.0,9.009010349467895e-06
"Liu, Chunsheng",0.000507013689369613,0.0,9.009010349467895e-06
"Meng, Lan",0.000507013689369613,0.0,9.009010349467895e-06
"Yan, Xiaohong",0.0010985296603008281,0.0002749687863293229,0.0001407942039200048
"Mehmood, Rashid",0.0011830319418624302,0.0,1.2309651933721304e-09
"Ahmad, Zia",0.0011830319418624302,0.0,1.2309651933721304e-09
"Hussain, Muhammad Bilal",0.0011830319418624302,0.0,1.2309651933721304e-09
"Athar, Muhammad",0.0011830319418624302,0.0,1.2309651933721304e-09
"Akbar, Ghulam",0.0011830319418624302,0.0,1.2309651933721304e-09
"Ajmal, Zeeshan",0.0011830319418624302,0.0,1.2309651933721304e-09
"Iqbal, Sikandar",0.0011830319418624302,0.0,1.2309651933721304e-09
"Razaq, Rameez",0.0011830319418624302,0.0,1.2309651933721304e-09
"Ali, Mohammad Arif",0.0011830319418624302,0.0,1.2309651933721304e-09
"Qayum, Abdul",0.0011830319418624302,0.0,1.2309651933721304e-09
"Chishti, Aadil Nabi",0.0011830319418624302,0.0,1.2309651933721304e-09
"Zaman, Fakhr Uz",0.0011830319418624302,0.0,1.2309651933721304e-09
"Shah, Rahim",0.0011830319418624302,0.0,1.2309651933721304e-09
"Zaman, Shahid",0.0018590501943552475,0.0,1.3319504471051076e-09
Adnan,0.0011830319418624302,0.0,1.2309651933721304e-09
"Zhu, Chengzhang",0.002704073009971269,0.0027538903384814167,0.0004484207555685004
"Xiao, Wei",0.0009295250971776238,0.0,0.00015904760104949657
"Xu, Xiaoming",0.002112557039040054,0.0012223781045654276,0.00029014224942512667
"Zhou, Yuxuan",0.0009295250971776238,0.0,0.00015904760104949657
"Xie, Aming",0.0009295250971776238,0.0,0.00015904760104949657
"Kim, Jong Hun",0.000507013689369613,0.0,5.327153564675236e-26
"Dash, Jatis Kumar",0.000507013689369613,0.0,5.327153564675236e-26
"Kwon, Junyoung",0.000507013689369613,0.0,5.327153564675236e-26
"Hyun, Changbae",0.000507013689369613,0.0,5.327153564675236e-26
"Kim, Hangyel",0.000507013689369613,0.0,5.327153564675236e-26
"Ji, Eunji",0.000507013689369613,0.0,5.327153564675236e-26
"Lee, Gwan-Hyoung",0.000507013689369613,0.0,5.327153564675236e-26
"Alnaggar, Gubran",0.0006760182524928173,0.0,4.9733733232740675e-20
"Alkanad, Khaled",0.001014027378739226,0.0,7.353037015095403e-20
"Chandrashekar, Sujay Shekar G.",0.000507013689369613,0.0,3.973870369133596e-20
"Bajiri, Mohammed Abdullah",0.0010985296603008281,0.0,7.665123626908885e-20
"Drmosh, Qasem A.",0.000507013689369613,0.0,3.973870369133596e-20
"Krishnappagowda, Lokanath N.",0.000507013689369613,0.0,3.973870369133596e-20
"Ananda, Sannaiah",0.0006760182524928173,0.0,4.9733733232740675e-20
"Devarayapalli, Kamakshaiah Charyulu",0.00042251140780801076,0.0,2.793203157953156e-29
"Kim, Bolam",0.00042251140780801076,0.0,2.793203157953156e-29
"Manchuri, Amaranadha Reddy",0.00042251140780801076,0.0,2.793203157953156e-29
"Lim, Youngsu",0.00042251140780801076,0.0,2.793203157953156e-29
"Kim, Gyuhyeon",0.00042251140780801076,0.0,2.793203157953156e-29
"Lee, Dae Sung",0.00042251140780801076,0.0,2.793203157953156e-29
"Liu, Jing",0.004056109514956904,0.013556854388894627,0.0007589664579809762
"Yang, Lubing",0.0003380091262464086,0.0,4.380498877596305e-05
"Li, Chen",0.0013520365049856345,0.0019268148398546437,4.645849035824139e-05
"Chen, Yongkai",0.0003380091262464086,0.0,4.380498877596305e-05
"Zhang, Zhen",0.0018590501943552475,0.004906489895272553,6.015801762743101e-05
"Chen, Mianke",0.001014027378739226,0.0,7.94173732588696e-13
"Zhang, Chenghong",0.001014027378739226,0.0,7.94173732588696e-13
"Liu, Ruikai",0.001014027378739226,0.0,7.94173732588696e-13
"Qiu, Kang",0.001014027378739226,0.0,7.94173732588696e-13
"Gao, Youlin",0.001014027378739226,0.0,7.94173732588696e-13
"Qiang, Yikang",0.001014027378739226,0.0,7.94173732588696e-13
"Yang, Yiqing",0.001014027378739226,0.0,7.94173732588696e-13
"Chai, Wuyi",0.001014027378739226,0.0,7.94173732588696e-13
"Khalifa, Mahmoud A.",0.001014027378739226,0.0,7.94173732588696e-13
"Luo, Jialiang",0.001014027378739226,0.0,7.94173732588696e-13
"Ding, Wei",0.001014027378739226,0.0,7.94173732588696e-13
"Zheng, Ganhong",0.001014027378739226,0.0,7.94173732588696e-13
"Sheng, Zhigao",0.001014027378739226,0.0,7.94173732588696e-13
"Lou, Ping",8.450228156160216e-05,0.0,1.1672423683483423e-52
"Lee, Jin Yong",8.450228156160216e-05,0.0,1.1672423683483423e-52
"Tao, Ji",0.0007605205340544194,0.0,0.00032078985961222047
"Xu, Liang",0.0023660638837248605,0.0019469996309385334,0.0006766756982035339
"Li, Can",0.0023660638837248605,0.004758257758341962,0.0013948574194356795
"Xiong, Shixian",0.0007605205340544194,0.0,0.00032078985961222047
"Xu, Zhiqiang",0.0007605205340544194,0.0,0.00032078985961222047
"Shao, Jingyao",0.0007605205340544194,0.0,0.00032078985961222047
"Cao, Lei",0.0007605205340544194,0.0,0.00032078985961222047
"Zhang, Ying",0.0019435524759168496,0.009978007842767091,0.002473919939297921
"Dong, Kejun",0.0007605205340544194,0.0,0.00032078985961222047
"Wang, Ling-Ling",0.0017745479127936454,0.0003570431507731859,0.0005194464283519178
"Wang, Bolun",0.0010985296603008281,0.0,3.4948625512357505e-05
"Luo, Hao",0.0010985296603008281,0.0,3.4948625512357505e-05
"Wang, Xuewen",0.0010985296603008281,0.0,3.4948625512357505e-05
"Wang, Enze",0.0010985296603008281,0.0,3.4948625512357505e-05
"Sun, Yufei",0.0010985296603008281,0.0,3.4948625512357505e-05
"Tsai, Yu-Chien",0.0010985296603008281,0.0,3.4948625512357505e-05
"Dong, Jinxuan",0.0010985296603008281,0.0,3.4948625512357505e-05
"Liu, Peng",0.0019435524759168496,0.0008131201595274681,6.644575502149085e-05
"Li, Huanglong",0.0019435524759168496,0.000885269615743192,0.00015496765630748055
"Xu, Yong",0.0010985296603008281,0.0,3.4948625512357505e-05
"Tongay, Sefaattin",0.0010985296603008281,0.0,3.4948625512357505e-05
"Jiang, Kaili",0.0010985296603008281,0.0,3.4948625512357505e-05
"Fan, Shoushan",0.0010985296603008281,0.0,3.4948625512357505e-05
"Liu, Kai",0.0028730775730944733,0.001131654736142104,0.00015501748750710987
"Wang, Qiang",0.0024505661652864624,0.0045850849417764,0.000502499166672757
"Tang, Ying",0.00042251140780801076,0.0,5.3582020507599216e-05
"Li, Yanqin",0.00042251140780801076,0.0,5.3582020507599216e-05
"Li, Tiantian",0.0010985296603008281,0.0023698930101353575,0.0001211347478288254
"Wang, Chuanyi",0.0012675342234240324,0.0031900605316083352,0.00016236228506501835
"Yu, Feng",0.0011830319418624302,0.0012176630823876485,0.0002743252121304487
"Xiong, Ya",0.0008450228156160215,0.0,5.854052211943375e-07
"Liu, Wendi",0.0008450228156160215,0.0,5.854052211943375e-07
"Qiao, Xurong",0.0005915159709312151,0.0,5.226139971727487e-07
"Song, Xiaojie",0.0011830319418624302,6.452794858781036e-06,1.0377484377271914e-06
"Wang, Shichao",0.0007605205340544194,3.226397429390518e-06,7.491193765488528e-07
"Zhang, Xiaoli",0.0005915159709312151,0.0,5.226139971727487e-07
"Wang, Xinzhen",0.002028054757478452,0.0003469052869895551,3.5309994657757837e-06
"Tian, Jian",0.0024505661652864624,0.006552204213534152,3.8370032918892584e-06
"Xiao, Xing",0.0010985296603008281,9.850007136181949e-06,1.1598318521518939e-05
"Jia, Yunling",0.0005915159709312151,0.0,3.898657813332005e-06
"Hong, Wanyu",0.0010985296603008281,9.850007136181949e-06,1.1598318521518939e-05
"He, Yuqing",0.0005915159709312151,0.0,3.898657813332005e-06
"Wang, Yanjun",0.0010985296603008281,9.850007136181949e-06,1.1598318521518939e-05
"Zhao, Lizhi",0.0010985296603008281,9.850007136181949e-06,1.1598318521518939e-05
"An, Huiqin",0.0010985296603008281,9.850007136181949e-06,1.1598318521518939e-05
"Yin, Zhen",0.0019435524759168496,0.0005166377144499855,1.886610607124631e-05
"Fu, Chen",0.0005915159709312151,0.0,0.0002668162613841613
"Li, Hongjiang",0.0005915159709312151,0.0,0.0002668162613841613
"Jiang, Jianing",0.0005915159709312151,0.0,0.0002668162613841613
"Shen, Jinni",0.0011830319418624302,3.0302771619047512e-05,0.0011452887871070709
"Long, Jinlin",0.0011830319418624302,3.0302771619047512e-05,0.0011452887871070709
"Dai, Wenxin",0.0010985296603008281,0.0003447943728724883,0.00036578016918526347
"Wang, Xuxu",0.0015210410681088388,0.005787208548421017,0.0011608675513002994
"Zhang, Zizhong",0.0019435524759168496,0.002525199438102803,0.001207278834969511
"Xie, Zhongkai",0.000507013689369613,0.0,4.176339974118685e-05
"Xu, Yuyan",0.000507013689369613,0.0,4.176339974118685e-05
"Li, Di",0.001605543349670441,0.00024542239726787677,0.0002451881251889573
"Chen, Lijie",0.000507013689369613,0.0,4.176339974118685e-05
"Meng, Suci",0.0008450228156160215,1.1252118230508407e-05,5.320283814726427e-05
"Jiang, Deli",0.0010985296603008281,7.219479316349515e-05,0.00022793391584700087
"Chen, Min",0.0021970593206016562,0.003878833361042661,0.00025992466111309333
"Du, Ruifeng",0.0005915159709312151,0.0,9.583611349537757e-06
"Li, Baoying",0.0005915159709312151,0.0,9.583611349537757e-06
"Han, Xu",0.0005915159709312151,0.0,9.583611349537757e-06
"Xiao, Ke",0.0013520365049856345,0.006517351415435249,0.0001405192704700108
"Wang, Xiang",0.0005915159709312151,0.0,9.583611349537757e-06
"Zhang, Chaoqi",0.0005915159709312151,0.0,9.583611349537757e-06
"Arbiol, Jordi",0.0005915159709312151,0.0,9.583611349537757e-06
"Cabot, Andreu",0.0014365387865472366,0.0006262148229527593,9.978937239802081e-06
"Liu, Dong",0.0003380091262464086,0.0,7.4199813486603255e-06
"Zhang, Shuai",0.0014365387865472366,0.0013612354661276858,0.00011530239202322644
"Wang, Jinming",0.0021970593206016562,0.007110290283064203,1.2748845323318655e-05
"Peng, Tianyou",0.0019435524759168496,0.0032047939017067297,1.5768195278996616e-05
"Li, Renjie",0.0006760182524928173,0.00015928787438429138,7.796173745758865e-06
"Xue, Chao",0.0021970593206016562,0.004230327789818939,0.0003368618378635741
"Zhang, Peng",0.0035490958255872907,0.013324587465076643,0.0006137347326757615
"Shao, Guosheng",0.0014365387865472366,0.0021180454755734615,0.00016819972218303045
"Yang, Guidong",0.0018590501943552475,0.0013776443506558862,0.0002656261879604699
"Li, Yasi",8.450228156160216e-05,0.0,6.072900502010948e-24
"Wang, Junkai",0.0006760182524928173,0.0,4.262017708365691e-23
"Wang, Dongxiao",0.0014365387865472366,0.0008828875030307822,4.2964840404596544e-05
"Lan, Zheng",0.0008450228156160215,0.0,3.680115413313175e-06
"Li, Yue",0.0012675342234240324,0.00043231957913303837,4.020930858444921e-06
"Huang, Ying",0.0008450228156160215,0.0,3.680115413313175e-06
"Yin, Kun",0.0008450228156160215,0.0,3.680115413313175e-06
"Yang, Lixia",0.0008450228156160215,0.0,3.680115413313175e-06
"Bai, Liangjiu",0.0008450228156160215,0.0,3.680115413313175e-06
"Wei, Donglei",0.0008450228156160215,0.0,3.680115413313175e-06
"Yang, Huawei",0.0008450228156160215,0.0,3.680115413313175e-06
"Chen, Hou",0.0008450228156160215,0.0,3.680115413313175e-06
"Luo, Mingchuan",0.0008450228156160215,0.0,3.680115413313175e-06
"Singh, Arunima",0.0001690045631232043,0.0,4.961725533464465e-44
"Jain, Manjari",0.0001690045631232043,0.0,4.961725533464465e-44
"Bhattacharya, Saswata",0.0001690045631232043,0.0,4.961725533464465e-44
"Sahoo, Shubham",0.0001690045631232043,0.0,4.961725533464465e-44
"Kumari, Puja",0.0001690045631232043,0.0,4.961725533464465e-44
"Ray, Soumya Jyoti",0.0001690045631232043,0.0,4.961725533464465e-44
"Shen, Rongchen",0.0005915159709312151,2.309192539903264e-06,0.00032215436581896307
"Liang, Guijie",0.0003380091262464086,0.0,0.00027754136930372255
"Hao, Lei",0.001605543349670441,0.0012515372813617879,0.0004164038487638709
"Li, Xin",0.007520703058982592,0.029893598119660927,0.004411360536983495
"Wu, Hui",0.0009295250971776238,0.0,4.4333399904290696e-05
"Lou, Zengxin",0.0009295250971776238,0.0,4.4333399904290696e-05
"Kang, Kai",0.0013520365049856345,9.432848716386008e-05,6.618780211049568e-05
"Zhang, Chunjuan",0.0009295250971776238,0.0,4.4333399904290696e-05
"Ji, Xinyue",0.0009295250971776238,0.0,4.4333399904290696e-05
"Chu, Hanqiao",0.0009295250971776238,0.0,4.4333399904290696e-05
"Wei, Shuoheng",0.0009295250971776238,0.0,4.4333399904290696e-05
"Xu, Wenzhe",0.0009295250971776238,0.0,4.4333399904290696e-05
"Wang, Guanyun",0.0009295250971776238,0.0,4.4333399904290696e-05
"Pan, Junkai",0.0009295250971776238,0.0,4.4333399904290696e-05
"Liu, Juan",0.0013520365049856345,0.00038259512403063635,0.00015151853021473492
"Bao, Yongchao",0.0015210410681088388,0.0002454330630179715,0.000350267204260522
"Gupta, Shalu",8.450228156160216e-05,0.0,1.1672423683483423e-52
"Kumar, Rakesh",8.450228156160216e-05,0.0,1.1672423683483423e-52
"Chen, Guanyu",0.0011830319418624302,0.0,0.0011308438870056073
"Hu, Xinyi",0.0011830319418624302,0.0,0.0011308438870056073
"Gu, Mingwei",0.0011830319418624302,0.0,0.0011308438870056073
"Wu, Hao",0.0017745479127936454,0.00033719259697456266,0.001156420522354217
"Chen, Keyu",0.0011830319418624302,0.0,0.0011308438870056073
"Yu, Hao",0.002281561602163258,0.0005359372275628851,0.0012283860801494094
"Ren, Baiyu",0.0011830319418624302,0.0,0.0011308438870056073
"Li, Zhong",0.001690045631232043,0.00027012822073497057,0.0011575593795512544
"Luan, Yange",0.0011830319418624302,0.0,0.0011308438870056073
"Tang, Tao",0.0021970593206016562,0.0014963834994444877,0.008518075349666324
"Cheng, Yinfen",0.0011830319418624302,0.0,0.0011308438870056073
"Huang, Haibo",0.0011830319418624302,0.0,0.0011308438870056073
"Chen, Liguo",0.0011830319418624302,0.0,0.0011308438870056073
"Zhang, Bao Yue",0.0011830319418624302,0.0,0.0011308438870056073
"Ou, Jian Zhen",0.0011830319418624302,0.0,0.0011308438870056073
"Gan, Wei",0.0019435524759168496,0.0002507026558250085,0.00020038692255326025
"Guo, Jun",0.002028054757478452,0.0010165489292905635,0.0001986050645859624
"Fu, Xucheng",0.0010985296603008281,1.0564539004377094e-06,8.895014451401353e-05
"Zhang, Miao",0.0021970593206016562,0.0009916604481130518,0.0002270014565012594
"Ding, Chunsheng",0.0012675342234240324,1.7483956764516639e-06,9.391845075596262e-05
"Yu, Hai",0.0007605205340544194,0.0,6.706043291823815e-05
"Lu, Yuqing",0.0012675342234240324,1.7483956764516639e-06,9.391845075596262e-05
"Li, Jianrou",0.0011830319418624302,2.2369319880641366e-05,0.000178288887086231
"Li, Ziliang",0.0007605205340544194,0.0,6.706043291823815e-05
"Sun, Zhaoqi",0.0021970593206016562,0.0009916604481130518,0.0002270014565012594
"Sun, Baofan",0.0006760182524928173,0.0,3.0956168310956616e-05
"Chen, Jiajun",0.0006760182524928173,0.0,3.0956168310956616e-05
"Zhou, Xinyi",0.0006760182524928173,0.0,3.0956168310956616e-05
"Liu, Min",0.0025350684468480648,0.002976367341548538,0.00042397720937582947
"Wu, Yaping",0.0006760182524928173,0.0,3.0956168310956616e-05
"Xia, Yuanzheng",0.0006760182524928173,0.0,3.0956168310956616e-05
"Li, Xu",0.0006760182524928173,0.0,3.0956168310956616e-05
"Wu, Zhiming",0.0006760182524928173,0.0,3.0956168310956616e-05
"Kang, Junyong",0.0006760182524928173,0.0,3.0956168310956616e-05
"Tran, Trung Tin",0.0002535068446848065,0.0,6.570990368930812e-38
"Du, Phuoc Thao Vo",0.0002535068446848065,0.0,6.570990368930812e-38
"Vo, Anh Hao Huynh",0.0002535068446848065,0.0,6.570990368930812e-38
"Tran, Trung Nghia",0.0002535068446848065,0.0,6.570990368930812e-38
"Xia, Pengfei",0.0003380091262464086,0.0,6.926389493658774e-05
"Zhang, Yibo",0.00042251140780801076,0.0,3.022850958276734e-07
"Chen, Dongyun",0.0018590501943552475,0.00024291629945310335,1.2731523558075038e-06
"Li, Najun",0.0018590501943552475,0.00024291629945310335,1.2731523558075038e-06
"Xu, Qingfeng",0.0015210410681088388,9.840518646400509e-05,1.233583930888273e-06
"Li, Hua",0.0015210410681088388,9.840518646400509e-05,1.233583930888273e-06
"Lu, Jianmei",0.0018590501943552475,0.00024291629945310335,1.2731523558075038e-06
"Jin, Chongyue",0.0008450228156160215,3.0110857056092144e-05,2.2490964187860158e-06
"Wang, Min",0.0013520365049856345,0.00031818785124567843,4.364107771707967e-06
"Li, Zhilin",0.0008450228156160215,3.0110857056092144e-05,2.2490964187860158e-06
"Kang, Jin",0.0008450228156160215,3.0110857056092144e-05,2.2490964187860158e-06
"Zhao, Yan",0.0011830319418624302,0.0005186404015892099,3.1024003292284786e-05
"Han, Jin",0.000507013689369613,0.0,2.1338190416456366e-06
"Wu, Zengmin",0.000507013689369613,0.0,2.1338190416456366e-06
"Yu, Xiaohui",0.0013520365049856345,4.162867515701692e-05,0.00038349307260562073
"Xie, Juan",0.0003380091262464086,0.0,0.00016133499422242388
"Liu, Qinqin",0.0027885752915328714,0.0004845363842901357,0.0007508294929522881
"Dong, Huilong",0.001014027378739226,0.0006037161839103171,0.002060504169827709
"Li, Youyong",0.0006760182524928173,0.000218218485786089,0.00016401832336244287
"Luo, Dian",0.0005915159709312151,0.0,1.8811497069725705e-07
"Peng, Lei",0.0005915159709312151,0.0,1.8811497069725705e-07
"Wang, Yang",0.0018590501943552475,0.0012042592749091524,2.6985900562523097e-06
"Lu, Xiangyu",0.0005915159709312151,0.0,1.8811497069725705e-07
"Yang, Cheng",0.0010985296603008281,0.0006743851939491253,1.9174153303383486e-07
"Xu, Xinsheng",0.0005915159709312151,0.0,1.8811497069725705e-07
"Huang, Yucheng",0.0005915159709312151,0.0,1.8811497069725705e-07
"Ni, Yonghong",0.0005915159709312151,0.0,1.8811497069725705e-07
"Wang, Caiyun",0.0007605205340544194,0.0,8.710449765395172e-07
"Kang, Zhe",0.0007605205340544194,0.0,8.710449765395172e-07
"Zheng, Zhi",0.0007605205340544194,0.0,8.710449765395172e-07
"Zhang, Yanan",0.0011830319418624302,0.0004335333389672949,1.1087680183899294e-05
"Zhang, Louwen",0.0007605205340544194,0.0,8.710449765395172e-07
"Su, Jun",0.0007605205340544194,0.0,8.710449765395172e-07
"Zhang, Zhi",0.0007605205340544194,0.0,8.710449765395172e-07
"Liu, Nishuang",0.0007605205340544194,0.0,8.710449765395172e-07
"Li, Luying",0.0007605205340544194,0.0,8.710449765395172e-07
"Gao, Yihua",0.0007605205340544194,0.0,8.710449765395172e-07
"Su, Mei",0.000507013689369613,0.0,5.327153564675236e-26
"Chen, Yulu",0.000507013689369613,0.0,5.327153564675236e-26
"Wang, Linqi",0.000507013689369613,0.0,5.327153564675236e-26
"Zhao, Zihao",0.000507013689369613,0.0,5.327153564675236e-26
"Sun, Honggang",0.000507013689369613,0.0,5.327153564675236e-26
"Zhou, Guoli",0.000507013689369613,0.0,5.327153564675236e-26
"Li, Pan",0.000507013689369613,0.0,5.327153564675236e-26
"Sun, Xiaomei",0.000507013689369613,0.0,2.005037767131423e-05
"Song, Meiyang",0.000507013689369613,0.0,2.005037767131423e-05
"Liu, Fei",0.0019435524759168496,0.0036639184024546173,0.00021529788916414675
"Peng, Haiyan",0.000507013689369613,0.0,2.005037767131423e-05
"Zhao, Tianxiang",0.000507013689369613,0.0,2.005037767131423e-05
"Yin, Shuang-Feng",0.001014027378739226,0.00022495589605082552,3.2191640200574015e-05
"Chen, Peng",0.001605543349670441,0.002134520524214463,0.00010770966082268312
"Wang, Jingjing",0.0027885752915328714,0.001350287616288845,4.185863153885292e-05
"Huang, Chenxi",0.0012675342234240324,0.0002656526222445851,2.7462319856744122e-06
"Xing, Yue",0.0008450228156160215,0.00010661294111418931,2.4785333860088734e-06
"Shao, Xiang",0.0012675342234240324,0.0002656526222445851,2.7462319856744122e-06
"Jia, Tao",0.0014365387865472366,0.0,2.8880933838977395e-17
"Rebec, Slavko N.",0.0006760182524928173,0.0,1.177205561560938e-17
"Tang, Shujie",0.0006760182524928173,0.0,1.177205561560938e-17
"Xu, Kejun",0.0006760182524928173,0.0,1.177205561560938e-17
"Sohail, Hafiz M.",0.0006760182524928173,0.0,1.177205561560938e-17
"Hashimoto, Makoto",0.0006760182524928173,0.0,1.177205561560938e-17
"Lu, Donghui",0.0006760182524928173,0.0,1.177205561560938e-17
"Moore, Robert G.",0.0006760182524928173,0.0,1.177205561560938e-17
"Shen, Zhi-Xun",0.0006760182524928173,0.0,1.177205561560938e-17
"Liu, X.",0.0006760182524928173,0.0,1.1873375919844751e-20
"Kang, W.",0.0006760182524928173,0.0,1.1873375919844751e-20
"Qi, L.",0.0006760182524928173,0.0,1.1873375919844751e-20
"Zhao, J.",0.0006760182524928173,0.0,1.1873375919844751e-20
"Wang, Y.",0.0006760182524928173,0.0,1.1873375919844751e-20
"Wang, L.",0.0006760182524928173,0.0,1.1873375919844751e-20
"Wang, W.",0.0006760182524928173,0.0,1.1873375919844751e-20
"Fang, L.",0.0006760182524928173,0.0,1.1873375919844751e-20
"Zhou, M.",0.0006760182524928173,0.0,1.1873375919844751e-20
"Santosh, K. C.",0.0003380091262464086,0.0,3.683167485230363e-33
"Longo, Roberto C.",0.0003380091262464086,0.0,3.683167485230363e-33
"Addou, Rafik",0.0003380091262464086,0.0,3.683167485230363e-33
"Wallace, Robert M.",0.0003380091262464086,0.0,3.683167485230363e-33
"Cho, Kyeongjae",0.0003380091262464086,0.0,3.683167485230363e-33
"Zhou, Xiaofang",0.0003380091262464086,0.0,0.00044142529879087926
"Zheng, Xiaoli",0.0012675342234240324,5.51240148341475e-05,0.0005198137756485047
"Yan, Bo",0.0003380091262464086,0.0,0.00044142529879087926
"Xu, Tao",0.0012675342234240324,0.0006741683954546634,0.006540568017006647
"Xu, Qun",0.00430961635964171,0.006925415229859552,0.001676035402507932
"Tan, Pengfei",0.0005915159709312151,0.0,2.392070557164977e-06
"Zhu, Anquan",0.0005915159709312151,0.0,2.392070557164977e-06
"Qiao, Lulu",0.0005915159709312151,0.0,2.392070557164977e-06
"Zeng, Weixuan",0.0005915159709312151,0.0,2.392070557164977e-06
"Ma, Yongjin",0.0010985296603008281,0.00014451111298909827,1.886276222651398e-05
"Dong, Haigang",0.0005915159709312151,0.0,2.392070557164977e-06
"Xie, Jianping",0.0005915159709312151,0.0,2.392070557164977e-06
"Pan, Jun",0.0010985296603008281,0.00014451111298909827,1.886276222651398e-05
"Li, Zhuwei",0.0005915159709312151,0.0,8.874579385104795e-05
"Hou, Jungang",0.0019435524759168496,0.0008587121542452781,0.00011607829519638068
"Zhang, Bo",0.0026195707284096667,0.0024209767364139806,0.0012881843533559959
"Cao, Shuyan",0.0005915159709312151,0.0,8.874579385104795e-05
"Wu, Yunzhen",0.0005915159709312151,0.0,8.874579385104795e-05
"Gao, Zhanming",0.0005915159709312151,0.0,8.874579385104795e-05
"Nie, Xiaowa",0.0005915159709312151,0.0,8.874579385104795e-05
"Sun, Licheng",0.0005915159709312151,0.0,8.874579385104795e-05
"Fu, Junwei",0.0007605205340544194,0.00040650818127807716,0.0002084609908456956
"Xu, Quanlong",0.001014027378739226,0.0003291328488678174,0.00025903119338137456
"Low, Jingxiang",0.000507013689369613,5.117391495584507e-06,5.168733876462492e-05
"Jiang, Chuanjia",0.0003380091262464086,0.0,4.8044481710833666e-05
"Fu, Xiao-Long",0.00042251140780801076,0.0,2.793203157953156e-29
"Hou, Fang",0.00042251140780801076,0.0,2.793203157953156e-29
"Liu, Fu-Rao",0.00042251140780801076,0.0,2.793203157953156e-29
"Ren, Shu-Wei",0.00042251140780801076,0.0,2.793203157953156e-29
"Cao, Jun-Tao",0.00042251140780801076,0.0,2.793203157953156e-29
"Liu, Yan-Ming",0.00042251140780801076,0.0,2.793203157953156e-29
"Liu, Xinwei",0.0010985296603008281,3.652211434689121e-06,5.1145632469298355e-05
"Chen, Jin",0.001605543349670441,0.00011175969288600246,0.00010272920174658518
"Yang, Lingfu",0.001014027378739226,2.434388740798162e-06,4.741601314849458e-05
"Yun, Shuhuan",0.0006760182524928173,0.0,3.197164953084377e-05
"Que, Meidan",0.0015210410681088388,0.00010992942928780176,9.946720705778993e-05
"Zheng, Huiqi",0.001014027378739226,2.434388740798162e-06,4.741601314849458e-05
"Zhao, Yang",0.0024505661652864624,0.0010025552139091992,0.0001695901457302246
"Yang, Tai",0.001014027378739226,2.434388740798162e-06,4.7416013148494576e-05
"Liu, Zhikang",0.0012675342234240324,9.235444879567391e-05,9.261776545166182e-05
"Mishra, Bhagyashree Priyadarshini",0.0005915159709312151,0.0,6.234021016013572e-25
"Das, Sarmistha",0.000507013689369613,0.0,5.803030621992941e-25
"Biswal, Lijarani",0.0006760182524928173,0.0,6.522489783679634e-25
"Acharya, Lopamudra",0.0005915159709312151,0.0,6.234021016013574e-25
"Sahu, Jyotirmayee",0.00042251140780801076,0.0,5.106533223744222e-25
"Parida, Kulamani",0.001014027378739226,0.0,7.539644426733209e-25
"Meng, Leixia",0.0013520365049856345,0.000883504853334701,0.000311789884786597
"Zhang, Yu",0.005408146019942538,0.01358472658164387,0.0019005636050301701
"Wang, Jinlong",0.000507013689369613,2.2535846080171271e-07,0.00014197658728344508
"Zhou, Bingxin",0.0013520365049856345,0.000883504853334701,0.000311789884786597
"Xu, Zhouqing",0.00042251140780801076,0.0,0.00013550417830799366
"Shi, Jianjun",0.000507013689369613,2.2535846080171271e-07,0.0001419765872834451
"Li, Yang",0.004901132330572925,0.007606367316775602,0.0004983933352023311
"Lu, Yue",0.0007605205340544194,0.00025042079960219436,0.0001265123390161594
"Jia, Xiaofang",0.0007605205340544194,0.00025042079960219436,0.0001265123390161594
"Ma, Zhaoyu",0.0007605205340544194,0.00025042079960219436,0.0001265123390161594
"Zhang, Junying",0.003295588980902484,0.003130019962802886,0.0011163944550670875
"Xu, Jiachao",0.0003380091262464086,0.0,1.165011257557735e-05
"Zhang, Xidong",0.0007605205340544194,0.00018693034722544217,6.210436347958875e-05
"Wang, Xuefei",0.0005915159709312151,7.254101602575621e-05,6.456686499546587e-05
"Wu, Xinhe",0.0007605205340544194,9.519502270563278e-05,5.1240354732356964e-05
"Yu, Huogen",0.0005915159709312151,7.254101602575621e-05,6.456686499546587e-05
"Zhang, Mingming",0.0008450228156160215,0.0,2.2127524400699098e-16
"Lai, Cui",0.0008450228156160215,0.0,2.2127524400699098e-16
"Li, Bisheng",0.0008450228156160215,0.0,2.2127524400699098e-16
"Huang, Danlian",0.0008450228156160215,0.0,2.2127524400699098e-16
"Liu, Shiyu",0.0008450228156160215,0.0,2.2127524400699098e-16
"Qin, Lei",0.0008450228156160215,0.0,2.2127524400699098e-16
"Yi, Huan",0.0008450228156160215,0.0,2.2127524400699098e-16
"Fu, Yukui",0.0008450228156160215,0.0,2.2127524400699098e-16
"Xu, Fuhang",0.0008450228156160215,0.0,2.2127524400699098e-16
"Li, Minfang",0.0008450228156160215,0.0,2.2127524400699098e-16
"Li, Ling",0.0008450228156160215,0.0,2.2127524400699098e-16
"Zou, Xiangwei",0.000507013689369613,0.0,0.00034181953510806565
"Li, Chunhu",0.0018590501943552475,5.5697654552551855e-05,0.0005902227312508895
"Wang, Liang",0.002704073009971269,0.003920761381368802,0.0028643522816669672
"Wang, Wentai",0.0017745479127936454,0.00043862226806196895,0.0025146355326465942
"Bian, Junjie",0.0008450228156160215,0.0,0.00041191040439717886
"Bai, Hongcun",0.000507013689369613,0.0,0.00034181953510806565
"Meng, Xiangchao",0.0007605205340544194,0.0,0.0003920456290542525
"Lian, Xinyi",0.000507013689369613,0.0,5.327153564675236e-26
"Huang, Zongyi",0.000507013689369613,0.0,5.327153564675236e-26
"Zhang, Yuqi",0.000507013689369613,0.0,5.327153564675236e-26
"Chen, Zhou",0.000507013689369613,0.0,5.327153564675236e-26
"Meidl, Peter",0.000507013689369613,0.0,5.327153564675236e-26
"Yi, Xiaodong",0.000507013689369613,0.0,5.327153564675236e-26
"Xu, Baile",0.000507013689369613,0.0,5.327153564675236e-26
"Ma, Zongle",0.0007605205340544194,0.0,0.00024125983073911296
"Li, Quan",0.0012675342234240324,0.0009365801512073417,0.002371995323700339
"Chen, Tong",0.0007605205340544194,0.0,0.00024125983073911296
"Peng, Bojun",0.0007605205340544194,0.0,0.00024125983073911296
"Zeng, Jian",0.0007605205340544194,0.0,0.00024125983073911296
"Zhang, Yingbin",0.0007605205340544194,0.0,0.00024125983073911296
"Luo, Kai-Wu",0.0007605205340544194,0.0,0.00024125983073911296
"Shuai, Cijun",0.0007605205340544194,0.0,0.00024125983073911296
"Zheng, Xiaobo",0.0009295250971776238,0.0,7.40892523314753e-05
"Yang, Jiarui",0.0009295250971776238,0.0,7.40892523314753e-05
"Li, Peng",0.0023660638837248605,0.0030753989233437288,0.0007937065824872529
"Jiang, Zhuoli",0.0009295250971776238,0.0,7.408925233147528e-05
"Zhu, Peng",0.0009295250971776238,0.0,7.408925233147528e-05
"Wang, Qishun",0.0009295250971776238,0.0,7.408925233147528e-05
"Wu, Jiabin",0.0009295250971776238,0.0,7.408925233147528e-05
"Zhang, Erhuan",0.0009295250971776238,0.0,7.408925233147528e-05
"Sun, Wenping",0.0009295250971776238,0.0,7.408925233147528e-05
"Dou, Shixue",0.0009295250971776238,0.0,7.408925233147528e-05
"Wang, Dingsheng",0.0009295250971776238,0.0,7.408925233147528e-05
"Li, Yadong",0.0009295250971776238,0.0,7.408925233147528e-05
"Guo, Hao",0.0005915159709312151,0.0,0.00032197926887662356
"Jiang, Lin",0.0013520365049856345,0.0005550340789374977,0.0047166697430955475
"Liu, Zhiyong",0.0011830319418624302,0.000152371796837929,0.0003529355376399842
"Qu, Jiaxin",0.0005915159709312151,0.0,0.00032197926887662356
"Zhang, Chenglin",0.0005915159709312151,0.0,0.00032197926887662356
"Jia, Xuping",0.0005915159709312151,0.0,0.00032197926887662356
"Chen, Kezheng",0.0005915159709312151,0.0,0.00032197926887662356
"Hai, Zhenyin",0.0007605205340544194,0.0,5.742007768463007e-08
"Akbari, Mohammad Karbalaei",0.0009295250971776238,0.00013648271782303728,2.9321665372568776e-07
"Xue, Chenyang",0.0005915159709312151,0.0,4.181474206727698e-08
"Xu, Hongyan",0.0010985296603008281,0.0,4.9177354953470166e-08
"Solano, Eduardo",0.0007605205340544194,0.0,5.7420077684630065e-08
"Detavernier, Christophe",0.0012675342234240324,0.0,6.478269057082325e-08
"Hu, Jie",0.0005915159709312151,0.0,4.181474206727698e-08
"Zhuiykov, Serge",0.0014365387865472366,0.0006663567987830648,3.00579266611881e-07
"Liu, Yue",0.0012675342234240324,0.0006303980698681962,8.797662866633518e-06
"Zeng, Xiangkang",0.0008450228156160215,0.00014451111298909827,6.00320533430235e-07
"Hu, Xiaoyi",0.0005915159709312151,0.0,5.959066556607519e-07
"Hu, Jian",0.0005915159709312151,0.0,5.959066556607519e-07
"Wang, Zhouyou",0.0005915159709312151,0.0,5.959066556607519e-07
"Yin, Yichun",0.0005915159709312151,0.0,5.959066556607519e-07
"Sun, Chenghua",0.0005915159709312151,0.0,5.959066556607519e-07
"Zhang, Xiwang",0.0005915159709312151,0.0,5.959066556607519e-07
"Ding, Yuying",0.0005915159709312151,0.0,3.985269209543575e-06
"Luo, Dan",0.0011830319418624302,0.0008188963069382236,5.713700202277193e-05
"Huang, Yunfang",0.0011830319418624302,9.634074199273219e-05,4.318473300929438e-06
"Rong, Bin",0.0005915159709312151,0.0,3.985269209543575e-06
"Chen, Xia",0.0008450228156160215,0.00014451111298909827,4.015134837719587e-06
"Wei, Yuelin",0.0011830319418624302,9.634074199273219e-05,4.318473300929439e-06
"Fan, Leqing",0.0010985296603008281,7.225555649454914e-05,4.294059433766525e-06
"Wu, Jihuai",0.0010985296603008281,7.225555649454914e-05,4.294059433766525e-06
"Wang, Wenjie",0.0006760182524928173,0.0,9.736960869481158e-05
"Yang, Decai",0.0014365387865472366,1.0847366007191231e-05,0.0002365947367722058
"Mou, Yifan",0.0006760182524928173,0.0,9.736960869481158e-05
"Liao, Lijun",0.0006760182524928173,0.0,9.736960869481158e-05
"Wang, Shijie",0.0014365387865472366,1.0847366007191231e-05,0.0002365947367722058
"Guo, Liping",0.0014365387865472366,1.0847366007191231e-05,0.0002365947367722058
"Wang, Xuepeng",0.0006760182524928173,0.0,9.736960869481158e-05
"Li, Zhenzi",0.0026195707284096667,0.001227297282165996,0.0003082772895192476
"Zhou, Wei",0.005154639175257732,0.005504493468647478,0.0007142447194916873
"Lu, Qinwen",0.0005915159709312151,0.0,7.72917402894168e-08
"Lei, Xunyong",0.0005915159709312151,0.0,7.72917402894168e-08
"Fu, Jun",0.0009295250971776238,5.8648068699464674e-05,3.710865344658012e-07
"Wang, Qing",0.0005915159709312151,0.0,7.72917402894168e-08
"Mao, Xiaoyu",0.0005915159709312151,0.0,7.72917402894168e-08
"Cheng, Long",0.0005915159709312151,0.0,7.72917402894168e-08
"Zhai, Xiaofang",0.0005915159709312151,0.0,7.72917402894168e-08
"Zeng, Hualing",0.001690045631232043,0.0002664309080497898,8.476434787498454e-07
"Wang, He",0.0009295250971776238,0.00024085185498183047,0.00016252313876301375
"Guan, Nana",0.00042251140780801076,0.0,9.666135097986326e-06
"Feng, Zihan",0.00042251140780801076,0.0,9.666135097986326e-06
"Xiang, Wenjie",0.00042251140780801076,0.0,9.666135097986326e-06
"Zhao, Huanxin",0.00042251140780801076,0.0,9.666135097986326e-06
"Zhang, Xuejun",0.00042251140780801076,0.0,9.666135097986326e-06
"Yu, Limin",0.0006760182524928173,0.0,0.07196295069010801
"Mo, Zhao",0.0019435524759168496,2.834866352148529e-05,0.16772487349795384
"Zhu, Xianglin",0.0006760182524928173,0.0,0.07196295069010801
"Deng, Jiujun",0.0021970593206016562,0.000941243619846645,0.16590309897817898
"Xu, Fan",0.0006760182524928173,0.0,0.07196295069010801
"She, Yuanbin",0.001605543349670441,1.465813702778124e-05,0.1401728164959771
"Li, Xuan",0.002281561602163258,0.0006045980555403355,5.2481334816013294e-05
"Anwer, Shoaib",0.0007605205340544194,0.0003689862244346938,7.843830850911665e-06
"Guan, Qiangshun",0.00042251140780801076,0.0,3.4811913380108597e-06
"Anjum, Dalaver H.",0.00042251140780801076,0.0,3.4811913380108597e-06
"Palmisano, Giovanni",0.001014027378739226,0.00033719259697456266,3.5642879169896345e-06
"Zheng, Lianxi",0.00042251140780801076,0.0,3.4811913380108597e-06
"Feng, Fang",0.0005915159709312151,0.0,3.3770460151430804e-05
"Hua, Hongfeng",0.0005915159709312151,0.0,3.3770460151430804e-05
"Li, Lutao",0.0005915159709312151,0.0,3.3770460151430804e-05
"Xu, Rongxi",0.0005915159709312151,0.0,3.3770460151430804e-05
"Tang, Jiayu",0.0005915159709312151,0.0,3.3770460151430804e-05
"Dong, Dejiang",0.0005915159709312151,0.0,3.3770460151430804e-05
"Zhang, Jian",0.003211086699340882,0.002721983103723391,0.00047713161448825666
"Li, Xing'ao",0.0005915159709312151,0.0,3.3770460151430804e-05
"Kalidasan, Kavya",0.0001690045631232043,0.0,1.92059692882817e-40
"Mallapur, Srinivas",0.0001690045631232043,0.0,1.92059692882817e-40
"Kumar, S. Girish",0.0003380091262464086,0.0,2.9991135364836297e-40
"Xiang, Dingzhou",0.00042251140780801076,0.0,6.38275120410174e-05
"Hao, Xuqiang",0.001014027378739226,6.0022742476413056e-05,0.0002853752460656841
"Guo, Xin",0.0019435524759168496,0.002058249037044245,0.00033918329244197657
"Wang, Guorong",0.0006760182524928173,1.2002883284981121e-05,0.000279076093743839
"Yang, Kaicheng",0.000507013689369613,0.0,6.476260609706243e-05
"Jin, Zhiliang",0.0025350684468480648,0.0017212121408634665,0.0003590107182282552
"Song, Ning",0.0008450228156160215,0.0,0.00011450482994602243
"Li, Jiaming",0.0013520365049856345,0.0002268243622183162,0.00013143413807317487
"Li, Chunmei",0.0018590501943552475,0.0020898498376860594,0.0012907005001113207
"Zhou, Pengjie",0.0008450228156160215,0.0,0.00011450482994602243
"Jiang, Enhui",0.0008450228156160215,0.0,0.00011450482994602243
"Zhang, Xiaoxu",0.0010985296603008281,5.251721940684618e-05,0.00011633911045774476
"Liv, Chunbo",0.0008450228156160215,0.0,0.00011450482994602243
"Wu, Zhichen",0.0008450228156160215,0.0,0.00011450482994602243
"Zheng, Hang",0.0008450228156160215,0.0,0.00011450482994602243
"Che, Guangbo",0.0018590501943552475,0.0007008924400612706,0.0001347075199560216
"Dong, Hongjun",0.001605543349670441,0.0003188182558005683,0.00013326841858489718
"Asikainen, Kati",0.0002535068446848065,0.0,6.570990368930812e-38
"Alatalo, Matti",0.0002535068446848065,0.0,6.570990368930812e-38
"Huttula, Marko",0.0002535068446848065,0.0,6.570990368930812e-38
"Devi, Assa Aravindh Sasikala",0.0002535068446848065,0.0,6.570990368930812e-38
"Ali, Irfan",0.0003380091262464086,0.0,3.683167485230363e-33
"Yousaf, Muhammad",0.0003380091262464086,0.0,3.683167485230363e-33
"Sajid, Imran Haider",0.0003380091262464086,0.0,3.683167485230363e-33
"Hakim, M. Waqas",0.0003380091262464086,0.0,3.683167485230363e-33
"Rizwan, Syed",0.0003380091262464086,0.0,3.683167485230363e-33
"Xu, Huajun",0.0007605205340544194,0.0,6.040122126165626e-20
"Liang, Shuo",0.0007605205340544194,0.0,6.040122126165626e-20
"Ma, Guanyu",0.0007605205340544194,0.0,6.040122126165626e-20
"Jin, Yaxuan",0.0005915159709312151,0.0,4.97026945406366e-20
"Lei, Qi",0.0007605205340544194,0.0,6.040122126165626e-20
"Yang, Mingyu",0.0005915159709312151,0.0,4.97026945406366e-20
"Luo, Dong",0.0007605205340544194,0.0,6.040122126165626e-20
"Gao, Yu",0.0007605205340544194,0.0,6.040122126165626e-20
"Meng, Lingjun",0.0008450228156160215,0.0,0.00014319791922056446
"Luo, Jun",0.002281561602163258,0.007866200418215757,0.00046371653462476414
"Zhang, Mian",0.0008450228156160215,0.0,0.00014319791922056446
"Wang, Zunyao",0.0008450228156160215,0.0,0.00014319791922056446
"Yang, Shaogui",0.0008450228156160215,0.0,0.00014319791922056446
"He, Huan",0.0008450228156160215,0.0,0.00014319791922056446
"Wang, Shaobin",0.004225114078080108,0.01310440163468092,0.00046571139424562676
"Yi, Di",0.0011830319418624302,0.0,1.410920487892454e-09
"Tang, Aihua",0.0011830319418624302,0.0,1.410920487892454e-09
"Kane, Margaret M.",0.0011830319418624302,0.0,1.410920487892454e-09
"Xu, Liubin",0.0011830319418624302,0.0,1.410920487892454e-09
"Liu, Jingchun",0.0011830319418624302,0.0,1.410920487892454e-09
"Cheng, Zhiying",0.0011830319418624302,0.0,1.410920487892454e-09
"Klewe, Christoph",0.0011830319418624302,0.0,1.410920487892454e-09
"N'Diaye, Alpha T.",0.0011830319418624302,0.0,1.410920487892454e-09
"Shafer, Padraic",0.0011830319418624302,0.0,1.410920487892454e-09
"Yu, Pu",0.0011830319418624302,0.0,1.410920487892454e-09
"Yu, Rong",0.0011830319418624302,0.0,1.410920487892454e-09
"Xu, Haixuan",0.0015210410681088388,0.0,1.4453632472041451e-09
"Lin, Yuanhua",0.0018590501943552475,0.0,1.5308448030982051e-09
"Nan, Cewen",0.0011830319418624302,0.0,1.410920487892454e-09
"Suzuki, Yuri",0.0011830319418624302,0.0,1.410920487892454e-09
"Fan, Yingcai",0.0002535068446848065,0.0,4.362588980527788e-05
"Qi, Siyun",0.0002535068446848065,0.0,4.362588980527788e-05
"Li, Weifeng",0.0002535068446848065,0.0,4.362588980527788e-05
"Zhao, Mingwen",0.0009295250971776238,0.00014451111298909827,0.0008217159649487948
"Chen, Junli",0.00042251140780801076,0.0,2.793203157953156e-29
"Yang, Ziqi",0.00042251140780801076,0.0,2.793203157953156e-29
"Xie, Shiyu",0.00042251140780801076,0.0,2.793203157953156e-29
"Gong, Feilong",0.00042251140780801076,0.0,2.793203157953156e-29
"Xie, Kefeng",0.00042251140780801076,0.0,2.793203157953156e-29
"Zhang, Yong-Hui",0.00042251140780801076,0.0,2.793203157953156e-29
"Zhao, Jiangting",0.0005915159709312151,0.0,0.00012782445791479765
"Xiong, Zhuo",0.0005915159709312151,0.0,0.00012782445791479765
"Zhao, Yongchun",0.0011830319418624302,2.6843814513889726e-05,0.0009392063755061529
"Wang, Junyi",0.000507013689369613,0.0,0.0001227416351571555
"Qiu, Yaqin",0.000507013689369613,0.0,0.0001227416351571555
"Liu, Pengfei",0.000507013689369613,0.0,0.0001227416351571555
"Wang, Junmei",0.0005915159709312151,0.0,5.440494307825268e-06
"Wang, Zhijian",0.0005915159709312151,0.0,5.440494307825268e-06
"Qu, Peng",0.0005915159709312151,0.0,5.440494307825268e-06
"Xu, Qinchao",0.0005915159709312151,0.0,5.440494307825268e-06
"Zheng, Jianfeng",0.0005915159709312151,0.0,5.440494307825268e-06
"Jia, Suping",0.0005915159709312151,0.0,5.440494307825268e-06
"Chen, Jiazang",0.001014027378739226,0.0002997083734431775,5.266895258085227e-05
"Zhu, Zhenping",0.0007605205340544194,0.0002534305463328088,2.919046592917326e-05
"Xiong, Xiaoshan",0.0010985296603008281,8.903175366592076e-07,0.007639888080081506
"Zhang, Jun",0.0035490958255872907,0.006445804226983773,0.038946618814988024
"Chen, Chao",0.0025350684468480648,0.007406211371703409,0.009719519266037074
"Yang, Shuai",0.0007605205340544194,0.0,0.005826774640483702
"Lin, Jiacen",0.0007605205340544194,0.0,0.005826774640483702
"Xi, Junhua",0.0024505661652864624,0.000652357708646432,0.013536557276725088
"Kong, Zhe",0.003380091262464086,0.0015768347715843067,0.01905839838976672
"Zhang, Yakun",0.0006760182524928173,0.0,1.3018482483815603e-11
"Liu, Haijin",0.002028054757478452,0.0,4.556285580334627e-11
"Peng, Jianbiao",0.0006760182524928173,0.0,1.3018482483815603e-11
"Guo, Jiao",0.0006760182524928173,0.0,1.3018482483815603e-11
"Wang, Bingjie",0.0006760182524928173,0.0,1.3018482483815603e-11
"Ding, Li",0.0006760182524928173,0.0,1.3018482483815603e-11
"Cao, Xin",0.0006760182524928173,0.0,1.3018482483815603e-11
"Chang, Yu",0.0006760182524928173,0.0,1.3018482483815603e-11
"Liu, Guoguang",0.002028054757478452,0.0,4.556285580334627e-11
"Rezaei, Mohammad Mahdi",0.0002535068446848065,0.0,2.8713824742433442e-36
"Seyed Dorraji, Mir Saeed",0.0002535068446848065,0.0,2.8713824742433442e-36
"Hosseini, Seyyedeh Fatemeh",0.0003380091262464086,0.0,3.3356911594683783e-36
"Rasoulifard, Mohammad Hossein",0.0003380091262464086,0.0,3.3356911594683783e-36
"Lin, Nansong",0.0003380091262464086,0.0,6.875261444556139e-05
"Lin, Yuan",0.0003380091262464086,0.0,6.875261444556139e-05
"Qian, Xinjia",0.0003380091262464086,0.0,6.875261444556139e-05
"Su, Wenyue",0.0006760182524928173,0.0003183852577373501,0.0001338397575488925
"Zhang, Tianxiang",0.0006760182524928173,0.0,1.2316526348895894e-05
"Zhang, Tao",0.0025350684468480648,0.0017954895414438521,0.0001689806371816655
"Fu, Hanping",0.0006760182524928173,0.0,1.2316526348895894e-05
"Feng, Li",0.0006760182524928173,0.0,1.2316526348895894e-05
"Zhang, Qing",0.0006760182524928173,0.0,1.2316526348895894e-05
"Ren, Shufen",0.0006760182524928173,0.0,1.2316526348895894e-05
"Cheng, Jiayun",0.0006760182524928173,0.0,1.2316526348895894e-05
"Liang, Qingshuang",0.0006760182524928173,0.0,1.2316526348895894e-05
"Xiao, Xiufeng",0.0006760182524928173,0.0,1.2316526348895894e-05
"Tang, Tianhang",0.0007605205340544194,0.0,1.987171558734849e-17
"You, Ling",0.0007605205340544194,0.0,1.987171558734849e-17
"Liang, Pankun",0.0007605205340544194,0.0,1.987171558734849e-17
"Feng, Wei",0.0007605205340544194,0.0,1.987171558734849e-17
"Liu, Qizhen",0.0007605205340544194,0.0,1.987171558734849e-17
"Li, Fangqin",0.0007605205340544194,0.0,1.987171558734849e-17
"Zhu, Wu",0.0007605205340544194,0.0,1.987171558734849e-17
"Wang, Daolei",0.0007605205340544194,0.0,1.987171558734849e-17
"Wu, Jiang",0.0007605205340544194,0.0,1.987171558734849e-17
"Yao, Jiacheng",0.0007605205340544194,0.0,6.134119144097856e-05
"Yin, Hongfei",0.0019435524759168496,0.003632319638743601,0.0007001819311377541
"Luo, Yuting",0.0003380091262464086,0.0,4.7734779146898266e-05
"Liu, Xiaoheng",0.0014365387865472366,0.0006262148229527593,6.3037894158797e-05
"Wei, Zihan",0.000507013689369613,0.0,5.128471892664815e-08
"Verpoort, Francis",0.0006760182524928173,6.422716132848813e-05,2.870812949677058e-07
"Mallick, Sagar",0.000507013689369613,0.0,5.327153564675236e-26
"Jena, Manasi",0.000507013689369613,0.0,5.327153564675236e-26
"Das, Biswanath",0.000507013689369613,0.0,5.327153564675236e-26
"Mohanty, Bibhunanda",0.000507013689369613,0.0,5.327153564675236e-26
"Patel, Brijesh Kumar",0.000507013689369613,0.0,5.327153564675236e-26
"Das, Dipti Prakasini",0.000507013689369613,0.0,5.327153564675236e-26
"Rath, Ashutosh",0.000507013689369613,0.0,5.327153564675236e-26
"Ni, Jiaxin",0.0006760182524928173,0.0,0.00015540251898480865
"Wang, Wei",0.008027716748352206,0.024598335655371024,0.0018790826174603361
"Liu, Dongmei",0.0006760182524928173,0.0,0.00015540251898480865
"Zhu, Qi",0.0014365387865472366,0.0021839263024252984,0.0002298877610118933
"Jia, Jialin",0.0006760182524928173,0.0,0.00015540251898480865
"Tian, Jiayu",0.0006760182524928173,0.0,0.00015540251898480865
"Li, Zheyu",0.0006760182524928173,0.0,0.00015540251898480865
"Wang, Xin",0.004225114078080108,0.009490191719179617,0.0002467403563674701
"Xing, Zipeng",0.0018590501943552475,0.0041140990644503005,0.0002518746157704987
"Wu, Kechen",0.000507013689369613,0.0,4.551882144896172e-07
"Liu, Teng",0.000507013689369613,0.0,4.551882144896172e-07
"Chen, Yanmei",0.000507013689369613,0.0,4.551882144896172e-07
"Zhang, Jing",0.004478620922764914,0.005729146951986199,0.0008182369215077585
"Zhang, Kewei",0.0018590501943552475,0.0022318223321261678,0.00048557950015792265
"Liu, Shuang",0.0015210410681088388,0.0026730610267371095,0.0002518999407928751
"Liang, Xiao",0.0003380091262464086,0.0,7.89594927801436e-05
"Zhang, Mingzhe",0.0007605205340544194,0.00024085185498183047,8.006493122264522e-05
"Wang, Juan",0.0008450228156160215,0.00024085185498183047,0.0003658482519333385
"Wang, Guohong",0.0007605205340544194,0.00010929336596598339,0.00036897862996443343
"Wang, Xiao",0.002281561602163258,0.004711008321919737,0.0016916151785660398
"Wu, Yao",0.0014365387865472366,0.0015130654844044062,0.0025099052183528586
"Su, Yaorong",0.0007605205340544194,0.00010929336596598339,0.00036897862996443343
"Tang, Hua",0.0025350684468480648,0.0026689327473365613,0.00256872392524012
"Li, Jiamin",0.00042251140780801076,0.0,2.9864977422316006e-07
"Li, Xiaoli",0.00042251140780801076,0.0,2.9864977422316006e-07
"Wu, Guang",0.0008450228156160215,0.00038536296797092877,4.853679373416513e-06
"Guo, Jiaqing",0.00042251140780801076,0.0,2.9864977422316006e-07
"Yin, Xiaohong",0.0006760182524928173,0.00014451111298909827,3.009912057556118e-07
"Mu, Manman",0.00042251140780801076,0.0,2.9864977422316006e-07
"Zhang, Duoping",0.001014027378739226,0.00022256181998790855,3.0128837320966815e-06
"Ma, Chenghai",0.001014027378739226,0.005863464051736736,4.528300898263048e-05
"Luo, Zhiang",0.000507013689369613,0.0,2.9018705910892407e-06
"Zhu, Meitong",0.001014027378739226,0.00022033620178802947,3.0128837320966815e-06
"Li, Binhao",0.000507013689369613,0.0,2.9018705910892407e-06
"Zhou, Lian",0.000507013689369613,0.0,2.9018705910892407e-06
"Zhang, Guoyu",0.000507013689369613,0.0,2.9018705910892407e-06
"Song, Lingling",0.00042251140780801076,0.0,8.035415187116401e-05
"Su, Chen",0.0010985296603008281,0.00038536296797092877,8.256206297725267e-05
"Wang, Yixian",0.00042251140780801076,0.0,8.035415187116401e-05
"Chen, Dongdong",0.001014027378739226,0.0006406583670624006,8.322684555288733e-05
"Yang, Yu",0.002281561602163258,0.004905727508481911,0.0013426414330345857
"Zheng, Xiaohong",0.00042251140780801076,0.0,8.035415187116401e-05
"Chen, Fei-Fei",0.000507013689369613,0.0,1.0426800742726135e-05
"Zhou, Linghao",0.000507013689369613,0.0,1.0426800742726135e-05
"Peng, Chao",0.001605543349670441,0.0007757439751496294,0.00015743476608316782
"Zhang, Dantong",0.000507013689369613,0.0,1.0426800742726135e-05
"Li, Lingyun",0.000507013689369613,0.0,1.0426800742726135e-05
"Xue, Dongfeng",0.000507013689369613,0.0,1.0426800742726135e-05
"Yu, Yan",0.0029575798546560756,0.0012310415887867663,1.556414127293921e-05
"Zhang, Xianke",0.0008450228156160215,0.0,0.011791196672142764
"Li, Li",0.0068446848064897745,0.015093189931581341,0.13908236142183922
"Zeng, Yuqiang",0.0008450228156160215,0.0,0.011791196672142764
"Liu, Feng",0.0018590501943552475,0.001037897208753182,0.012264630868786592
"Yuan, Jujun",0.0008450228156160215,0.0,0.011791196672142764
"Li, Xiaokang",0.0008450228156160215,0.0,0.011791196672142764
"Yu, Yi",0.0008450228156160215,0.0,0.011791196672142764
"Zhu, Xiurong",0.0008450228156160215,0.0,0.011791196672142764
"Xiong, Zuzhou",0.0008450228156160215,0.0,0.011791196672142764
"Yu, Huajun",0.0008450228156160215,0.0,0.011791196672142764
"Xie, Yingmao",0.0008450228156160215,0.0,0.011791196672142764
"Jian, Linhan",0.0009295250971776238,0.0,5.211772236665102e-06
"Li, Ming",0.002028054757478452,0.0012676615967003957,2.1679657629863163e-05
"Liu, Xinghui",0.0019435524759168496,0.0008092622327389496,5.670729339965039e-06
"Wang, Guowen",0.0012675342234240324,3.853629679709285e-05,5.50972176900218e-06
"Zhang, Xinxin",0.0012675342234240324,0.0008624452305199262,3.779873392087555e-05
"Kim, Min Gyu",0.0005915159709312151,0.0,4.258971766343705e-06
"Fu, Yinghuan",0.0012675342234240324,3.853629679709285e-05,5.50972176900218e-06
"Ma, Hongchao",0.0012675342234240324,3.853629679709285e-05,5.50972176900218e-06
"Lee, Joon Yeob",8.450228156160216e-05,0.0,1.1723924093205635e-06
"Jo, Wan-Kuen",0.0010985296603008281,0.000529874080960027,2.436826651268929e-05
"Wang, Ling",0.0002535068446848065,0.0,6.570990368930812e-38
"Xu, Keyi",0.0002535068446848065,0.0,6.570990368930812e-38
"Tang, Hongwang",0.0002535068446848065,0.0,6.570990368930812e-38
"Zhu, Lianwen",0.0002535068446848065,0.0,6.570990368930812e-38
"Sun, Huanhuan",0.0002535068446848065,0.0,6.570990368930812e-38
"Hua, Wei",0.0002535068446848065,0.0,6.570990368930812e-38
"Li, Yueying",0.0002535068446848065,0.0,6.570990368930812e-38
"Wang, Jian-Gan",0.0002535068446848065,0.0,6.570990368930812e-38
"Ma, Xiaodong",0.0005915159709312151,2.4611392651695913e-06,4.746223283809807e-05
"Xiao, Peng",0.001690045631232043,0.0015453102443222604,0.00011609923530203548
"Jin, Yu",0.000507013689369613,0.0,4.562793918946305e-05
"Ganie, Adil Shafi",0.0006760182524928173,0.0,5.883009692959918e-15
"Hussain, Shahid",0.0012675342234240324,1.971886532014986e-06,9.85814676913985e-15
"Liaqat, Muhammad Javed",0.0006760182524928173,0.0,5.883009692959918e-15
"Manavalan, Rajesh Kumar",0.0014365387865472366,2.0282261472154146e-05,8.291082582542776e-15
"Bayz, Dyana Aziz",0.0006760182524928173,0.0,5.883009692959918e-15
"Alothman, Asma A.",0.0013520365049856345,6.760753824051382e-06,7.178793167224084e-15
"Mohammad, Saikh",0.0006760182524928173,0.0,5.883009692959918e-15
"Qiao, Guanjun",0.0013520365049856345,2.394433646018198e-06,1.0181484277152304e-14
"Liu, Guiwu",0.0013520365049856345,2.394433646018198e-06,1.0181484277152304e-14
"Han, Ni",0.0002535068446848065,0.0,7.8138583558488e-06
"Xu, Qixiang",0.0002535068446848065,0.0,7.8138583558488e-06
"Beyene, Gashaw",0.0002535068446848065,0.0,7.8138583558488e-06
"Zhang, Qinfang",0.0012675342234240324,0.0007989780377251213,0.00014673067066045482
"Ghosh, Utpal",0.0001690045631232043,0.0,4.961725533464465e-44
"Pal, Anjali",0.0001690045631232043,0.0,4.961725533464465e-44
"Zhou, Yajun",0.001014027378739226,0.000665914409883803,3.1432947656160975e-05
"Yu, Luodan",0.000507013689369613,0.0,3.055845543556663e-05
"Dong, Caihong",0.000507013689369613,0.0,3.055845543556663e-05
"Liu, Junping",0.000507013689369613,0.0,3.055845543556663e-05
"Yang, Bin",0.0010985296603008281,0.0003509228222982511,0.0003679670826641894
"Chen, Yu",0.0023660638837248605,0.0013011787275272184,0.00014504157436887852
"Hu, Zhongqian",0.000507013689369613,0.0,3.055845543556663e-05
"Bai, Yang",0.0019435524759168496,0.0031527179803784123,6.215752738610658e-05
"Gu, Deng",0.000507013689369613,0.0,4.911235734352533e-06
"Chen, Zhongxiang",0.000507013689369613,0.0,4.911235734352533e-06
"He, Jianing",0.000507013689369613,0.0,4.911235734352533e-06
"Wu, Lingfeng",0.000507013689369613,0.0,4.911235734352533e-06
"Li, Daoxiong",0.000507013689369613,0.0,4.911235734352533e-06
"Shi, Xian",0.0009295250971776238,5.11664886344869e-05,2.0181987751464502e-05
"Huang, Yi",0.0005915159709312151,5.859183506833634e-05,1.919229760879817e-05
"Liu, Yang",0.003295588980902484,0.007327749284754288,0.0003277311255947519
"Zhu, Dongyang",0.0003380091262464086,0.0,1.885951892712826e-05
"Xin, Yani",0.0003380091262464086,0.0,1.885951892712826e-05
"Zhang, Bin",0.0019435524759168496,0.000592373903098104,2.61434512580043e-05
"Li, Tao",0.0035490958255872907,0.004035648241975394,1.3927826196389532e-05
"Cui, Jiandong",0.0005915159709312151,0.0,4.406244307975382e-06
"Lin, Yezhan",0.0005915159709312151,0.0,4.406244307975382e-06
"Liu, Kecheng",0.0005915159709312151,0.0,4.406244307975382e-06
"Li, Rui",0.0005915159709312151,0.0,4.406244307975382e-06
"Wang, Bo",0.003211086699340882,0.006170506751670667,3.7503826335962116e-05
"Xie, Haiquan",0.0010985296603008281,0.00274752943512005,2.2429208268602747e-05
"Li, Kui",0.0005915159709312151,0.0,4.406244307975382e-06
"Dong, Ji-Jun",0.0008450228156160215,0.0,1.0639743965159859e-05
"Ma, Chao",0.001690045631232043,0.0009888121183710664,7.287435517045341e-05
"Zhang, Qiang",0.0017745479127936454,0.000581674345073314,1.1232558060552991e-05
"Bai, Wen-Long",0.0008450228156160215,0.0,1.0639743965159859e-05
"Cai, Zhi-Peng",0.0008450228156160215,0.0,1.0639743965159859e-05
"Li, Se-Si",0.0008450228156160215,0.0,1.0639743965159859e-05
"Wu, Xue-Yan",0.0008450228156160215,0.0,1.0639743965159859e-05
"Wei, Xiao",0.0008450228156160215,0.0,1.0639743965159859e-05
"Wang, Kai-Xue",0.0008450228156160215,0.0,1.0639743965159859e-05
"Chen, Jie-Sheng",0.0008450228156160215,0.0,1.0639743965159859e-05
"Yang, Qian",0.0005915159709312151,6.310036902447957e-05,1.8738500850451454e-05
"Guo, Enyan",0.0005915159709312151,6.37377464893733e-05,1.8738500850451454e-05
"Liu, Hao",0.0013520365049856345,0.006970300152780685,0.00033902545683277095
"Lu, Qifang",0.0005915159709312151,6.310036902447957e-05,1.8738500850451454e-05
"Kumar, Ritesh",0.0001690045631232043,0.0,4.961725533464465e-44
"Das, Deya",0.0001690045631232043,0.0,4.961725533464465e-44
"Singh, Abhishek Kumar",0.0001690045631232043,0.0,4.961725533464465e-44
"Xue, Junying",0.0006760182524928173,0.0,0.00013164282602603757
"Xu, Hongbo",0.0006760182524928173,0.0,0.00013164282602603757
"Wang, Shen",0.0014365387865472366,0.0005313672319455322,0.000599288753131679
"Hao, Tingting",0.0006760182524928173,0.0,0.00013164282602603754
"Zhang, Xiang",0.0006760182524928173,0.0,0.00013164282602603754
"Song, Ying",0.0006760182524928173,0.0,0.00013164282602603754
"Li, Yao",0.0013520365049856345,0.00038536296797092877,0.00013525613670620353
"Zhao, Jiupeng",0.0006760182524928173,0.0,0.00013164282602603754
"Teo, Wei Liang",0.0003380091262464086,0.0,4.4559993903641434e-05
"Zhao, Yanli",0.0003380091262464086,0.0,4.4559993903641434e-05
"Shi, Yanying",0.0005915159709312151,0.0,0.0226732678467739
"Zhang, Mingcong",0.0005915159709312151,0.0,0.0226732678467739
"Li, Yanmin",0.0005915159709312151,0.0,0.0226732678467739
"Liu, Guijing",0.0005915159709312151,0.0,0.0226732678467739
"Jin, Rencheng",0.0005915159709312151,0.0,0.0226732678467739
"Wang, Qingyao",0.0010985296603008281,0.00042516478065531655,0.023528858501821504
"Gao, Shanmin",0.001605543349670441,0.002124816940485692,0.023952020815846135
"Liu, Lishuo",0.0005915159709312151,0.0,0.00011894049458108551
"Huang, Jinhui",0.0005915159709312151,0.0,0.00011894049458108551
"Yu, Hanbo",0.0005915159709312151,0.0,0.00011894049458108551
"Wan, Jia",0.0005915159709312151,0.0,0.00011894049458108551
"Liu, Lianyu",0.0005915159709312151,0.0,0.00011894049458108551
"Yi, Kaixin",0.0005915159709312151,0.0,0.00011894049458108551
"Zhang, Wei",0.004225114078080108,0.01606861948540822,0.0017629605654966474
"Zhang, Chenyu",0.0005915159709312151,0.0,0.00011894049458108551
"She, Houde",0.0005915159709312151,0.0,0.0012508231089902253
"Zhou, Hua",0.0005915159709312151,0.0,0.0012508231089902253
"Li, Liangshan",0.0005915159709312151,0.0,0.0012508231089902253
"Zhao, Ziwei",0.0021970593206016562,0.0034872956068768466,0.00184165970728115
"Jiang, Man",0.0005915159709312151,0.0,0.0012508231089902253
"Huang, Jingwei",0.0005915159709312151,0.0,0.0012508231089902253
"Wang, Lei",0.00980226466114585,0.06231433534482827,0.017336355398333076
"Wang, Qizhao",0.0018590501943552475,0.00534896021409087,0.0017939946680448611
"Chen, Lei",0.002281561602163258,0.007711995240684862,0.002533359029174109
"Sun, Yanping",0.000507013689369613,0.0,0.00016030723123786013
"Yu, Jie",0.000507013689369613,0.0,0.00016030723123786013
"Zhao, Yue",0.000507013689369613,0.0,0.00016030723123786013
"Zhan, Xiaohui",0.000507013689369613,0.0,0.00016030723123786013
"Shi, Huixiang",0.000507013689369613,0.0,0.00016030723123786013
"Pei, Zhenzhao",8.450228156160216e-05,0.0,1.1672423683483423e-52
"Guo, Hongyan",8.450228156160216e-05,0.0,1.1672423683483423e-52
"Chen, Keda",0.0005915159709312151,0.0,3.537060214173998e-21
"Ran, Bei",0.0005915159709312151,0.0,3.537060214173998e-21
"Xu, Yifan",0.0005915159709312151,0.0,3.537060214173998e-21
"Tang, Qinglan",0.0005915159709312151,0.0,3.537060214173998e-21
"Ran, Lei",0.0005915159709312151,0.0,3.537060214173998e-21
"Yu, Yaoyang",0.0005915159709312151,0.0,3.537060214173998e-21
"Zhang, Yizhen",0.0011830319418624302,0.0,6.351964232468906e-21
"Leung, Michael K. H.",0.0005915159709312151,0.0,3.537060214173998e-21
"Gerling, Luis G.",0.0002535068446848065,0.0,6.570990368930812e-38
"Voz, Cristobal",0.0002535068446848065,0.0,6.570990368930812e-38
"Alcubilla, Ramon",0.0002535068446848065,0.0,6.570990368930812e-38
"Puigdollers, Joaquim",0.0002535068446848065,0.0,6.570990368930812e-38
"Zhang, Shanshan",0.0006760182524928173,0.0,2.1838233183727864e-05
"Xing, Zheng",0.0006760182524928173,0.0,2.1838233183727864e-05
"Ma, Ming",0.0006760182524928173,0.0,2.1838233183727864e-05
"Liu, Zhenghao",0.0006760182524928173,0.0,2.1838233183727864e-05
"Tang, Wei",0.0011830319418624302,0.001059748161920054,0.0002955714898063012
"Kim, Sungsoon",0.0018590501943552475,0.00033719259697456266,2.4916172892972705e-05
"Wu, Rong",0.0006760182524928173,0.0,2.1838233183727864e-05
"Li, Jiangyu",0.0006760182524928173,0.0,2.1838233183727864e-05
"Park, Jong Hyeok",0.0018590501943552475,0.00033719259697456266,2.4916172892972705e-05
"Lu, Hongliang",0.0002535068446848065,0.0,0.00032886343982223873
"Wang, Dong",0.0002535068446848065,0.0,0.00032886343982223873
"Yang, Ping",0.002112557039040054,0.002175695352740589,0.0006831119829912369
"Zhang, Xiao",0.0029575798546560756,0.008196447470677635,0.005835461848171688
"Zhao, Xun",0.0006760182524928173,0.0,8.382225561890887e-06
"Mao, Lei",0.0006760182524928173,0.0,8.382225561890887e-06
"Cheng, Qihui",0.0006760182524928173,0.0,8.382225561890887e-06
"Li, Jie",0.0026195707284096667,0.0020023592940461798,0.00011591907182235836
"Liao, Fangfang",0.0006760182524928173,0.0,8.382225561890887e-06
"Yang, Guiyuan",0.0006760182524928173,0.0,8.382225561890887e-06
"Xie, Li",0.0006760182524928173,0.0,8.382225561890887e-06
"Zhao, Chenglan",0.0006760182524928173,0.0,8.382225561890887e-06
"Chen, Lingyun",0.0006760182524928173,0.0,8.382225561890887e-06
"Sun, Linqiang",0.0007605205340544194,0.0,3.227552679143996e-05
"Zhao, Zhicheng",0.0007605205340544194,0.0,3.227552679143996e-05
"Li, Shun",0.0007605205340544194,0.0,3.227552679143996e-05
"Su, Yiping",0.0007605205340544194,0.0,3.227552679143996e-05
"Huang, Liang",0.0015210410681088388,4.431010129057962e-05,4.0736959711769816e-05
"Shao, Ningning",0.0007605205340544194,0.0,3.227552679143996e-05
"Bu, Yibin",0.0007605205340544194,0.0,3.227552679143996e-05
"Zhang, Haijun",0.0028730775730944733,0.005053894028065508,0.00021951966222969022
"Zhang, Zuotai",0.0007605205340544194,0.0,3.227552679143996e-05
"Zhang, Shumin",0.0003380091262464086,0.0,2.1320551086804766e-07
"Xu, Difa",0.0003380091262464086,0.0,2.1320551086804766e-07
"Chen, Xiaohua",0.0003380091262464086,0.0,2.1320551086804766e-07
"Zhang, Shiying",0.0005915159709312151,0.00019268148398546438,3.799769157844099e-06
"An, Changsheng",0.0003380091262464086,0.0,2.1320551086804763e-07
"Liu, Huiqiao",0.0007605205340544194,0.0,2.073438964253325e-18
"Cao, Kangzhe",0.0007605205340544194,0.0,2.073438964253325e-18
"Li, Wangyang",0.0007605205340544194,0.0,2.073438964253325e-18
"Han, Qingqing",0.0007605205340544194,0.0,2.073438964253325e-18
"Zheng, Runtian",0.0007605205340544194,0.0,2.073438964253325e-18
"Shu, Jie",0.0007605205340544194,0.0,2.073438964253325e-18
"Zhang, Zhang",0.0007605205340544194,0.0,2.073438964253325e-18
"Huang, Kejing",0.0007605205340544194,0.0,2.073438964253325e-18
"Jing, Qiangshan",0.0007605205340544194,0.0,2.073438964253325e-18
"Jiao, Lifang",0.0007605205340544194,0.0,2.073438964253325e-18
"Tahir, Beenish",0.0009295250971776238,7.491254447803261e-05,3.676878000443425e-05
"Tahir, Muhammad",0.002028054757478452,0.0012647185974633299,3.809141038855718e-05
"Nawawi, Mohd Ghazali Mohd",0.000507013689369613,0.0,3.321381346562375e-05
"Zhang, Guping",0.0008450228156160215,0.0,3.98018515280341e-07
"Li, Xunxun",0.0008450228156160215,0.0,3.98018515280341e-07
"Wang, Mengmeng",0.0008450228156160215,0.0,3.98018515280341e-07
"Li, Xueqing",0.0008450228156160215,0.0,3.98018515280341e-07
"Wang, Yaru",0.0008450228156160215,0.0,3.98018515280341e-07
"Huang, Shuting",0.0008450228156160215,0.0,3.98018515280341e-07
"Zhao, Jiangtao",0.0005915159709312151,0.0002496810071398014,6.854160971381472e-05
"Fan, Jiajie",0.002028054757478452,0.013544537798255228,6.799098474762576e-05
"Hu, Junhua",0.0003380091262464086,0.0,4.425409959363408e-05
"Liu, Yuanxu",0.0002535068446848065,0.0,6.570990368930812e-38
"Fang, Fei",0.0002535068446848065,0.0,6.570990368930812e-38
"Sun, Xiao",0.0002535068446848065,0.0,6.570990368930812e-38
"Huang, Weixin",0.0002535068446848065,0.0,6.570990368930812e-38
"David, Selvaraj",0.00042251140780801076,0.0,2.0823159334923518e-13
"Mahadik, Mahadeo A.",0.0011830319418624302,0.0,5.65874225132977e-13
"An, Gil Woo",0.00042251140780801076,0.0,2.0823159334923518e-13
"Ryu, Jungho",0.0007605205340544194,0.0,4.026598046457357e-13
"Kim, Hyun Gyu",0.0006760182524928173,1.0141130736077073e-05,2.1290511541496012e-13
"Jang, Jum Suk",0.0015210410681088388,2.3662638384179837e-05,1.1813305067334904e-12
"Jiang, Juan",0.0005915159709312151,0.0,5.229440665484864e-05
"Zhu, Yueming",0.000507013689369613,0.0,4.9989655501890505e-05
"Yao, Nan",0.0005915159709312151,0.0,5.229440665484864e-05
"Zhu, Wenlei",0.0005915159709312151,0.0,5.229440665484864e-05
"Zhang, Pengcheng",0.0003380091262464086,0.0,8.864515391827535e-06
"Cai, Bo",0.0003380091262464086,0.0,8.864515391827535e-06
"Feng, Yi",0.0003380091262464086,0.0,8.864515391827535e-06
"Pan, Hui",0.0014365387865472366,0.00019268148398546438,0.00015594170110397795
"Yao, Jianfeng",0.0003380091262464086,0.0,8.864515391827535e-06
"Parida, Vishal Kumar",0.0002535068446848065,0.0,2.276223539548926e-28
"Srivastava, Suneel Kumar",0.0005915159709312151,0.0,4.939601943715204e-28
"Chowdhury, Shamik",0.0002535068446848065,0.0,2.276223539548926e-28
"Gupta, Ashok Kumar",0.0005915159709312151,0.0,4.939601943715204e-28
"Wang, Yanhong",0.000507013689369613,0.0,5.327153564675236e-26
"Gao, Le",0.000507013689369613,0.0,5.327153564675236e-26
"Huo, Jiaqi",0.000507013689369613,0.0,5.327153564675236e-26
"Li, Yawen",0.000507013689369613,0.0,5.327153564675236e-26
"Kang, Weiwei",0.000507013689369613,0.0,5.327153564675236e-26
"Zou, Chunxiao",0.000507013689369613,0.0,5.327153564675236e-26
"Jia, Lishan",0.000507013689369613,0.0,5.327153564675236e-26
"Zhou, Liang",0.0012675342234240324,0.000622719821759534,3.3257050625432906e-05
"Li, Yunfeng",0.000507013689369613,0.0,1.186649668912136e-05
"Yang, Sijia",0.000507013689369613,0.0,1.186649668912136e-05
"Wu, Zhansheng",0.000507013689369613,0.0,1.186649668912136e-05
"Jin, Renxi",0.000507013689369613,0.0,1.186649668912136e-05
"Xing, Yan",0.000507013689369613,0.0,1.186649668912136e-05
"Lopa, Nasrin Siraj",0.0003380091262464086,0.0,2.7641639600135937e-07
"Wu, Di",0.0013520365049856345,0.001059748161920054,4.843180028979326e-06
"Wang, Huijie",0.0006760182524928173,0.0,0.0024746036083835555
"Liu, Qi",0.0017745479127936454,0.002266984229696625,0.0028118338954319162
"Xu, Mengyang",0.0006760182524928173,0.0,0.0024746036083835555
"Yan, Chenlong",0.0006760182524928173,0.0,0.0024746036083835555
"Song, Xianghai",0.0007605205340544194,0.0,0.002577112608323158
"Liu, Xin",0.004563123204326516,0.024959108381865797,0.03327913335605585
"Wang, Huiqin",0.0007605205340544194,0.0,0.002577112608323158
"Zhou, Weiqiang",0.0007605205340544194,0.0,0.002577112608323158
"Huo, Pengwei",0.002112557039040054,0.004388441308264692,0.0027566411645013854
"Yoon, Aram",0.0003380091262464086,0.0,3.683167485230363e-33
"Kim, Jung Hwa",0.0003380091262464086,0.0,3.683167485230363e-33
"Yoon, Jongchan",0.0003380091262464086,0.0,3.683167485230363e-33
"Lee, Yeongdong",0.0003380091262464086,0.0,3.683167485230363e-33
"Lee, Zonghoon",0.0003380091262464086,0.0,3.683167485230363e-33
"Archana, B.",0.0002535068446848065,0.0,6.570990368930812e-38
"Kottam, Nagaraju",0.0002535068446848065,0.0,6.570990368930812e-38
"Smrithi, S. P.",0.0002535068446848065,0.0,6.570990368930812e-38
"Sekhar, K. B. Chandra",0.0002535068446848065,0.0,6.570990368930812e-38
"Han, Xiaochi",0.0003380091262464086,0.0,2.56619358377591e-05
"Liu, Chong",0.0003380091262464086,0.0,2.56619358377591e-05
"Zhou, Xuemei",0.0003380091262464086,0.0,2.56619358377591e-05
"Liu, Jianjun",0.0001690045631232043,0.0,4.379883838098881e-05
"Shi, Jingjing",0.000507013689369613,0.0,5.327153564675236e-26
"Li, Shuangde",0.000507013689369613,0.0,5.327153564675236e-26
"Wang, Fengming",0.000507013689369613,0.0,5.327153564675236e-26
"Li, Yanmei",0.000507013689369613,0.0,5.327153564675236e-26
"Gao, Lina",0.000507013689369613,0.0,5.327153564675236e-26
"Zhang, Xiaorang",0.000507013689369613,0.0,5.327153564675236e-26
"Lu, Jun",0.000507013689369613,0.0,5.327153564675236e-26
"Cheng, Yuanhang",0.000507013689369613,0.0,1.1273546470848577e-05
"Zhou, Yang",0.000507013689369613,0.0,1.1273546470848577e-05
"Zhang, Zhenyu",0.0011830319418624302,0.0003191470988122728,0.0001568489141045845
"Xu, Zhenxu",0.000507013689369613,0.0,1.1273546470848577e-05
"Zhao, Zhibo",0.000507013689369613,0.0,1.1273546470848577e-05
"Tian, Jing",0.0010985296603008281,0.00023601443016588639,3.222603316839348e-05
"Li, Jiarun",0.000507013689369613,0.0,1.1273546470848577e-05
"Li, Xiang",0.0018590501943552475,0.0040572260988863485,0.0007975927152055097
"Li, Jing",0.004985634612134527,0.013459370690861103,0.005963682124529189
"Mao, Yue",0.0007605205340544194,0.0,0.0005942022057790719
"Nam, Ho Ngoc",0.0017745479127936454,0.005182666814066465,0.0007085933597040258
"Xiao, Dongdong",0.0013520365049856345,0.002895406346074416,0.0006075714542937761
"Yuan, Chunyu",0.0007605205340544194,0.0,0.0005942022057790719
"Phung, Quan Manh",0.0007605205340544194,0.0,0.0005942022057790719
"Zhang, Yongzheng",0.0007605205340544194,0.0,0.0005942022057790719
"Zhao, Xiaohan",0.00042251140780801076,0.0,6.441233011534353e-06
"Zhou, Yuting",0.00042251140780801076,0.0,6.441233011534353e-06
"Liang, Qian",0.00042251140780801076,0.0,6.441233011534353e-06
"Zhou, Man",0.00042251140780801076,0.0,6.441233011534353e-06
"Li, Zhongyu",0.0009295250971776238,0.0006766655719991226,6.64889342144303e-06
"Xu, Song",0.0008450228156160215,0.000874131537867015,0.00010780072071403342
"Gu, Di",0.0007605205340544194,0.0,1.8791729435467845e-05
"Tao, Xiaoma",0.0007605205340544194,0.0,1.8791729435467845e-05
"Chen, Hongmei",0.000507013689369613,0.0,1.6514007470234546e-05
"Ouyang, Yifang",0.0007605205340544194,0.0,1.8791729435467845e-05
"Zhu, Weiling",0.0018590501943552475,0.0004335333389672949,0.00025346937311350833
"Du, Yong",0.000507013689369613,0.0,1.6514007470234546e-05
"Xiao, Yu",0.0003380091262464086,0.0,1.9483841728470597e-06
"Li, Jingjing",0.0008450228156160215,7.312303694877851e-05,4.919658380173772e-06
"Zhang, Feihu",0.0003380091262464086,0.0,1.9483841728470597e-06
"Park, Keemin",0.0007605205340544194,0.0,2.073438964253325e-18
"Choi, Seunggun",0.0007605205340544194,0.0,2.073438964253325e-18
"Kwon, Jiseok",0.0007605205340544194,0.0,2.073438964253325e-18
"Kim, Jaeik",0.0007605205340544194,0.0,2.073438964253325e-18
"Jo, Seonghan",0.0007605205340544194,0.0,2.073438964253325e-18
"Lee, Kangchun",0.0007605205340544194,0.0,2.073438964253325e-18
"Park, Ho Bum",0.0007605205340544194,0.0,2.073438964253325e-18
"Han, HyukSu",0.0007605205340544194,0.0,2.073438964253325e-18
"Paik, Ungyu",0.0007605205340544194,0.0,2.073438964253325e-18
"Song, Taeseup",0.0007605205340544194,0.0,2.073438964253325e-18
"Li, Ping",0.003718100388710495,0.002806603907210682,0.0007740989828851994
"Guo, Jiangna",0.0006760182524928173,0.0,6.149557260498522e-05
"Ji, Xing",0.0006760182524928173,0.0,6.149557260498522e-05
"Xiong, Yuli",0.0006760182524928173,0.0,6.149557260498522e-05
"Lai, Qingxin",0.0006760182524928173,0.0,6.149557260498522e-05
"Yao, Shuangrui",0.0006760182524928173,0.0,6.149557260498522e-05
"Zhu, Yan",0.0006760182524928173,0.0,6.149557260498522e-05
"Zhang, Yunhuai",0.0011830319418624302,0.00011593010098655223,7.580908534669924e-05
"Kandasamy, Bhuvaneswari",0.0006760182524928173,0.0,3.9511206282338846e-17
"Thangavelu, Pazhanivel",0.0011830319418624302,6.760753824051382e-06,1.4843699892589969e-16
"Phibanchon, Sarun",0.0006760182524928173,0.0,3.9511206282338846e-17
"Chotigawin, Rotruedee",0.0006760182524928173,0.0,3.9511206282338846e-17
"Pahasup-anan, Taddao",0.0006760182524928173,0.0,3.9511206282338846e-17
"Wongcharee, Surachai",0.0006760182524928173,0.0,3.9511206282338846e-17
"Rajendran, Ranjith",0.0006760182524928173,0.0,3.9511206282338846e-17
"Rojviroon, Thammasak",0.0006760182524928173,0.0,3.9511206282338846e-17
"Suwannahong, Kowit",0.0006760182524928173,0.0,3.9511206282338846e-17
"Zhao, Xin",0.0009295250971776238,0.00024085185498183047,9.232719047685553e-07
"Wang, Wenzhong",0.0013520365049856345,0.00657229781120595,1.396704147335621e-05
"Liang, Yujie",0.0007605205340544194,1.6901884560128454e-06,1.0360672735366895e-06
"Yao, Lizhen",0.0007605205340544194,1.6901884560128454e-06,1.0360672735366895e-06
"Fu, Junli",0.0007605205340544194,1.6901884560128454e-06,1.0360672735366895e-06
"Shi, Honglong",0.000507013689369613,0.0,9.10596853520162e-07
"Tao, Chunjiang",0.000507013689369613,0.0,9.10596853520162e-07
"Tan, Biying",0.00042251140780801076,0.0,6.70950069181282e-05
"Ye, Xiaozhou",0.00042251140780801076,0.0,6.70950069181282e-05
"Li, Yongjun",0.00042251140780801076,0.0,6.70950069181282e-05
"Ma, Xiaoqi",0.00042251140780801076,0.0,6.70950069181282e-05
"Wang, Yun",0.0009295250971776238,0.00024085185498183047,0.0011258399000371282
"Ye, Jianfeng",0.00042251140780801076,0.0,6.70950069181282e-05
"Zhao, Longfei",0.0003380091262464086,0.0,3.879524347792418e-23
"Zhang, Yuan",0.0009295250971776238,0.0,1.6319485152158097e-22
"Ye, Zhupeng",0.0003380091262464086,0.0,3.879524347792418e-23
"Chen, Xin",0.0003380091262464086,0.0,3.879524347792418e-23
"Zeng, Yanwei",0.0003380091262464086,0.0,3.879524347792418e-23
"Muthukumaran, Magesh Kumar",0.0001690045631232043,0.0,4.961725533464465e-44
"Govindaraj, Muthukumar",0.0001690045631232043,0.0,4.961725533464465e-44
"Selvi, Arockia J.",0.0001690045631232043,0.0,4.961725533464465e-44
"Hou, Shuo",0.0009295250971776238,1.63281885016516e-05,6.238261497628213e-06
"Dai, Xiao-Cheng",0.0012675342234240324,0.0002671255701803015,6.9972304430005515e-06
"Yan, Tian",0.0002535068446848065,0.0,9.870498338100128e-07
"Xiao, Fang-Xing",0.0014365387865472366,0.00028745033968002827,7.266923935182866e-06
"Ma, Wanxia",0.00042251140780801076,0.0,4.003279169679638e-05
"Zhang, Rongjie",0.000507013689369613,0.0,4.814049466795407e-05
"Ma, Xinli",0.000507013689369613,0.0,4.814049466795407e-05
"An, Chunhua",0.000507013689369613,0.0,4.814049466795407e-05
"Zhang, Daihua",0.000507013689369613,0.0,4.814049466795407e-05
"Sun, Dong",0.000507013689369613,0.0,4.814049466795407e-05
"Hu, Xiaodong",0.000507013689369613,0.0,4.814049466795407e-05
"Li, Yue-Hua",0.0010985296603008281,5.857761914680536e-05,1.2247405717397483e-05
"Qi, Ming-Yu",0.000507013689369613,1.3926830334557166e-05,3.542852768829081e-05
"Tang, Zi-Rong",0.0006760182524928173,4.109656959411501e-05,3.579248453054756e-05
"Xu, Yi-Jun",0.0018590501943552475,0.0014636488060091265,4.27050106894195e-05
"Li, Yanhua",0.0005915159709312151,0.0,4.939601943715205e-28
"Cai, Congzhong",0.0005915159709312151,0.0,4.939601943715205e-28
"Gu, Yonghong",0.00042251140780801076,0.0,4.221569943909565e-28
"Cheng, Wende",0.00042251140780801076,0.0,4.221569943909565e-28
"Xiong, Wen",0.00042251140780801076,0.0,4.221569943909565e-28
"Zhao, Chengjun",0.00042251140780801076,0.0,4.221569943909565e-28
"Jiang, Yong",0.0019435524759168496,0.0008174367525026891,0.00018014934826610145
"Chen, Hong-Yan",0.000507013689369613,0.0,1.1391862548775997e-05
"Li, Jun-Yan",0.000507013689369613,0.0,1.1391862548775997e-05
"Liao, Jin-Feng",0.000507013689369613,0.0,1.1391862548775997e-05
"Zhang, Hong-Hong",0.000507013689369613,0.0,1.1391862548775997e-05
"Wang, Xu-Dong",0.000507013689369613,0.0,1.1391862548775997e-05
"Kuang, Dai-Bin",0.000507013689369613,0.0,1.1391862548775997e-05
"Moon, Hyun Sik",0.00042251140780801076,0.0,6.373083235898952e-28
"Hsiao, Kai-Chi",0.00042251140780801076,0.0,6.373083235898952e-28
"Wu, Ming-Chung",0.0007605205340544194,0.0,8.641812182197433e-28
"Yun, Yongju",0.00042251140780801076,0.0,6.373083235898953e-28
"Hsu, Yung-Jung",0.00042251140780801076,0.0,6.373083235898953e-28
"Yong, Kijung",0.000507013689369613,0.0,6.563927316708777e-28
"Gao, Jiapeng",0.0005915159709312151,0.0,8.047554661322772e-05
"Liu, Meijie",0.0005915159709312151,0.0,8.047554661322772e-05
"Wang, Yichao",0.0005915159709312151,0.0,8.047554661322772e-05
"Zhang, Na",0.001605543349670441,0.0029598762820920387,0.00012912988223185708
"Meng, Qiangqiang",0.0003380091262464086,0.0,7.258555567587793e-05
"Fan, Lele",0.0003380091262464086,0.0,7.258555567587793e-05
"Zhu, Lei",0.002112557039040054,0.0037880269573682397,0.00025890371663371493
"Xu, Ning",0.0014365387865472366,0.0025107696800957292,0.0010325040309352987
"Ke, Xiaochun",0.0006760182524928173,0.0007055322808840075,0.00023092330263251544
"Zhang, Jinfeng",0.0014365387865472366,0.0004413361819854486,0.00139338264593169
"Dai, Kai",0.0021970593206016562,0.0051027824400758605,0.0019768065836478603
"Lv, Jiali",0.0003380091262464086,0.0,0.00018267893372827566
"Liang, Changhao",0.000507013689369613,2.1159859324314662e-06,0.0001992155438007479
"Lee, Jin-Hyoek",0.0002535068446848065,0.0,6.570990368930812e-38
"Jeong, Sang-Yun",0.0002535068446848065,0.0,6.570990368930812e-38
"Son, Young-Don",0.0002535068446848065,0.0,6.570990368930812e-38
"Lee, Sang-Wha",0.0002535068446848065,0.0,6.570990368930812e-38
"Seo, Dong-Bum",0.0013520365049856345,0.0,4.275809429972801e-19
"Yoo, Soomin",0.0003380091262464086,0.0,1.6691035965780365e-19
"Dongquoc, Viet",0.0005915159709312151,0.0,2.237972561293625e-19
"Trung, Tran Nam",0.0010985296603008281,0.0,3.5239269834278636e-19
"Kim, Eui-Tae",0.0013520365049856345,0.0,4.275809429972801e-19
"Wang, Debao",0.0013520365049856345,0.0004925091696650867,0.00022418281753189482
"Yuan, Jinzhong",0.00042251140780801076,0.0,0.0001565907076540233
"Zhou, Ying",0.0017745479127936454,0.004136305479302097,0.0001806261470007412
"Li, Honghao",0.0006760182524928173,3.295110478411416e-05,0.00016058278887242682
"Song, Caixia",0.0006760182524928173,3.295110478411416e-05,0.00016058278887242682
"Liu, Chun",0.000507013689369613,0.0,5.327153564675236e-26
"Mao, Shuai",0.000507013689369613,0.0,5.327153564675236e-26
"Wang, Hualai",0.000507013689369613,0.0,5.327153564675236e-26
"Wu, Yi",0.000507013689369613,0.0,5.327153564675236e-26
"Wang, Fengyun",0.000507013689369613,0.0,5.327153564675236e-26
"Xia, Mingzhu",0.000507013689369613,0.0,5.327153564675236e-26
"Chen, Qun",0.000507013689369613,0.0,5.327153564675236e-26
"Hao, Song",0.0005915159709312151,0.0,6.28322591067393e-23
"Ji, Xinglong",0.0005915159709312151,0.0,6.28322591067393e-23
"Liu, Faqiang",0.0005915159709312151,0.0,6.28322591067393e-23
"Zhong, Shuai",0.0005915159709312151,0.0,6.28322591067393e-23
"Pang, Khin Yin",0.0005915159709312151,0.0,6.28322591067393e-23
"Lim, Kian Guan",0.0005915159709312151,0.0,6.28322591067393e-23
"Chong, Tow Chong",0.0005915159709312151,0.0,6.28322591067393e-23
"Zhao, Rong",0.0008450228156160215,0.0,6.778856821392307e-23
"Shen, Qianqian",0.0006760182524928173,0.0,8.634128122370256e-06
"Jian, Hengrui",0.0006760182524928173,0.0,8.634128122370256e-06
"Sun, Shuhan",0.0006760182524928173,0.0,8.634128122370256e-06
"Han, Yu",0.0014365387865472366,0.0013006000169018845,0.0001152762161401722
"Lei, Chengkun",0.0006760182524928173,0.0,8.634128122370258e-06
"Li, Qiurong",0.0006760182524928173,0.0,8.634128122370258e-06
"Li, Zhanfeng",0.0006760182524928173,0.0,8.634128122370258e-06
"Xue, Jinbo",0.0006760182524928173,0.0,8.634128122370258e-06
"Zhu, Yongfa",0.0012675342234240324,0.0009152370489309558,8.840287251185525e-06
"Dangwal, Shivani",0.000507013689369613,0.0,3.030732246846298e-15
"Rawat, Saurabh",0.0011830319418624302,4.084622102031043e-06,4.358396337933621e-15
"Dwivedi, Charu",0.0011830319418624302,4.084622102031043e-06,4.358396337933621e-15
"Dalapati, Goutam Kumar",0.000507013689369613,0.0,3.030732246846298e-15
"Ramakrishna, Seeram",0.0008450228156160215,5.070565368038536e-05,1.5874870938212416e-14
"Sharma, Mohit",0.0007605205340544194,1.2676413420096341e-06,3.5297369030750964e-15
"Sharma, Himani",0.001690045631232043,3.112763739823656e-05,4.8592424853961936e-15
"Li, Zhuo",0.0018590501943552475,0.006530888194033634,0.0001018564260316451
"Du, Xian",0.00042251140780801076,0.0,6.0670652795313385e-06
"Qiang, Qian",0.00042251140780801076,0.0,6.0670652795313385e-06
"Gao, Yang",0.00042251140780801076,0.0,6.0670652795313385e-06
"Zhang, Shengrong",0.00042251140780801076,0.0,6.0670652795313385e-06
"Du, Huiling",0.00042251140780801076,0.0,6.0670652795313385e-06
"Jing, Yue",0.00042251140780801076,0.0,2.793203157953156e-29
"Fan, Aidong",0.00042251140780801076,0.0,2.793203157953156e-29
"Guo, Jiaxiu",0.00042251140780801076,0.0,2.793203157953156e-29
"Shen, Ting",0.00042251140780801076,0.0,2.793203157953156e-29
"Yuan, Shandong",0.00042251140780801076,0.0,2.793203157953156e-29
"Chu, Yinghao",0.00042251140780801076,0.0,2.793203157953156e-29
"Zhan, Gang",0.0010985296603008281,0.0,0.011341107918337848
"Zhang, Jianfang",0.0010985296603008281,0.0,0.011341107918337848
"Wang, Yan",0.00549264830150414,0.010188362438990559,0.0139633974028008
"Yu, Cuiping",0.0010985296603008281,0.0,0.011341107918337848
"Cui, Jiewu",0.0010985296603008281,0.0,0.011341107918337848
"Shu, Xia",0.0010985296603008281,0.0,0.011341107918337848
"Qin, Yongqiang",0.0010985296603008281,0.0,0.011341107918337848
"Zheng, Hongmei",0.0010985296603008281,0.0,0.011341107918337848
"Sun, Jian",0.0027885752915328714,0.012604988404823205,0.013484081893793796
"Yan, Jian",0.0010985296603008281,0.0,0.011341107918337848
"Zhang, Yong",0.0027885752915328714,0.0030950638399215124,0.01218808180363878
"Tiwary, Chandra Sekhar",0.0018590501943552475,0.0004335333389672949,0.011717457725550239
"Wu, Yucheng",0.0010985296603008281,0.0,0.011341107918337848
"Zhang, Yue",0.00430961635964171,0.008217418356720286,0.00025067449333404993
"Wang, Liwen",0.0005915159709312151,0.0,5.890951911693924e-05
"Qin, Shuning",0.0005915159709312151,0.0,5.890951911693924e-05
"Zhang, Guanghui",0.0005915159709312151,0.0,5.890951911693924e-05
"Wu, Yuhan",0.0005915159709312151,0.0,5.890951911693924e-05
"Huang, Wenjuan",0.0005915159709312151,0.0,5.890951911693924e-05
"Ma, Liang",0.002281561602163258,0.0016585996551074563,0.0006789865192948637
"Chen, Xiangbai",0.0005915159709312151,0.0,5.890951911693924e-05
"Ran, Hao",0.0006760182524928173,0.0,2.346413476867907e-05
"Lu, Junlin",0.0006760182524928173,0.0,2.346413476867907e-05
"Wang, Zhao",0.0006760182524928173,0.0,2.346413476867907e-05
"Wang, Congcong",0.0006760182524928173,0.0,2.346413476867907e-05
"Li, Jien",0.0006760182524928173,0.0,2.346413476867907e-05
"Zhang, Cuiling",0.0006760182524928173,0.0,2.346413476867907e-05
"Wang, Xue",0.0030420821362176775,0.005530915788654152,0.0003237309567307484
"He, Xiaoyu",0.0006760182524928173,0.0,2.346413476867907e-05
"Hu, Chenguo",0.0006760182524928173,0.0,2.346413476867907e-05
"Zhang, Fei",0.0006760182524928173,0.0,0.05135826795011638
"Huang, Liying",0.0006760182524928173,0.0,0.05135826795011638
"Ding, Penghui",0.0018590501943552475,8.281251390968853e-05,0.14878054038400007
"Wang, Chaobao",0.0006760182524928173,0.0,0.05135826795011638
"Wang, Qian",0.0013520365049856345,0.0014065978066176415,0.052849702388163895
"Wang, Hao",0.0015210410681088388,0.00048170370996366093,0.05342555330122079
"Li, Yeping",0.0006760182524928173,0.0,0.05135826795011638
"Han, Susu",0.000507013689369613,0.0,0.0001172394153038608
"Wang, Zejin",0.000507013689369613,0.0,0.0001172394153038608
"Zhu, Wenbo",0.000507013689369613,0.0,0.0001172394153038608
"Yang, Huaizhi",0.000507013689369613,0.0,0.0001172394153038608
"Yang, Le",0.000507013689369613,0.0,0.0001172394153038608
"Wang, Ying",0.0021970593206016562,0.0015996626657404987,0.0011870461809683072
"Zou, Zhigang",0.0021970593206016562,0.0019944920350828906,0.0007795756807177066
"Pradhan, Manas Ranjan",0.0003380091262464086,0.0,3.683167485230363e-33
"Rath, Dharitri",0.0003380091262464086,0.0,3.683167485230363e-33
"Sethi, Ratikanta",0.0003380091262464086,0.0,3.683167485230363e-33
"Nanda, Braja B.",0.0003380091262464086,0.0,3.683167485230363e-33
"Nanda, Binita",0.0003380091262464086,0.0,3.683167485230363e-33
"Mafa, Potlako J.",0.0003380091262464086,0.0,8.120955423187131e-32
"Malefane, Mope E.",0.0003380091262464086,0.0,8.120955423187131e-32
"Opoku, Francis",0.0005915159709312151,0.0,1.0726844139525483e-31
"Mamba, Bhekie B.",0.0003380091262464086,0.0,8.120955423187131e-32
"Kuvarega, Alex T.",0.0003380091262464086,0.0,8.120955423187131e-32
"Zhong, Ruyi",0.0006760182524928173,7.672919022534505e-07,1.8352352644628945e-05
"Zhang, Zisheng",0.0013520365049856345,0.0014962168354523484,0.00025289719525889567
"Yi, Huqiang",0.000507013689369613,0.0,1.6923142545528028e-05
"Zeng, Lei",0.001014027378739226,0.0006236116827489153,1.7574971880569378e-05
"Tang, Chao",0.0008450228156160215,0.00020426744025950924,2.5935088593957303e-05
"Huang, Limin",0.0011830319418624302,0.0006243789746511689,1.90041819796703e-05
"Gu, Meng",0.0006760182524928173,7.672919022534505e-07,1.8352352644628945e-05
"Shen, Meng",0.0011830319418624302,0.00036544330798394083,2.4596917872275727e-06
"Zhang, Lingxia",0.001014027378739226,0.0005361157755152712,5.262410537789918e-06
"Tian, Jianjian",0.000507013689369613,0.0,2.315543952985514e-06
"Jin, Xixiong",0.000507013689369613,0.0,2.315543952985514e-06
"Shi, Jianlin",0.000507013689369613,0.0,2.315543952985514e-06
"Ou, Wei",0.0008450228156160215,0.0,2.7045784459834184e-05
"Pan, Jiaqi",0.0021970593206016562,0.0006985796910946426,4.554731697517726e-05
"Liu, Yanyan",0.0008450228156160215,0.0,2.7045784459834184e-05
"Li, Shi",0.0008450228156160215,0.0,2.7045784459834184e-05
"Li, Hongli",0.0008450228156160215,0.0,2.7045784459834184e-05
"Zhao, Weijie",0.0007605205340544194,0.0,2.5859846492293708e-05
"Song, Changsheng",0.001690045631232043,0.00024085185498183047,3.336616647687487e-05
"Zheng, Yingying",0.0019435524759168496,0.0027028645425062497,0.00015181833840894173
"Li, Chaorong",0.0023660638837248605,0.0034806330101049003,0.0001573421634602954
"Hou, Fangyong",0.0003380091262464086,0.0,0.0006912498879177329
"Lu, Kejian",0.0003380091262464086,0.0,0.0006912498879177329
"Xue, Fei",0.0007605205340544194,9.331598673456845e-05,0.0007233464684251198
"Liu, Maochang",0.0007605205340544194,9.331598673456845e-05,0.0007233464684251198
"Wang, Guojing",0.0006760182524928173,0.0,0.0010456745213459754
"Chen, Tao",0.003211086699340882,0.0038779690425224146,0.0012863862919372886
"Liu, Shuo",0.0006760182524928173,0.0,0.0010456745213459754
"Wang, Fengqi",0.0006760182524928173,0.0,0.0010456745213459754
"Li, Mingyang",0.0011830319418624302,0.000529874080960027,0.0010642105751622086
"Xie, Mingzheng",0.0006760182524928173,0.0,0.0010456745213459754
"Wang, Jing",0.004985634612134527,0.018653992242957163,0.013866524863130223
"Xiang, Yunjie",0.0006760182524928173,0.0,0.0010456745213459754
"Han, Weihua",0.0021970593206016562,0.0016228650560066195,0.0013831030854891953
"Yin, Lu",0.0008450228156160215,0.0,5.939187604316509e-11
"Zhang, Chaoyue",0.0008450228156160215,0.0,5.939187604316509e-11
"Chen, Wanyang",0.0008450228156160215,0.0,5.939187604316509e-11
"Xu, Junliang",0.0008450228156160215,0.0,5.939187604316509e-11
"Shi, Chuan",0.0018590501943552475,0.0,7.431323446520097e-11
"Qi, Xinran",0.0008450228156160215,0.0,5.939187604316509e-11
"Liu, Yuan",0.0015210410681088388,0.0,2.6321138840910736e-10
"Liu, Jingchong",0.0008450228156160215,0.0,5.939187604316509e-11
"Chen, Shuangqiang",0.0008450228156160215,0.0,5.939187604316509e-11
"Zhao, Xiaoxian",0.0014365387865472366,0.0,7.187644310082256e-11
"Song, Jianjun",0.0014365387865472366,0.0,7.187644310082256e-11
"Zhou, Ruifeng",0.0008450228156160215,9.634074199273219e-05,1.3809150197870464e-05
"Yang, Shuyi",0.0008450228156160215,9.634074199273219e-05,1.3809150197870464e-05
"Tao, E.",0.0008450228156160215,9.634074199273219e-05,1.3809150197870464e-05
"Liu, Lin",0.003211086699340882,0.002567021086316454,0.00022986283713477201
"Qian, Jianhua",0.0003380091262464086,0.0,1.3080757072265057e-05
"He, Junguo",0.000507013689369613,0.0,5.327153564675236e-26
"Cui, Xinxin",0.000507013689369613,0.0,5.327153564675236e-26
"Jiang, Weixun",0.000507013689369613,0.0,5.327153564675236e-26
"Liu, Yunlong",0.000507013689369613,0.0,5.327153564675236e-26
"Zhao, Yunyi",0.000507013689369613,0.0,5.327153564675236e-26
"Chu, Zhaorui",0.000507013689369613,0.0,5.327153564675236e-26
"Ruan, Xian",0.000507013689369613,0.0,5.327153564675236e-26
"Xu, Yuanmei",0.0003380091262464086,0.0,1.3921257306169255e-05
"Jin, Mingliang",0.0003380091262464086,0.0,1.3921257306169255e-05
"Kempa, Krzysztof",0.0003380091262464086,0.0,1.3921257306169255e-05
"Shui, Lingling",0.0003380091262464086,0.0,1.3921257306169255e-05
"Zhang, Lili",0.003295588980902484,0.0031665917602400374,0.012778662326529177
"Ma, Xinming",0.0002535068446848065,0.0,0.0031216288595030703
"Ji, Zhenguo",0.002281561602163258,0.0006542283416538637,0.012875648266853404
"Di, Jingru",0.0003380091262464086,0.0,5.918403860411278e-06
"Duan, Yuping",0.0003380091262464086,0.0,5.918403860411278e-06
"Pang, Huifang",0.0003380091262464086,0.0,5.918403860411278e-06
"Ma, Xinran",0.0003380091262464086,0.0,5.918403860411278e-06
"Liu, Jia",0.0019435524759168496,0.0030841371980812235,0.00010313465982535827
"Zhang, Jiejing",0.0003380091262464086,0.0,3.335691159468376e-36
"Hu, Yajie",0.0002535068446848065,0.0,2.8713824742433425e-36
"Zheng, Hong",0.0003380091262464086,0.0,3.335691159468376e-36
"Zhang, Pengyi",0.0002535068446848065,0.0,2.8713824742433425e-36
"Xu, Ao",0.0021970593206016562,0.000982299857910687,0.0005651212195407002
"Zhang, Yukai",0.0007605205340544194,0.0,0.0003916920206679794
"Fan, Hougang",0.0008450228156160215,0.0,0.0004089669468196399
"Liu, Xiaoyan",0.0008450228156160215,0.0,0.0004089669468196399
"Wang, Fengyou",0.0007605205340544194,0.0,0.0003916920206679794
"Qu, Xin",0.0007605205340544194,0.0,0.0003916920206679794
"Yang, Lili",0.0013520365049856345,0.0004341277648452923,0.0004613384981974248
"Cao, Jian",0.0014365387865472366,1.889243798336515e-05,0.0005460500716313551
"Wei, Maobin",0.0014365387865472366,1.889243798336515e-05,0.0005460500716313551
"Ahmadi, Sajad",0.000507013689369613,0.0,5.327153564675236e-26
"Yaah, Velma Beri Kimbi",0.000507013689369613,0.0,5.327153564675236e-26
"Sliz, Rafal",0.000507013689369613,0.0,5.327153564675236e-26
"de Oliveira, Sergio Botelho",0.000507013689369613,0.0,5.327153564675236e-26
"Leyva-Perez, Antonio",0.000507013689369613,0.0,5.327153564675236e-26
"Heponiemi, Anne",0.000507013689369613,0.0,5.327153564675236e-26
"Ojala, Satu",0.000507013689369613,0.0,5.327153564675236e-26
"Peng, Haijun",0.0006760182524928173,0.0,5.607044619991499e-05
"Xu, Puxin",0.0006760182524928173,0.0,5.607044619991499e-05
"Fan, Zheyuan",0.0006760182524928173,0.0,5.607044619991499e-05
"Zhang, Qiugen",0.0006760182524928173,0.0,5.607044619991499e-05
"Peng, Ke",0.0006760182524928173,0.0,5.607044619991499e-05
"Xie, Yu",0.0019435524759168496,0.0008188963069382236,0.0007643592031996776
"Ma, Yongcun",0.0006760182524928173,0.0,5.607044619991499e-05
"Zhao, Jinsheng",0.0006760182524928173,0.0,5.607044619991499e-05
"Zhang, Jiansheng",0.0010985296603008281,0.0,6.738516739656423e-05
"Jiang, San Ping",0.0002535068446848065,2.1161249853690237e-06,0.000327283561694147
"Huo, Yao",0.0002535068446848065,0.0,0.0007550312638178732
"Yang, Yang",0.004901132330572925,0.008285093484935694,0.012355432183235886
"Quan, Yu",0.0009295250971776238,0.0,0.05112398332948207
"Wang, Bin",0.0024505661652864624,0.001352839382801065,0.09100275530371944
"Liu, Gaopeng",0.0009295250971776238,0.0,0.05112398332948207
"Xia, Jiexiang",0.0017745479127936454,0.00013789653678932724,0.059317411392998905
"Zhang, Xinjia",0.000507013689369613,0.0,8.144100120717959e-05
"Liu, Yanduo",0.000507013689369613,0.0,8.144100120717959e-05
"Chen, Liqiang",0.0009295250971776238,0.0005404912471081384,0.0002718224535645437
"Li, Zhijun",0.0009295250971776238,0.0005404912471081384,0.0002718224535645437
"Qu, Yang",0.0010985296603008281,0.0006826282088061017,0.0002955057954546236
"Wu, Wei",0.0007605205340544194,0.000535030371415496,9.091368119338233e-05
"Jing, Liqiang",0.0023660638837248605,0.006816628872811449,0.0006766613776594428
"Wang, Shuo",0.002028054757478452,0.0009275808466943924,0.00012754612503933612
"Zhao, Tingting",0.0003380091262464086,0.0,3.3324292297079256e-05
"Tian, Yu",0.001690045631232043,0.0007356283187647121,0.0004987134450295232
"Yan, Likai",0.0003380091262464086,0.0,3.3324292297079256e-05
"Su, Zhongmin",0.0003380091262464086,0.0,3.3324292297079256e-05
"Hong, Tingkai",0.0003380091262464086,0.0,4.728451236415193e-06
"Wu, Ju",0.0003380091262464086,0.0,4.728451236415193e-06
"Deng, Chonghai",0.0015210410681088388,0.0017293055760309473,8.006812646699537e-05
"Qian, Hongmei",0.0003380091262464086,0.0,4.728451236415193e-06
"Zhang, Bowen",0.0005915159709312151,0.0,0.00017100266292825842
"Wu, Mingkun",0.0005915159709312151,0.0,0.00017100266292825842
"Chen, Zhengjun",0.0005915159709312151,0.0,0.00017100266292825842
"Dong, Lihui",0.0011830319418624302,0.0,0.00022986790021218653
"Li, Bin",0.004056109514956904,0.011802591994257223,0.0024601008376676425
"Tao, Lin",0.0005915159709312151,0.0,0.00017100266292825842
"Wang, Haonan",0.0005915159709312151,0.0,0.00017100266292825842
"Li, Danyang",0.0005915159709312151,0.0,0.00017100266292825842
"Dorraji, Mir Saeed Seyed",0.0001690045631232043,0.0,2.0073941551260015e-36
"Ling, Yulin",8.450228156160216e-05,0.0,1.1672423683483423e-52
"Dai, Youzhi",8.450228156160216e-05,0.0,1.1672423683483423e-52
"Zhang, Lina",0.0024505661652864624,0.009106972342610624,0.01216675906765602
"Luo, Zhongbin",0.0008450228156160215,0.0,0.00109186708418552
"Lin, Huaxiang",0.0008450228156160215,0.0,0.00109186708418552
"Wu, Jeffrey C. S.",0.0008450228156160215,0.0,0.00109186708418552
"Fu, Xianzhi",0.0013520365049856345,0.001991509272840691,0.0011546951658642918
"Bai, Liqi",0.00042251140780801076,0.0,1.1362743550273436e-06
"Huang, Hongwei",0.0006760182524928173,0.0001713575045106806,8.363493071035118e-06
"Yu, Shixin",0.00042251140780801076,0.0,1.1362743550273436e-06
"Zhang, Deyang",0.00042251140780801076,0.0,1.1362743550273436e-06
"Huang, Haitao",0.0010985296603008281,0.00032172244271606035,1.331950713905471e-06
"Anagnostopoulou, Maria",0.0005915159709312151,0.0,1.0834955097501668e-22
"Zindrou, Areti",0.0005915159709312151,0.0,1.0834955097501668e-22
"Cottineau, Thomas",0.0005915159709312151,0.0,1.0834955097501668e-22
"Kafizas, Andreas",0.0005915159709312151,0.0,1.0834955097501668e-22
"Marchal, Clement",0.0005915159709312151,0.0,1.0834955097501668e-22
"Deligiannakis, Yiannis",0.0005915159709312151,0.0,1.0834955097501668e-22
"Keller, Valerie",0.0007605205340544194,0.0,1.176817192159455e-22
"Christoforidis, Konstantinos C.",0.0007605205340544194,0.0,1.176817192159455e-22
"Pan, Yueyan",0.00042251140780801076,0.0,2.793203157953156e-29
"Li, Yuexian",0.00042251140780801076,0.0,2.793203157953156e-29
"Song, Jian",0.00042251140780801076,0.0,2.793203157953156e-29
"Xiang, Yixin",0.00042251140780801076,0.0,2.793203157953156e-29
"Sui, Zhuyin",0.00042251140780801076,0.0,2.793203157953156e-29
"Tian, Qinghua",0.00042251140780801076,0.0,2.793203157953156e-29
"Sun, Liqun",0.0010985296603008281,1.267641342009634e-06,0.00034513977285947727
"Bian, Ji",0.0013520365049856345,0.00043125025131807924,0.0005515669937100394
"Sun, Ning",0.0005915159709312151,0.0,0.00024653414345743194
"Sun, Jiawen",0.0010985296603008281,0.00023759133956276457,0.0005348781484491895
"Sreedhar, Adem",0.0001690045631232043,0.0,1.92059692882817e-40
"Ta, Qui Thanh Hoai",0.0002535068446848065,0.0,2.4598552326558998e-40
"Noh, Jin-Seo",0.0002535068446848065,0.0,2.4598552326558998e-40
"Tian, Na",0.0003380091262464086,0.0,8.14495356267971e-06
"Du, Xin",0.0006760182524928173,0.006105805797346405,8.23080561022664e-06
"Huang, Guozhou",0.001605543349670441,0.00022775518474437302,0.010401513343924517
"Zeng, Jinghui",0.002281561602163258,0.0006452040013158306,0.012983089958248149
"Jiang, Xudong",0.0008450228156160215,0.0,0.007027921385347312
"Shi, Yuxuan",0.0011830319418624302,1.147919659708724e-06,0.008483536545725534
"Lin, Songjun",0.001014027378739226,0.0,0.007778980170674146
"Chen, Xuan",0.0012675342234240324,2.162637883530124e-05,0.00902806291917682
"Wang, Hongbo",0.0023660638837248605,0.000719620436343139,0.012490745414081987
"Chu, Xiaoyu",0.0009295250971776238,2.5717056214394167e-05,0.00027359028511071096
"Sung, Ning",0.0006760182524928173,0.0,0.00025879011715091295
"Zhang, Xuliang",0.0006760182524928173,0.0,0.00025879011715091295
"Khan, Imran",0.0026195707284096667,0.0012541646583179708,0.0007847088010606598
"Bai, Linlu",0.0009295250971776238,2.5976824458984007e-05,0.00027359028511071096
"Jia, Fanhao",0.0003380091262464086,0.0,0.0005838679488635901
"Xu, Shaowen",0.0003380091262464086,0.0,0.0005838679488635901
"Zhao, Guodong",0.0003380091262464086,0.0,0.0005838679488635901
"Liu, Chao",0.0011830319418624302,0.0007125189901899643,0.0006538860647088238
"Ren, Wei",0.001014027378739226,0.0005052163527182538,0.010343096753161604
"Seok, Tae Jun",0.0017745479127936454,0.0,6.20531413435409e-12
"Liu, Yuhang",0.0009295250971776238,0.0,4.370179147825414e-12
"Choi, Ji Hyeon",0.0010985296603008281,0.0,4.433221723852855e-12
"Kim, Hye Ju",0.0010985296603008281,0.0,4.7889640694401566e-12
"Kim, Dae Hyun",0.0009295250971776238,0.0,4.370179147825414e-12
"Kim, Sung Min",0.0011830319418624302,0.0,5.062826599102594e-12
"Jang, Jae Hyuck",0.0009295250971776238,0.0,4.370179147825414e-12
"Cho, Deok-Yong",0.0012675342234240324,0.0,5.0588803183139045e-12
"Lee, Sang Woon",0.0014365387865472366,0.0,5.5166129638655976e-12
"Park, Tae Joo",0.0017745479127936454,0.0,6.20531413435409e-12
"Lee, Dong-Eun",0.0012675342234240324,0.00038536296797092877,3.0528625983249596e-06
"Moru, Satyanarayana",0.0003380091262464086,0.0,2.605976410117463e-06
"Tonda, Surendar",0.0007605205340544194,0.00033719259697456266,2.4135714186787297e-05
"Zhou, Jinhua",0.0009295250971776238,0.0,3.992459545991571e-05
"Yang, Kaishuai",0.0009295250971776238,0.0,3.992459545991571e-05
"Kang, Qi",0.0009295250971776238,0.0,3.992459545991571e-05
"Liu, Cong",0.001690045631232043,0.0002542591975377732,0.0001810430929120822
"Li, Xiaoge",0.0009295250971776238,0.0,3.992459545991571e-05
"Chen, Ningna",0.0009295250971776238,0.0,3.992459545991571e-05
"Lu, Chunliang",0.0009295250971776238,0.0,3.992459545991571e-05
"Wang, Xizhang",0.0009295250971776238,0.0,3.992459545991571e-05
"Peng, Luming",0.0009295250971776238,0.0,3.992459545991571e-05
"Guo, Xuefeng",0.0021970593206016562,0.001252567098237067,0.00021585933607293914
"Ding, Weiping",0.0009295250971776238,0.0,3.992459545991571e-05
"Hou, Wenhua",0.0011830319418624302,0.0005540477497055872,0.00011254715008620284
"Gao, Juan",0.001605543349670441,9.762314413824792e-05,0.00016194589637853778
"Sun, Xiaowei",0.0014365387865472366,8.909996247762906e-05,0.00015668957445316142
"Zheng, Lingcheng",0.001605543349670441,9.762314413824792e-05,0.00016194589637853778
"He, Gang",0.0015210410681088388,0.0008449983333804625,0.00018278411012931237
"Wang, Yanfen",0.0009295250971776238,8.075344845394707e-07,0.00010038682171409723
"Liu, Yin",0.0009295250971776238,0.00014451111298909827,9.559276240457024e-05
"Deng, Jiale",0.0007605205340544194,0.0,9.513049978872087e-05
"Liu, Mei",0.0014365387865472366,0.001031384470601517,0.000490585501528868
"Hu, Jintao",0.0007605205340544194,0.0,9.513049978872086e-05
"Zhou, Baozeng",0.00042251140780801076,0.0,1.1757828711524988e-05
"Li, Zheng",0.0019435524759168496,0.0010971068165862932,0.00019981004490451777
"Wang, Jiaming",0.00042251140780801076,0.0,1.1757828711524985e-05
"Wang, Kangqiang",0.0002535068446848065,0.0,1.0725192424924483e-05
"Lei, Weisheng",0.0003380091262464086,0.0,1.6238345321888126e-07
"Wang, Fengzhi",0.0003380091262464086,0.0,1.6238345321888126e-07
"Pan, Xinhua",0.0003380091262464086,0.0,1.6238345321888126e-07
"Ye, Zhizhen",0.002112557039040054,0.0009466236805909931,2.8835310656015517e-06
"Lu, Bin",0.0003380091262464086,0.0,1.6238345321888126e-07
"Zhang, Chenchen",0.0006760182524928173,0.0,8.980595387479775e-08
"Chen, Wenbin",0.0006760182524928173,0.0,8.980595387479775e-08
"Hu, Dairong",0.0006760182524928173,0.0,8.980595387479775e-08
"Xie, Hanjie",0.0006760182524928173,0.0,8.980595387479775e-08
"Song, Yibing",0.0006760182524928173,0.0,8.980595387479775e-08
"Luo, Binbin",0.0006760182524928173,0.0,8.980595387479775e-08
"Fang, Yiwen",0.0006760182524928173,0.0,8.980595387479775e-08
"Gao, Wenhua",0.0011830319418624302,0.00038536296797092877,1.222249819406974e-06
"Zhong, Ziyi",0.0006760182524928173,0.0,8.980595387479775e-08
"Liu, Zhuo",0.0017745479127936454,0.0008913619311158451,0.013004078929776371
"Lv, He",0.0019435524759168496,0.0022285589412297862,0.01456548801591736
"Xie, Ying",0.0007605205340544194,0.0,0.004610719546299529
"Wang, Jue",0.0010985296603008281,2.4295253181255417e-05,0.012658180921768535
"Fan, Jiahui",0.0007605205340544194,0.0,0.004610719546299529
"Sun, Baihe",0.0010985296603008281,2.4295253181255417e-05,0.012658180921768535
"Zhang, Yang",0.0014365387865472366,0.00021697673716671975,0.012789552689852516
"Wang, Ruihong",0.0007605205340544194,0.0,0.004610719546299529
"Shi, Keying",0.0019435524759168496,0.0004496864952769086,0.016444895156178373
"Bhosale, Reshma",0.0003380091262464086,0.0,2.612044870693045e-06
"Devthade, Vidyasagar",0.00042251140780801076,0.0,2.7319941699713196e-06
"Yi, Jianjian",0.002112557039040054,0.0003282211691116497,0.18436315853662205
"Liu, Liang",0.001014027378739226,0.0,0.10402151643236407
"Kang, Kyeong Tae",0.0002535068446848065,0.0,6.570990368930812e-38
"Park, Jeongmin",0.0002535068446848065,0.0,6.570990368930812e-38
"Suh, Dongseok",0.0002535068446848065,0.0,6.570990368930812e-38
"Choi, Woo Seok",0.0002535068446848065,0.0,6.570990368930812e-38
"Guo, Xiuyun",0.000507013689369613,0.0,4.9989655501890505e-05
"Han, Huimin",0.0007605205340544194,0.0,0.05081548792871659
"Liu, Jinyuan",0.0007605205340544194,0.0,0.05081548792871659
"Zhu, Shumin",0.0007605205340544194,0.0,0.05081548792871659
"Jia, Shihao",0.0007605205340544194,0.0,0.05081548792871659
"Tang, Qi",0.0014365387865472366,0.0005866602097901767,0.05220584285236606
"Hua, Yingjie",0.0010985296603008281,0.0008398471807763,0.051349972334339085
"Wang, Chongtai",0.0007605205340544194,0.0,0.05081548792871659
"Sun, Baoguang",0.0002535068446848065,0.0,2.2762235395489264e-28
"Chen, Jianjun",0.0002535068446848065,0.0,2.2762235395489264e-28
"Wang, Yueying",0.001014027378739226,1.332739021242335e-05,8.071884393660431e-05
"Yang, Xiaofeng",0.0015210410681088388,0.00010530976089894432,0.00010124565384811488
"Ma, Yuzhao",0.0014365387865472366,2.9265783159367986e-05,9.336129570583867e-05
"Li, Yanjun",0.0015210410681088388,0.00010530976089894432,0.00010124565384811488
"Chen, Xiaoyu",0.0005915159709312151,0.0,1.274388011707356e-05
"Sun, Bojing",0.0012675342234240324,0.0019433454627762207,0.0001624238045085421
"Chu, Jiayu",0.0005915159709312151,0.0,1.2743880117073564e-05
"Han, Zhi",0.0005915159709312151,0.0,1.2743880117073564e-05
"Wang, Yu",0.0026195707284096667,0.006712149619716991,3.877721481081883e-05
"Du, Yunchen",0.0005915159709312151,0.0,1.274388011707356e-05
"Han, Xijiang",0.0005915159709312151,0.0,1.274388011707356e-05
"Xu, Ping",0.0005915159709312151,0.0,1.274388011707356e-05
"Wang, Xiangyi",0.00042251140780801076,0.0,0.00026119498023448356
"Yuan, Xiaojia",0.0002535068446848065,0.0,6.570990368930812e-38
"Tang, Shuhan",0.0002535068446848065,0.0,6.570990368930812e-38
"Qiu, Shuang",0.0002535068446848065,0.0,6.570990368930812e-38
"Liu, Xiaojie",0.0002535068446848065,0.0,6.570990368930812e-38
"Tang, Yu",0.0005915159709312151,0.0,1.1248727948365994e-05
"Liu, Qin",0.0005915159709312151,0.0,1.1248727948365994e-05
"Lei, Jiehong",0.0005915159709312151,0.0,1.1248727948365994e-05
"Yang, Hui",0.0013520365049856345,0.0004335333389672949,1.1625932109697859e-05
"Duan, Meihong",0.0005915159709312151,0.0,1.1248727948365994e-05
"Ma, Xiaoyang",0.0005915159709312151,0.0,1.1248727948365994e-05
"Song, Tingting",0.0005915159709312151,0.0,1.1248727948365994e-05
"Zheng, Jiliang",0.0005915159709312151,0.0,0.0003542632457797367
"Li, Wei",0.005577150583065743,0.005370389394160868,0.005182903618429488
"Wang, Rongjie",0.0010985296603008281,9.634074199273219e-05,0.0003737233680488861
"Li, Danya",0.0005915159709312151,0.0,0.0003542632457797367
"Guo, Xuhong",0.0010985296603008281,9.634074199273219e-05,0.0003737233680488861
"Rodriguez, Raul D.",0.0005915159709312151,0.0,0.0003542632457797367
"Jia, Xin",0.0010985296603008281,9.634074199273219e-05,0.0003737233680488861
"Krukowski, Pawel",0.0008450228156160215,0.0,2.2127524400699098e-16
"Piskorski, Michal",0.0008450228156160215,0.0,2.2127524400699098e-16
"Rogala, Maciej",0.0008450228156160215,0.0,2.2127524400699098e-16
"Dabrowski, Pawel",0.0008450228156160215,0.0,2.2127524400699098e-16
"Lutsyk, Iaroslav",0.0008450228156160215,0.0,2.2127524400699098e-16
"Kozlowski, Witold",0.0008450228156160215,0.0,2.2127524400699098e-16
"Krempinski, Patryk",0.0008450228156160215,0.0,2.2127524400699098e-16
"Le Ster, Maxime",0.0008450228156160215,0.0,2.2127524400699098e-16
"Nadolska, Aleksandra",0.0008450228156160215,0.0,2.2127524400699098e-16
"Luszczynska, Beata",0.0008450228156160215,0.0,2.2127524400699098e-16
"Kowalczyk, Pawel J.",0.0008450228156160215,0.0,2.2127524400699098e-16
"Kim, Minsung",0.0001690045631232043,0.0,8.44624101525632e-37
"Ihm, Jisoon",0.0001690045631232043,0.0,8.44624101525632e-37
"Chung, Suk Bum",0.00042251140780801076,0.0,1.910372689231227e-36
"Zhou, Wenfeng",0.00042251140780801076,0.0,1.712664587151817e-07
"Jiang, Tengfei",0.00042251140780801076,0.0,1.712664587151817e-07
"Zhao, Yu",0.0010985296603008281,0.00034936174343522545,2.866177195754893e-06
"Xu, Cong",0.00042251140780801076,0.0,1.7126645871518167e-07
"Pei, Chengang",0.00042251140780801076,0.0,1.7126645871518167e-07
"Xue, Huaiguo",0.00042251140780801076,0.0,1.7126645871518167e-07
"Sun, Xuezhi",0.00042251140780801076,0.0,7.621149478109544e-05
"Lu, Yongxin",0.00042251140780801076,0.0,7.621149478109544e-05
"Li, Tongtong",0.001014027378739226,0.00024085185498183047,0.0012788872917789292
"Zhao, Shuaishuai",0.00042251140780801076,0.0,7.621149478109544e-05
"Gao, Zhida",0.00042251140780801076,0.0,7.621149478109544e-05
"Song, Yan-Yan",0.00042251140780801076,0.0,7.621149478109544e-05
"Xiang, Miaomiao",0.0005915159709312151,7.513982545895974e-06,5.587013041687861e-07
"Zhang, Jiefu",0.00042251140780801076,0.0,3.4977231960962527e-07
"Zhao, Jian",0.00042251140780801076,0.0,2.900530563802062e-05
"Luo, Shizhong",0.00042251140780801076,0.0,2.900530563802062e-05
"Tang, Yubao",0.00042251140780801076,0.0,2.900530563802062e-05
"Li, Haoyu",0.00042251140780801076,0.0,1.3377863721971297e-05
"Zhang, Tian",0.0013520365049856345,0.00024085185498183047,0.00022344976981969084
"Yi, Zixuan",0.00042251140780801076,0.0,1.3377863721971297e-05
"Chen, Xingyu",0.00042251140780801076,0.0,1.3377863721971297e-05
"Dai, Zhigao",0.00042251140780801076,0.0,1.3377863721971297e-05
"Tan, Jin",0.00042251140780801076,0.0,1.3377863721971297e-05
"Li, Cuixia",0.000507013689369613,0.0,0.00022298496451684754
"Zhang, Xin",0.0038871049518336993,0.0020233725070668367,0.003529815270091758
"Zhang, Ruilin",0.000507013689369613,0.0,0.00022298496451684754
"Wang, Anhang",0.000507013689369613,0.0,0.00022298496451684754
"Cheng, Man",0.000507013689369613,0.0,0.00022298496451684754
"Luan, Zhucheng",0.000507013689369613,0.0,0.00022298496451684754
"Jin, Haize",0.000507013689369613,0.0,0.00022298496451684754
"Han, Xin",0.0012675342234240324,0.00028902222597819655,4.020227179730753e-05
"Xu, Dongyu",0.000507013689369613,0.0,2.6708355448519903e-06
"An, Lin",0.000507013689369613,0.0,2.6708355448519903e-06
"Hou, Chengyi",0.000507013689369613,0.0,2.6708355448519903e-06
"Li, Yaogang",0.000507013689369613,0.0,2.6708355448519903e-06
"Zhang, Qinghong",0.000507013689369613,0.0,2.6708355448519903e-06
"Wang, Hongzhi",0.000507013689369613,0.0,2.6708355448519903e-06
"Yan, Xiaoqing",0.0013520365049856345,3.267361668945896e-05,0.00021822485442968097
"Xia, Mengyang",0.00042251140780801076,0.0,2.8752437458949807e-05
"Xu, Baorong",0.0005915159709312151,0.0,3.0128130443594125e-05
"Wei, Jinjia",0.0006760182524928173,1.988698326002406e-05,5.431959277819207e-05
"Yang, Bolun",0.00042251140780801076,0.0,2.8752437458949807e-05
"Zhang, Mengmeng",0.000507013689369613,0.0,9.365707462806163e-06
"Zhao, Kai",0.000507013689369613,0.0,9.365707462806163e-06
"Xiong, Jinyan",0.0006760182524928173,9.634074199273219e-05,9.410899724651585e-06
"Wei, Yi",0.002281561602163258,0.0008585484393702245,0.000144934001533128
"Han, Chao",0.000507013689369613,0.0,9.365707462806163e-06
"Li, Weijie",0.000507013689369613,0.0,9.365707462806163e-06
"Cheng, Gang",0.000507013689369613,0.0,9.365707462806163e-06
"Wu, Boyuan",0.000507013689369613,0.0,0.00024483423706001873
"Sun, Tiankai",0.000507013689369613,0.0,0.00024483423706001873
"Liu, Ning",0.0009295250971776238,0.00012914901293077777,0.00026441466783126287
"Lu, Lele",0.000507013689369613,0.0,0.00024483423706001873
"Zhang, Ruizhe",0.000507013689369613,0.0,0.00024483423706001873
"Shi, Wei",0.0011830319418624302,0.00020616483201538747,0.003849768517527726
"Cheng, Peng",0.001014027378739226,0.00012687814973422025,0.0002524747095708743
"Li, Jin",0.0015210410681088388,0.0016770577318698102,0.0024075610427634914
"Cheng, Yong",0.00042251140780801076,0.0,0.0002707643934300907
"Zhang, Jianan",0.0007605205340544194,6.622922979721761e-06,0.0010065794830581875
"Fu, Jianwei",0.00042251140780801076,0.0,0.0002707643934300907
"Yan, Wenfu",0.00042251140780801076,0.0,0.0002707643934300907
"Cao, Chi",0.0009295250971776238,0.00010595405597183209,2.4013992713875815e-06
"Li, Jinshuo",0.00042251140780801076,0.0,2.921861984373804e-07
"Zhang, Linfeng",0.0008450228156160215,0.00011986719209590802,6.837099932576018e-07
"Hu, Yang",0.00042251140780801076,0.0,2.921861984373804e-07
"Zhang, Lin",0.0006760182524928173,0.00014451111298909827,2.943466399392837e-07
"Yang, Wensheng",0.0009295250971776238,0.00010595405597183209,2.4013992713875815e-06
"Wang, Lele",0.0013520365049856345,5.9675608106875544e-05,0.0005054091277670766
"Tang, Guogang",0.000507013689369613,0.0,0.0003158900348984153
"Liu, Song",0.002112557039040054,0.0016103760477829744,0.0003750845346310549
"Sun, Jingfang",0.000507013689369613,0.0,0.0003158900348984153
"Liu, Qian",0.0009295250971776238,0.006152285979886756,1.0354605607786294e-05
"Dong, Sheying",0.00042251140780801076,0.0,6.21290255897269e-07
"Jin, Huijia",0.00042251140780801076,0.0,6.21290255897269e-07
"Ke, Shuwen",0.00042251140780801076,0.0,6.21290255897269e-07
"Luo, Linbo",0.00042251140780801076,0.0,6.21290255897269e-07
"Huang, Tinglin",0.00042251140780801076,0.0,6.21290255897269e-07
"Liu, Zhe",0.0010985296603008281,0.00012205648816110697,0.00015770491634178703
"Mo, Xichao",0.0006760182524928173,0.0,0.0001377963451849945
"Tian, Shuhao",0.0006760182524928173,0.0,0.0001377963451849945
"Chen, Jie",0.0021970593206016562,0.0043971506989730035,0.0012412546742237977
"Liu, Yanpeng",0.0010985296603008281,0.00012205648816110697,0.00015770491634178703
"Wu, Haiyang",0.002028054757478452,0.004477459718383206,0.0005062294276298122
"Zhao, Yawei",0.0006760182524928173,0.0,0.00013779634518499447
"Wang, Yanrong",0.002028054757478452,0.0023165385946942465,0.00037128524411977464
"Peng, Shanglong",0.0010985296603008281,0.00012205648816110697,0.00015770491634178703
"Shang, Guoxin",0.0007605205340544194,0.0,0.0001494063653314879
"Tang, Libin",0.0007605205340544194,0.0,0.0001494063653314879
"Wu, Gang",0.002028054757478452,0.0006771586150185343,0.00018058738715858455
"Yuan, Shouzhang",0.0007605205340544194,0.0,0.0001494063653314879
"Jia, Menghan",0.0007605205340544194,0.0,0.0001494063653314879
"Guo, Xiaopeng",0.0007605205340544194,0.0,0.0001494063653314879
"Zheng, Xin",0.0007605205340544194,0.0,0.0001494063653314879
"Yue, Biao",0.0007605205340544194,0.0,0.0001494063653314879
"Teng, Kar Seng",0.0007605205340544194,0.0,0.0001494063653314879
Tian Hai-Jun,0.00042251140780801076,0.0,2.793203157953156e-29
Cheng Xiao-Man,0.00042251140780801076,0.0,2.793203157953156e-29
Zhao Geng,0.00042251140780801076,0.0,2.793203157953156e-29
Liang Xiao-Yu,0.00042251140780801076,0.0,2.793203157953156e-29
Du Bo-Qun,0.00042251140780801076,0.0,2.793203157953156e-29
Wu Feng,0.00042251140780801076,0.0,2.793203157953156e-29
"Nayak, Swagat Kumar",0.0006760182524928173,0.0,1.3039424246416655e-18
"Das, Krishnendu",0.001014027378739226,0.0,1.5136315522408914e-18
"Behera, Satyabrat",0.0006760182524928173,0.0,1.3039424246416655e-18
"Kumar, Sumit",0.0015210410681088388,0.0,1.851290449845358e-18
"Panda, Saumyaranjan",0.0006760182524928173,0.0,1.3039424246416655e-18
"Pradhan, Sibun Kumar",0.0006760182524928173,0.0,1.3039424246416655e-18
"Gouda, Nutan Prabharani",0.0006760182524928173,0.0,1.3039424246416655e-18
"Bariki, Ranjit",0.0010985296603008281,0.0,1.4559536404174659e-18
"Mishra, B. G.",0.001014027378739226,0.0,1.5136315522408914e-18
"Ji, Dongfang",0.0002535068446848065,0.0,6.570990368930812e-38
"Li, Hongfei",0.0002535068446848065,0.0,6.570990368930812e-38
"Du, Tao",0.0002535068446848065,0.0,6.570990368930812e-38
"Ding, Junwei",0.0002535068446848065,0.0,6.570990368930812e-38
"Fang, Qian",0.000507013689369613,0.0,0.0005041259885008309
"Li, Bo",0.0025350684468480648,0.008714447010638948,0.006179077131264074
"Li, Yuan-Yuan",0.0008450228156160215,0.00019122998651934062,0.0007349740494460167
"Huang, Wei-Qing",0.0025350684468480648,0.002530532299886471,0.001021657636402665
"Peng, Wei",0.0012675342234240324,0.00043208184150117117,0.000745640025231489
"Fan, Xiaoxing",0.0010985296603008281,0.0003346231690692098,0.0005161339340129654
"Huang, Gui-Fang",0.0025350684468480648,0.002530532299886471,0.001021657636402665
"Mahala, Chavi",0.0001690045631232043,0.0,1.92059692882817e-40
"Sharma, Mamta Devi",0.0002535068446848065,0.0,2.4598552326558998e-40
"Basu, Mrinmoyee",0.0002535068446848065,0.0,2.4598552326558998e-40
"Gao, Xintong",0.0003380091262464086,0.0,6.625916748518377e-06
"Bai, Zhiqun",0.0003380091262464086,0.0,6.625916748518377e-06
"Liu, Jingchao",0.0003380091262464086,0.0,6.625916748518377e-06
"Li, Zenghe",0.0003380091262464086,0.0,6.625916748518377e-06
"Zhang, Yunxiao",0.0002535068446848065,0.0,0.00011539759808448243
"Gao, Bo",0.0011830319418624302,0.0032845295658091647,0.00015326066870135387
"Xie, Qian",0.001014027378739226,0.0,3.177912739219633e-15
"Cai, Zhengxin",0.00042251140780801076,0.0,4.725149674648181e-16
"Wang, Yuxuan",0.00042251140780801076,0.0,4.725149674648181e-16
"Cai, Jiajia",0.00042251140780801076,0.0,4.725149674648181e-16
"Wang, Jianmin",0.00042251140780801076,0.0,4.725149674648181e-16
"Sun, Shineng",0.00042251140780801076,0.0,4.725149674648181e-16
"Parmar, Swati",0.0002535068446848065,0.0,6.570990368930812e-38
"Panchal, Suresh",0.0002535068446848065,0.0,6.570990368930812e-38
"Datar, Suwarna",0.0002535068446848065,0.0,6.570990368930812e-38
"Ogale, Satishchandra",0.0002535068446848065,0.0,6.570990368930812e-38
"Wang, Jiajun",0.00042251140780801076,0.0,7.05521023483782e-05
"Li, Xiaoting",0.00042251140780801076,0.0,7.05521023483782e-05
"You, Ya",0.00042251140780801076,0.0,7.05521023483782e-05
"Yang, Xintong",0.00042251140780801076,0.0,7.05521023483782e-05
"Li, Qunxiang",0.00042251140780801076,0.0,7.05521023483782e-05
"Yu, Naisen",0.0001690045631232043,0.0,4.961725533464465e-44
"Li, Haiou",0.0001690045631232043,0.0,4.961725533464465e-44
"Qi, Yan",0.0001690045631232043,0.0,4.961725533464465e-44
"Jiang, Jiale",0.00042251140780801076,0.0,0.013327679043788237
"Zhao, Shenggeng",0.00042251140780801076,0.0,0.013327679043788237
"Zhang, Chengfang",0.00042251140780801076,0.0,0.013327679043788237
"Chen, Fangyan",0.0006760182524928173,0.0,0.015158757653413518
"Tang, Yubin",0.0006760182524928173,0.0,0.015158757653413518
"Lin, Yanming",0.001014027378739226,9.634074199273218e-05,0.00012034635016935166
"Wang, Qi",0.0027885752915328714,0.00355578881448311,0.0017933480507229369
"Ma, Mintong",0.000507013689369613,0.0,0.0001144302159563863
"Li, Peiying",0.000507013689369613,0.0,0.0001144302159563863
"Maheskumar, V.",0.000507013689369613,0.0,0.0001144302159563863
"Jiang, Zhenyi",0.001014027378739226,9.634074199273218e-05,0.00012034635016935166
"Zhang, Ruiqin",0.001014027378739226,9.634074199273218e-05,0.00012034635016935166
"Yang, Yuhao",0.000507013689369613,0.0,2.7689690584453003e-06
"Li, Xiaolong",0.0010985296603008281,0.00028902222597819655,4.3673992715026014e-05
"Lu, Chan",0.000507013689369613,0.0,2.7689690584453003e-06
"Huang, Wenhuan",0.000507013689369613,0.0,2.7689690584453003e-06
"Razaghi, Zahra",0.0001690045631232043,0.0,7.499014642870284e-43
"Hosseini, Seyed Ali",0.0001690045631232043,0.0,7.499014642870284e-43
"Simchi, Abdolreza",0.0002535068446848065,0.0,8.774495696633273e-43
"Zheng, Jianhua",8.450228156160216e-05,0.0,3.835875981881485e-06
"Zhang, Lei",0.0023660638837248605,0.0020584950859539606,7.794301339353522e-05
"Okoroafor, Esther C.",0.000507013689369613,0.0,5.933584772134742e-05
"Maouche, Chanez",0.000507013689369613,0.0,5.933584772134742e-05
"Hong, Xiaoyang",0.0007605205340544194,3.306117916987823e-05,0.00019330766952557743
"Rao, Shaosheng",0.0009295250971776238,0.0,0.00011289129207314841
"Umba, F. M.",0.000507013689369613,0.0,5.933584772134742e-05
"Yang, J.",0.000507013689369613,0.0,5.933584772134742e-05
"Zhang, Xia",0.0003380091262464086,0.0,3.683167485230363e-33
"Yang, Changcheng",0.0003380091262464086,0.0,3.683167485230363e-33
"Su, Jian",0.0003380091262464086,0.0,3.683167485230363e-33
"Xie, Zhi-Hui",0.0003380091262464086,0.0,3.683167485230363e-33
"Hao, Shixiong",0.0003380091262464086,0.0,3.683167485230363e-33
"Wu, Yizhang",0.0009295250971776238,0.0,4.601794974925642e-14
"Xiong, Wenfang",0.0009295250971776238,0.0,4.601794974925642e-14
"Wang, Zhaokun",0.0009295250971776238,0.0,4.601794974925642e-14
"Wang, Yong",0.002028054757478452,0.0,5.667957799299398e-14
"Sun, Kuo-yang",0.0009295250971776238,0.0,4.601794974925642e-14
"Song, Xueru",0.0009295250971776238,0.0,4.601794974925642e-14
"Lv, Zhongyang",0.0009295250971776238,0.0,4.601794974925642e-14
"Xu, Wei",0.0009295250971776238,0.0,4.601794974925642e-14
"Zhong, Wei",0.0009295250971776238,0.0,4.601794974925642e-14
"Zou, Xiaoping",0.0009295250971776238,0.0,4.601794974925642e-14
"Cai, Hong-Ling",0.0009295250971776238,0.0,4.601794974925642e-14
"Wu, Xiaoshan",0.0009295250971776238,0.0,4.601794974925642e-14
"Hsia, Wei-Cheng",0.0003380091262464086,0.0,3.683167485230363e-33
"Chang, Ting-Chun",0.0003380091262464086,0.0,3.683167485230363e-33
"Wu, Mu-Ju",0.0003380091262464086,0.0,3.683167485230363e-33
"Lee, Ching-Ting",0.0003380091262464086,0.0,3.683167485230363e-33
"Lee, Hsin-Ying",0.0003380091262464086,0.0,3.683167485230363e-33
"Li, Faying",0.000507013689369613,0.0,7.138418402015162e-05
"Benetti, Daniele",0.002028054757478452,0.001604677029587372,0.00012304608467525438
"Shi, Li",0.001605543349670441,0.0033989019621956215,0.0009332354514260294
"Feng, Jinhui",0.000507013689369613,0.0,7.138418402015164e-05
"Wei, Qin",0.0008450228156160215,0.0003252197714938245,7.559893298487533e-05
"Rosei, Federico",0.001014027378739226,0.0010266325776309788,0.0001161300486404567
"Meng, Ming",0.0010985296603008281,0.0,0.0047243894487954885
"Yang, Lun",0.0010985296603008281,0.0,0.0047243894487954885
"Zhu, Yu",0.0010985296603008281,0.0,0.0047243894487954885
"Li, Chunyang",0.0010985296603008281,0.0,0.0047243894487954885
"Xia, Hongjun",0.0010985296603008281,0.0,0.0047243894487954885
"Yuan, Honglei",0.0010985296603008281,0.0,0.0047243894487954885
"Zhang, Meng",0.004225114078080108,0.010568191042482803,0.005554201864651861
"Zhao, You",0.0010985296603008281,0.0,0.0047243894487954885
"Tian, Fengshou",0.0010985296603008281,0.0,0.0047243894487954885
"Li, Jitao",0.0010985296603008281,0.0,0.0047243894487954885
"Liu, Kuili",0.0010985296603008281,0.0,0.0047243894487954885
"Gan, Zhixing",0.0010985296603008281,0.0,0.0047243894487954885
"Guo, Junlan",0.00042251140780801076,0.0,3.7581349251047005e-06
"Liang, Guanghua",0.00042251140780801076,0.0,3.7581349251047005e-06
"Wang, Ruiying",0.00042251140780801076,0.0,3.7581349251047005e-06
"Gao, Fen-e",0.00042251140780801076,0.0,3.7581349251047005e-06
"Liu, Xing",0.0009295250971776238,0.00619876616242711,3.825846924710915e-06
"Zhang, Xi",0.0012675342234240324,0.006620468182202315,6.26558885376364e-05
"Wei, Lin",0.000507013689369613,0.0,1.1628342288601062e-05
"Zeng, Deqian",0.0012675342234240324,0.0002649370404800135,9.467268164698032e-05
"Xie, Zongzhuo",0.000507013689369613,0.0,1.1628342288601062e-05
"Zeng, Qingru",0.0007605205340544194,0.0,1.2546302501429137e-05
"Zheng, Hongfei",0.000507013689369613,0.0,1.1628342288601059e-05
"Fujita, Toyohisa",0.001014027378739226,0.00012042592749091523,9.375472143415224e-05
"Wei, Yuezhou",0.0007605205340544194,0.0,1.2546302501429137e-05
"Sarkar, Priyanka",0.000507013689369613,0.0,5.327153564675236e-26
"Chowdhury, Ipsita Hazra",0.000507013689369613,0.0,5.327153564675236e-26
"Chakraborty, Adwitiya",0.000507013689369613,0.0,5.327153564675236e-26
"Goswami, Manoj",0.000507013689369613,0.0,5.327153564675236e-26
"Naskar, Milan Kanti",0.000507013689369613,0.0,5.327153564675236e-26
"Khan, Aslam",0.000507013689369613,0.0,5.327153564675236e-26
"Islam, Sk. Manirul",0.000507013689369613,0.0,5.327153564675236e-26
"Cao, Rui",0.0006760182524928173,0.0,1.9540641847450015e-05
"Xu, Jianping",0.0009295250971776238,0.0,2.2225689429104858e-05
"Shi, Shaobo",0.0009295250971776238,0.0,2.2225689429104858e-05
"Chen, Jing",0.0009295250971776238,0.0,2.2225689429104858e-05
"Liu, Ding",0.0006760182524928173,0.0,1.9540641847450015e-05
"Bu, Yichen",0.0006760182524928173,0.0,1.9540641847450015e-05
"Zhang, Xiaosong",0.0009295250971776238,0.0,2.2225689429104858e-05
"Yin, Shougen",0.001605543349670441,0.000529874080960027,0.0002568786467920509
"Li, Lan",0.0009295250971776238,0.0,2.2225689429104858e-05
"Wei, Xuegang",0.0007605205340544194,0.0,0.0001078241889624371
"Zhang, Xiaqing",0.0007605205340544194,0.0,0.0001078241889624371
"Ali, Salamat",0.0007605205340544194,0.0,0.0001078241889624371
"He, Deyan",0.0007605205340544194,0.0,0.0001078241889624371
"Wang, Jiatai",0.0007605205340544194,0.0,0.0001078241889624371
"Kong, Shunlian",0.0007605205340544194,0.0,0.0001078241889624371
"Feng, Zhongling",0.0007605205340544194,0.0,0.0001078241889624371
"Zhang, Guangan",0.0007605205340544194,0.0,0.0001078241889624371
"Qi, Jing",0.0007605205340544194,0.0,0.0001078241889624371
"Xu, Zhengjie",0.000507013689369613,0.0,3.461786981559981e-06
"Dong, Dianmeng",0.000507013689369613,0.0,3.461786981559981e-06
"Peng, Min",0.000507013689369613,0.0,3.461786981559981e-06
"Cheng, Tianyi",0.000507013689369613,0.0,3.461786981559981e-06
"Zhang, Fan",0.0018590501943552475,0.0009388593659935634,5.454401570525243e-05
"Yang, Zhibin",0.000507013689369613,0.0,3.4617869815599817e-06
"Wu, Zhenping",0.000507013689369613,0.0,3.4617869815599817e-06
"Kim, Ji Eun",0.0009295250971776238,0.0,3.622999601013708e-13
"Kang, Won Tae",0.0009295250971776238,0.0,3.622999601013708e-13
Van Tu Vu,0.0009295250971776238,0.0,3.622999601013708e-13
"Kim, Young Rae",0.0009295250971776238,0.0,3.622999601013708e-13
"Shin, Yong Seon",0.0009295250971776238,0.0,3.622999601013708e-13
"Lee, Ilmin",0.0009295250971776238,0.0,3.622999601013708e-13
"Won, Ui Yeon",0.0009295250971776238,0.0,3.622999601013708e-13
"Lee, Boo Heung",0.0009295250971776238,0.0,3.622999601013708e-13
"Kim, Kunnyun",0.0014365387865472366,0.0,4.571509031135242e-13
Thanh Luan Phan,0.0009295250971776238,0.0,3.622999601013708e-13
"Lee, Young Hee",0.0014365387865472366,0.0,4.571509031135242e-13
"Yu, Woo Jong",0.0014365387865472366,0.0,4.571509031135242e-13
"Liu, Bingxu",0.0006760182524928173,0.0,3.0283507300251087e-05
"Sun, Yinghui",0.0012675342234240324,3.0337041246253592e-05,3.8123413958656586e-05
"Wu, Yonghuang",0.0006760182524928173,0.0,3.0283507300251087e-05
"Ye, Huanyu",0.0006760182524928173,0.0,3.0283507300251087e-05
"Li, Fangtao",0.0006760182524928173,0.0,3.0283507300251087e-05
"Zhang, Limeng",0.0006760182524928173,0.0,3.0283507300251087e-05
"Wang, Rongming",0.0019435524759168496,0.0008856909704509223,0.00013543723513500012
"Sun, Fengsheng",0.0005915159709312151,0.0,3.699138722121488e-23
"Zheng, Zebo",0.0005915159709312151,0.0,3.699138722121488e-23
"Huang, Wuchao",0.0005915159709312151,0.0,3.699138722121488e-23
"Xu, Ningsheng",0.0005915159709312151,0.0,3.699138722121488e-23
"Wang, Ximiao",0.0005915159709312151,0.0,3.699138722121488e-23
"Wang, Tianwu",0.0005915159709312151,0.0,3.699138722121488e-23
"Chen, Huanjun",0.0005915159709312151,0.0,3.699138722121488e-23
"Deng, Shaozhi",0.0005915159709312151,0.0,3.699138722121488e-23
"Tang, Shaoru",0.0006760182524928173,0.0,0.003911807896186508
"Ma, Yanan",0.0006760182524928173,0.0,0.003911807896186508
"Wang, Haimeng",0.0006760182524928173,0.0,0.003911807896186508
"Liang, Yuxuan",0.0006760182524928173,0.0,0.003911807896186508
"Xu, Xiaoyang",0.0006760182524928173,0.0,0.003911807896186508
"Zhang, Dingyu",0.0006760182524928173,0.0,0.003911807896186508
"Cao, Beiming",0.0006760182524928173,0.0,0.003911807896186508
"Li, Wenyao",0.0006760182524928173,0.0,0.011224834359416446
"Li, Gao",0.0015210410681088388,0.0011627042473019965,0.03663576827405977
"Sun, Jianqing",0.0006760182524928173,0.0,0.011224834359416446
"Zou, Rujia",0.0006760182524928173,0.0,0.011224834359416446
"Xu, Kaibing",0.0006760182524928173,0.0,0.011224834359416446
"Sun, Yangang",0.0011830319418624302,0.0011079185329164202,0.011425668561671527
"Chen, Zhigang",0.0023660638837248605,0.000586864447162953,0.12553561071074892
"Yang, Jianmao",0.0010985296603008281,2.2345361549109882e-05,0.013293959730855454
"Hu, Junqing",0.0010985296603008281,2.2345361549109882e-05,0.013293959730855454
"Shi, Wen-Bo",0.0008450228156160215,0.0,1.6040602890819413e-05
"He, Jie",0.003718100388710495,0.0025184633171892964,0.00016854379026088955
"Li, Qing-Xuan",0.0008450228156160215,0.0,1.6040602890819413e-05
"She, Xi-Chao",0.0008450228156160215,0.0,1.6040602890819413e-05
"Wang, Di",0.0011830319418624302,0.0002506766109522867,3.20705405860729e-05
"Jing, Hao",0.0008450228156160215,0.0,1.6040602890819413e-05
"Zhang, Rui-Li",0.0008450228156160215,0.0,1.6040602890819413e-05
"Zhao, Jin-Zhu",0.0008450228156160215,0.0,1.6040602890819413e-05
"Peng, Ru-Wen",0.0008450228156160215,0.0,1.6040602890819413e-05
"Xu, Hu",0.0008450228156160215,0.0,1.6040602890819413e-05
"Wang, Mu",0.0008450228156160215,0.0,1.6040602890819413e-05
"Qi, Kezhen",0.0003380091262464086,0.0,0.0007707395756868587
"Zada, Amir",0.002112557039040054,0.0006964863868512261,0.0021549524037278722
"Chen, Qingyang",0.0003380091262464086,0.0,0.0007707395756868587
"Khataee, Alireza",0.0005915159709312151,0.00014451111298909827,0.0007764038785978638
"Bharagav, U.",0.001014027378739226,0.0,1.1710353340286804e-12
"Reddy, N. Ramesh",0.001014027378739226,0.0,1.1710353340286804e-12
"Rao, V. Nava Koteswara",0.001014027378739226,0.0,1.1710353340286804e-12
"Ravi, P.",0.0011830319418624302,0.0,1.2042084945741719e-12
"Sathish, M.",0.0011830319418624302,0.0,1.2042084945741719e-12
"Rangappa, Dinesh",0.001014027378739226,0.0,1.1710353340286804e-12
"Prathap, K.",0.001014027378739226,0.0,1.1710353340286804e-12
"Chakra, Ch Shilpa",0.001014027378739226,0.0,1.1710353340286804e-12
"Shankar, M., V",0.001014027378739226,0.0,1.1710353340286804e-12
"Appels, Lise",0.001014027378739226,0.0,1.1710353340286804e-12
"Aminabhavi, Tejraj M.",0.0013520365049856345,0.0,1.2117599578560231e-12
"Kakarla, Raghava Reddy",0.001014027378739226,0.0,1.1710353340286804e-12
"Kumari, M. Mamatha",0.001014027378739226,0.0,1.1710353340286804e-12
"Sun, Lingna",0.0005915159709312151,0.0,3.699138722121488e-23
"Deng, Qingwei",0.0005915159709312151,0.0,3.699138722121488e-23
"Li, Yongliang",0.0005915159709312151,0.0,3.699138722121488e-23
"Mi, Hongwei",0.0005915159709312151,0.0,3.699138722121488e-23
"Wang, Suhang",0.0005915159709312151,0.0,3.699138722121488e-23
"Deng, Libo",0.0005915159709312151,0.0,3.699138722121488e-23
"Ren, Xiangzhong",0.0005915159709312151,0.0,3.699138722121488e-23
"Zhang, Peixin",0.0005915159709312151,0.0,3.699138722121488e-23
"Jiang, Baojiang",0.001014027378739226,0.00019185038278198368,0.0006129632263230963
"Hou, Zhongwei",0.0007605205340544194,0.0,0.00032848415692825265
"Tian, Chungui",0.001605543349670441,0.0014025311870877616,0.0015579656229768816
"Zhang, Xianfa",0.0013520365049856345,0.0014129733192086034,0.00045682745786227325
"Wu, Aiping",0.0007605205340544194,0.0,0.0003284841569282526
"Tian, Guohui",0.0013520365049856345,0.00038453186676744804,0.0006193314229167951
"Pan, Kai",0.0007605205340544194,0.0,0.0003284841569282526
"Ren, Zhiyu",0.001014027378739226,0.00019185038278198368,0.0006129632263230963
"Fu, Honggang",0.0021970593206016562,0.0026710290640747057,0.0016086320225700956
"Kozdra, Sylwia",0.0002535068446848065,0.0,4.620782904212632e-08
"Wojcik, Adrianna",0.0002535068446848065,0.0,4.620782904212632e-08
"Das, Tamal",0.0002535068446848065,0.0,4.620782904212632e-08
"Michalowski, Pawel Piotr",0.0010985296603008281,0.00014451111298909827,8.618533851233306e-07
"Gao, Huihui",0.0005915159709312151,4.8170370996366096e-05,4.838661969007446e-05
"Yang, Hongcen",0.0005915159709312151,4.8170370996366096e-05,4.838661969007446e-05
"Xu, Jinzhang",0.0003380091262464086,0.0,4.73273026434559e-05
"Zhang, Shouwei",0.0005915159709312151,4.8170370996366096e-05,4.838661969007446e-05
"Li, Jiaxing",0.0007605205340544194,0.00033719259697456266,0.0008407562368786347
"Zhu, Wenjing",0.0002535068446848065,0.0,6.570990368930812e-38
"Xia, Zhinan",0.0002535068446848065,0.0,6.570990368930812e-38
"Shi, Bingfeng",0.0002535068446848065,0.0,6.570990368930812e-38
"Lu, Changli",0.0002535068446848065,0.0,6.570990368930812e-38
"Chen, Yipu",0.0007605205340544194,0.0,2.5859846492293708e-05
"Khan, Hasmat",0.000507013689369613,0.0,5.041515900989548e-05
"Kim, Min-Ji",0.000507013689369613,0.0,5.041515900989548e-05
"Baek, Ji-Hu",0.000507013689369613,0.0,5.041515900989548e-05
"Bera, Susanta",0.000507013689369613,0.0,5.041515900989548e-05
"Woo, Hyun-Jae",0.000507013689369613,0.0,5.041515900989548e-05
"Moon, Hyoung-Seok",0.000507013689369613,0.0,5.041515900989548e-05
"Kwon, Se-Hun",0.001014027378739226,0.00028902222597819655,0.000798267747476931
"Gao, Qiang",0.0006760182524928173,0.00012911219616999636,1.5292501328141054e-05
"Li, Junxi",0.0006760182524928173,0.00012911219616999636,1.5292501328141054e-05
"Liu, Bin",0.0018590501943552475,0.0007673406739569082,0.0002397382041086093
"Liu, Chenguang",0.0002535068446848065,0.0,1.299828753678759e-05
"Xu, Zhaohao",0.0006760182524928173,0.0,1.1873375919844751e-20
"Pang, Zhibin",0.0006760182524928173,0.0,1.1873375919844751e-20
"Alshammari, Saad",0.0006760182524928173,0.0,1.1873375919844751e-20
"Yan, Xuefeng",0.0006760182524928173,0.0,1.1873375919844751e-20
"Thabet, Hamdy Khamees",0.0006760182524928173,0.0,1.1873375919844751e-20
"Jiang, Xiaohui",0.0006760182524928173,0.0,1.1873375919844751e-20
"El-Bahy, Zeinhom M.",0.0006760182524928173,0.0,1.1873375919844751e-20
"Xu, Xingtao",0.0006760182524928173,0.0,1.1873375919844751e-20
"Yu, Liangmin",0.0006760182524928173,0.0,1.1873375919844751e-20
"Chen, Jiancui",0.0008450228156160215,0.0,0.004514029111434017
"Song, Peng",0.0008450228156160215,0.0,0.004514029111434017
"Wei, Chijun",0.0008450228156160215,0.0,0.004514029111434017
"Wu, Kang",0.0008450228156160215,0.0,0.004514029111434017
"Liu, Xuanye",0.0008450228156160215,0.0,0.004514029111434017
"Gao, Hui",0.0008450228156160215,0.0,0.004514029111434017
"Guo, Hui",0.0008450228156160215,0.0,0.004514029111434017
"Yang, Haitao",0.0008450228156160215,0.0,0.004514029111434017
"Bao, Lihong",0.0008450228156160215,0.0,0.004514029111434017
"Gao, Hong-Jun",0.0008450228156160215,0.0,0.004514029111434017
"Si, Jingjing",0.000507013689369613,0.0,2.4813210995008534e-06
"Xiao, Shuying",0.000507013689369613,0.0,2.4813210995008534e-06
"Zhu, Lingbin",0.000507013689369613,0.0,2.4813210995008534e-06
"Xia, Xiaohong",0.001014027378739226,0.00014451111298909827,2.572323174235913e-06
"Huang, Zhongbing",0.000507013689369613,0.0,2.4813210995008534e-06
"Gao, Yun",0.001014027378739226,0.00014451111298909827,2.572323174235913e-06
"Liang, Yaru",0.0005915159709312151,0.0,1.2623630038950444e-06
"Xiong, Xiang",0.0011830319418624302,0.0007225555649454915,1.8610915165102137e-05
"Xu, Zhuijun",0.0005915159709312151,0.0,1.2623630038950448e-06
"Xia, Qingbing",0.0005915159709312151,0.0,1.2623630038950448e-06
"Wan, Liyang",0.0005915159709312151,0.0,1.2623630038950448e-06
"Liu, Rutie",0.0005915159709312151,0.0,1.2623630038950448e-06
"Chen, Guoxin",0.0012675342234240324,0.00038536296797092877,1.2970609191531402e-06
"Chou, Shu-Lei",0.0005915159709312151,0.0,1.2623630038950446e-06
"Cheng, Jingui",0.0003380091262464086,0.0,7.530387747459127e-05
"Zhang, Genlin",0.0009295250971776238,0.00124805256436305,0.0001670017794088671
"Xu, Shiwu",0.0003380091262464086,0.0,7.530387747459127e-05
"Zhang, Jinli",0.0003380091262464086,0.0,7.530387747459127e-05
"Zhang, Ziyue",0.0002535068446848065,0.0,2.9035919611509485e-07
"Wen, Zhen",0.0002535068446848065,0.0,2.9035919611509485e-07
"Zhu, Liping",0.0017745479127936454,0.0007539421966055287,2.853663793212724e-06
"Zhao, Fanyue",0.0006760182524928173,0.0,1.5864935526828833e-06
"Li, Wenfeng",0.0006760182524928173,0.0,1.5864935526828833e-06
"Song, Yu",0.0011830319418624302,3.853629679709285e-05,5.31037871451319e-06
"Ma, Chun",0.0006760182524928173,0.0,1.5864935526828833e-06
"Dong, Xiaoli",0.0006760182524928173,0.0,1.5864935526828833e-06
"Wei, Chenwei",0.0002535068446848065,0.0,8.774495696633276e-43
"Cao, Tun",8.450228156160216e-05,0.0,4.043385252481582e-43
"Favre, Remi",0.0001690045631232043,0.0,1.92059692882817e-40
"Marfoua, Brahim",8.450228156160216e-05,0.0,1.1672423683483423e-52
"Hong, Jisang",8.450228156160216e-05,0.0,1.1672423683483423e-52
"Pang, Xin",0.0006760182524928173,0.0,0.00022294947221374847
"Xue, Shixiang",0.0006760182524928173,0.0,0.00022294947221374847
"Zhou, Tong",0.0026195707284096667,0.0031289907595131944,0.0004847039903061564
"Qiao, Mingtao",0.0006760182524928173,0.0,0.0002229494722137485
"Li, Huaxing",0.0006760182524928173,0.0,0.0002229494722137485
"Liu, Xue",0.0014365387865472366,0.00029156688199618425,0.0005339652969278992
"Liu, Gang",0.001605543349670441,0.001139507922674145,0.002434256186169175
"Lei, Wanying",0.0006760182524928173,0.0,0.00022294947221374847
"Ismail, Adel A.",0.0011830319418624302,9.29603650807065e-06,1.2039458004996623e-24
"Alsheheri, Soad Z.",0.0002535068446848065,0.0,2.748940672848286e-25
"Al-Hajji, L. A.",0.0002535068446848065,0.0,2.748940672848286e-25
"Mahmoud, M. H. H.",0.0002535068446848065,0.0,2.748940672848286e-25
"Lertthanaphol, Napat",0.0013520365049856345,4.6782001907498405e-07,7.079449930232905e-10
"Prawiset, Natthanicha",0.001014027378739226,0.0,5.768729156528457e-10
"Soontornapaluk, Pornpinun",0.001014027378739226,0.0,5.768729156528457e-10
"Kitjanukit, Nutkamol",0.0014365387865472366,6.086690570760544e-07,7.312813812036836e-10
"Neamsung, Wannisa",0.0014365387865472366,6.086690570760544e-07,7.312813812036836e-10
"Pienutsa, Natpichan",0.001014027378739226,0.0,5.768729156528457e-10
"Chusri, Kittapas",0.001014027378739226,0.0,5.768729156528457e-10
"Sornsuchat, Thirawit",0.001014027378739226,0.0,5.768729156528457e-10
"Chanthara, Prowpatchara",0.0013520365049856345,4.6782001907498405e-07,7.079449930232905e-10
"Phadungbut, Poomiwat",0.0014365387865472366,6.086690570760544e-07,7.312813812036836e-10
"Seeharaj, Panpailin",0.0011830319418624302,2.4648581650187326e-07,6.363031050793192e-10
"Kim-Lohsoontorn, Pattaraporn",0.0014365387865472366,6.086690570760544e-07,7.312813812036836e-10
"Srinives, Sira",0.0014365387865472366,6.086690570760544e-07,7.312813812036836e-10
"Zhou, Qicheng",0.0007605205340544194,0.0,0.0009720794464866624
"Gao, Shiyong",0.0007605205340544194,0.0,0.0009720794464866624
"Gao, Qiong",0.0007605205340544194,0.0,0.0009720794464866624
"Zhang, Mingyi",0.001690045631232043,0.0009668941127752073,0.0011059666825358348
"Bai, Jinlong",0.0007605205340544194,0.0,0.0009720794464866624
"Zhao, Yi",0.0021970593206016562,0.002472021305614022,0.001123529012455679
"Yang, Shihao",0.0007605205340544194,0.0,0.0009720794464866624
"Ren, Shuai",0.0007605205340544194,0.0,0.0009720794464866624
"Jiao, Shujie",0.0007605205340544194,0.0,0.0009720794464866624
"Zhao, Wen-Qin",0.0005915159709312151,0.0,4.5933807658890866e-05
"Zou, Jing-Wen",0.0005915159709312151,0.0,4.5933807658890866e-05
"Qu, Shu-Zhou",0.0005915159709312151,0.0,4.5933807658890866e-05
"Qin, Ping-Li",0.0005915159709312151,0.0,4.5933807658890866e-05
"Chen, Xiang-Bai",0.0005915159709312151,0.0,4.5933807658890866e-05
"Ding, Si-Jing",0.0005915159709312151,0.0,4.5933807658890866e-05
"Wang, Qu-Quan",0.0005915159709312151,0.0,4.5933807658890866e-05
"Li, Y. X.",0.00042251140780801076,0.0,6.255337454385627e-23
"Shi, J. D.",0.00042251140780801076,0.0,6.255337454385627e-23
"Xiang, Y. Q.",0.00042251140780801076,0.0,6.255337454385627e-23
"Qu, J. H.",0.00042251140780801076,0.0,6.255337454385627e-23
"Yuan, G. L.",0.00042251140780801076,0.0,6.255337454385627e-23
"Wang, X.",0.001014027378739226,0.0,2.0214014240387594e-22
"Wang, Kuan",0.0007605205340544194,0.0,0.0009644047994922875
"You, Run-Jing",0.0007605205340544194,0.0,0.0009644047994922875
"Ma, Hui",0.0007605205340544194,0.0,0.0009644047994922875
"Sun, Tong",0.0007605205340544194,0.0,0.0009644047994922875
"He, Zhen-Hong",0.0007605205340544194,0.0,0.0009644047994922875
"Chen, Jian-Gang",0.0007605205340544194,0.0,0.0009644047994922875
"Wang, Huan",0.0013520365049856345,0.0006586615768841591,0.0009865381289719851
"Wang, Weitao",0.0007605205340544194,0.0,0.0009644047994922875
"Liu, Zhao-Tie",0.0007605205340544194,0.0,0.0009644047994922875
"Lian, Jiabiao",0.0008450228156160215,0.0,0.09340621324223247
"Zhu, Xingwang",0.0036335981071488927,0.0012470056002306894,0.222084505035657
"Yan, Pengcheng",0.0008450228156160215,0.0,0.09340621324223247
"Lei, Yucheng",0.0008450228156160215,0.0,0.09340621324223247
"Yuan, Shouqi",0.001690045631232043,0.0,0.15313452696328508
"Palanisamy, G.",0.0005915159709312151,0.0,3.699138722121488e-23
"Bhuvaneswari, K.",0.0005915159709312151,0.0,3.699138722121488e-23
"Srinivasan, M.",0.0005915159709312151,0.0,3.699138722121488e-23
"Vignesh, S.",0.0005915159709312151,0.0,3.699138722121488e-23
"Elavarasan, N.",0.0005915159709312151,0.0,3.699138722121488e-23
"Venkatesh, G.",0.0005915159709312151,0.0,3.699138722121488e-23
"Pazhanivel, T.",0.0005915159709312151,0.0,3.699138722121488e-23
"Ramasamy, P.",0.0005915159709312151,0.0,3.699138722121488e-23
"Cao, Yue",0.00042251140780801076,0.0,0.00026119498023448356
"Hu, Yun Hang",8.450228156160216e-05,0.0,1.0090914559221781e-48
"Oliva, Maria Angeles",0.000507013689369613,0.0,5.327153564675236e-26
"Giraldo, David",0.000507013689369613,0.0,5.327153564675236e-26
"Almodovar, Paloma",0.000507013689369613,0.0,5.327153564675236e-26
"Martin, Francisco",0.000507013689369613,0.0,5.327153564675236e-26
"Lopez, Maria Luisa",0.000507013689369613,0.0,5.327153564675236e-26
"Pavlovic, Ivana",0.000507013689369613,0.0,5.327153564675236e-26
"Sanchez, Luis",0.000507013689369613,0.0,5.327153564675236e-26
"Yang, Jin-Peng",0.000507013689369613,0.0,5.327153564675236e-26
"Bao, Qin-Ye",0.000507013689369613,0.0,5.327153564675236e-26
"Xiao, Yan",0.000507013689369613,0.0,5.327153564675236e-26
"Deng, Yan-Hong",0.000507013689369613,0.0,5.327153564675236e-26
"Li, Yan-Qing",0.000507013689369613,0.0,5.327153564675236e-26
"Lee, Shuit-Tong",0.000507013689369613,0.0,5.327153564675236e-26
"Tang, Jian-Xin",0.000507013689369613,0.0,5.327153564675236e-26
"Jin, Chunqiao",0.0019435524759168496,0.00026690671701830375,0.0002416661927344209
"Zhai, Pengbo",0.0019435524759168496,0.00026690671701830375,0.0002416661927344209
"Tang, Jianli",0.001014027378739226,0.0,0.000136946032378966
"Huo, Liuxiang",0.001014027378739226,0.0,0.000136946032378966
"He, Qianqian",0.001014027378739226,0.0,0.000136946032378966
"Ye, Yan",0.001014027378739226,0.0,0.000136946032378966
"Qiu, Lingxi",0.001014027378739226,0.0,0.000136946032378966
"Jiang, Kai",0.0015210410681088388,0.0006743851939491253,0.00013942030122290251
"Shang, Liyan",0.001014027378739226,0.0,0.000136946032378966
"Li, Yawei",0.001014027378739226,0.0,0.000136946032378966
"Gong, Yongji",0.0019435524759168496,0.00026690671701830375,0.0002416661927344209
"Hu, Zhigao",0.001605543349670441,0.001288675088874634,0.0010134405841413015
"Chu, Junhao",0.001014027378739226,0.0,0.000136946032378966
"Subudhi, Satyabrata",0.0002535068446848065,0.0,3.1599066578783416e-25
"Yang, Xueliang",0.0002535068446848065,0.0,0.0003100631956448107
"Liu, Wei",0.0027885752915328714,0.0027863788997249763,0.000592737006417508
"Chen, Jingwei",0.0002535068446848065,0.0,0.0003100631956448107
"Sun, Yun",0.0017745479127936454,0.0012500177680265076,0.005346784259862016
"Sun, Zhengdong",0.0006760182524928173,0.0,0.0004024833023729708
"Ma, Jiaxin",0.0006760182524928173,0.0,0.0004024833023729708
"Zhu, Junhao",0.0006760182524928173,0.0,0.0004024833023729708
"Shen, Yifei",0.0006760182524928173,0.0,0.0004024833023729708
"Sheng, Zhuyuan",0.0006760182524928173,0.0,0.0004024833023729708
"Liu, Yiqing",0.0006760182524928173,0.0,0.0004024833023729708
"Liu, Weide",0.0006760182524928173,0.0,0.0004024833023729708
"Zhang, Minwei",0.0006760182524928173,0.0,0.0004024833023729708
"Li, Ya-Nan",0.0003380091262464086,0.0,3.683167485230363e-33
"Chen, Zhao-Yang",0.0003380091262464086,0.0,3.683167485230363e-33
"Wang, Min-Qiang",0.0003380091262464086,0.0,3.683167485230363e-33
"Zhang, Long-zhen",0.0003380091262464086,0.0,3.683167485230363e-33
"Bao, Shu-Juan",0.0003380091262464086,0.0,3.683167485230363e-33
"Liu, Qiong",0.0007605205340544194,2.6721395564995307e-05,1.4562220177119047e-05
"Lu, Hao",0.000507013689369613,0.0,1.4049298362892973e-05
"Shi, Zhiwei",0.000507013689369613,0.0,1.4049298362892973e-05
"Wu, Fangli",0.0009295250971776238,5.1518281955331726e-05,1.4839556861149264e-05
"Deng, Kaimo",0.000507013689369613,0.0,1.4049298362892973e-05
"Li, Liang",0.0018590501943552475,0.0011713724671155211,3.221454628660572e-05
"Lu, Wei",0.0009295250971776238,0.00024085185498183047,7.351680481094771e-05
"Ding, Tian",0.000507013689369613,0.0,7.25070465352302e-05
"Lu, Na",0.0008450228156160215,0.0,8.478205566761042e-05
"Zhang, Jiaming",0.0011830319418624302,0.00028902222597819655,8.023825819535878e-05
"Yun, Kui",0.000507013689369613,0.0,7.25070465352302e-05
"Zhang, Zhenyi",0.0021970593206016562,0.0011286648988706816,0.0005805293748640089
"Zhao, Yirui",0.0005915159709312151,0.0,3.699138722121488e-23
"Hao, Hongshun",0.0005915159709312151,0.0,3.699138722121488e-23
"Zhong, Jiaqi",0.0005915159709312151,0.0,3.699138722121488e-23
"Zhang, Gongliang",0.0005915159709312151,0.0,3.699138722121488e-23
"Bi, Jingran",0.0005915159709312151,0.0,3.699138722121488e-23
"Yan, Shuang",0.0005915159709312151,0.0,3.699138722121488e-23
"Hong, Feng",0.0005915159709312151,0.0,3.699138722121488e-23
"Hou, Hongman",0.0005915159709312151,0.0,3.699138722121488e-23
"Wang, Xianjin",0.0006760182524928173,0.0,1.1873375919844751e-20
"Chen, Qitao",0.0006760182524928173,0.0,1.1873375919844751e-20
"Khan, Afaq Ullah",0.0006760182524928173,0.0,1.1873375919844751e-20
"Li, Lixia",0.0006760182524928173,0.0,1.1873375919844751e-20
"Deng, Bangya",0.0006760182524928173,0.0,1.1873375919844751e-20
"Jiang, Tianyao",0.0006760182524928173,0.0,1.1873375919844751e-20
"Liu, Yanhong",0.0006760182524928173,0.0,1.1873375919844751e-20
"Liu, Naiyun",0.0006760182524928173,0.0,1.1873375919844751e-20
"Mao, Baodong",0.0006760182524928173,0.0,1.1873375919844751e-20
"Li, Yanyan",0.001690045631232043,0.0034066444395221395,0.0012459482747684046
"Ruan, Qinqin",0.0005915159709312151,0.0,0.0011884980144022974
"Lin, Haifeng",0.0005915159709312151,0.0,0.0011884980144022974
"Geng, Yanling",0.0005915159709312151,0.0,0.0011884980144022974
"Wang, Jiefei",0.0005915159709312151,0.0,0.0011884980144022974
"Wang, Hui",0.0011830319418624302,0.00033719259697456266,0.0012149378178359105
"Liu, Zhao-Lei",0.000507013689369613,0.0,1.2256751404256339e-05
"Liu, Rui-Rui",0.000507013689369613,0.0,1.2256751404256339e-05
"Mu, Yan-Fei",0.0006760182524928173,2.561179236394827e-06,2.0823339365225853e-05
"Feng, You-Xiang",0.0007605205340544194,0.0,1.4135654638428221e-05
"Dong, Guang-Xing",0.0006760182524928173,2.561179236394827e-06,2.0823339365225853e-05
"Lu, Tong-Bu",0.0006760182524928173,2.561179236394827e-06,2.0823339365225853e-05
"Yang, Yali",0.0003380091262464086,0.0,8.243687688252486e-06
"Zhang, Dainan",0.0005915159709312151,0.0006350170609183586,3.405176498663441e-05
"Liao, Yulong",0.0005915159709312151,0.0006350170609183586,3.405176498663441e-05
"Xiang, Quanjun",0.0007605205340544194,0.0006563229543826225,3.453087650888107e-05
"Vijayan, Aruna",8.450228156160216e-05,0.0,1.1672423683483423e-52
"Sandhyarani, N.",8.450228156160216e-05,0.0,1.1672423683483423e-52
"Zhao, Yali",0.00042251140780801076,0.0,1.949375801833072e-05
"Wang, Guanshi",0.0006760182524928173,0.0,2.245835181727315e-05
"Zhu, Chaoyuan",0.0006760182524928173,0.0,2.245835181727315e-05
"Patnaik, Sulagna",0.0001690045631232043,0.0,4.961725533464465e-44
"Swain, Gayatri",0.0001690045631232043,0.0,4.961725533464465e-44
"Parida, K. M.",0.0001690045631232043,0.0,4.961725533464465e-44
"Li, Zijiong",0.0005915159709312151,0.0,7.475474633099656e-27
"Liu, Yanyue",0.0005915159709312151,0.0,7.475474633099656e-27
"Guo, Dongfang",0.0005915159709312151,0.0,7.475474633099656e-27
"Jia, Rongrong",0.00042251140780801076,0.0,6.053534104153796e-27
"Zhai, Xuezhen",0.00042251140780801076,0.0,6.053534104153796e-27
"Zhang, Lamei",0.00042251140780801076,0.0,6.053534104153796e-27
"Zhang, Huayang",0.0008450228156160215,2.5352826840192686e-07,5.1573700733294255e-05
"Tian, Wenjie",0.00042251140780801076,0.0,3.7099182486679723e-05
"Li, Yunguo",0.00042251140780801076,0.0,3.7099182486679723e-05
"Sun, Hongqi",0.001014027378739226,0.00035811196296233074,0.00017665091703241443
"Tade, Moses O.",0.00042251140780801076,0.0,3.7099182486679723e-05
"Feng, Keting",0.00042251140780801076,0.0,0.00013630558146901007
"Sun, Tao",0.0025350684468480648,0.0013353361421859812,0.0003168689946135431
"Hu, Xiaoyun",0.0015210410681088388,0.000504011022439977,0.0008194459555916167
"Fan, Jun",0.0010985296603008281,0.0003855501026717931,0.0007750410535218842
"Yang, Dongyuan",0.00042251140780801076,0.0,0.0001363055814690101
"Liu, Enzhou",0.0012675342234240324,0.00015885807551091203,0.0007906458300414164
"Chen, Danni",0.0005915159709312151,0.0,1.851158268850774e-11
"Xie, Zhijie",0.0005915159709312151,0.0,1.851158268850774e-11
"Zeng, Yongqin",0.0005915159709312151,0.0,1.851158268850774e-11
"Lv, Wenying",0.0014365387865472366,0.0,3.905348363808845e-11
"Zhang, Qianxin",0.0014365387865472366,0.0,3.905348363808845e-11
"Wang, Fengliang",0.0011830319418624302,0.0,3.4389518148573125e-11
"Shanmugaraj, Krishnamoorthy",0.0006760182524928173,0.0,3.316118120584308e-08
"Manikandan, Velu",0.0013520365049856345,0.00038536296797092877,4.391701352045844e-07
"Vinoth, Victor",0.0006760182524928173,0.0,3.3161181205843085e-08
"Annamalai, Padmanaban",0.0006760182524928173,0.0,3.3161181205843085e-08
"Selvamani, Muthamizh",0.0006760182524928173,0.0,3.3161181205843085e-08
"Song, Kwang Soup",0.0006760182524928173,0.0,3.3161181205843085e-08
"Mathivanan, Moorthy",0.0006760182524928173,0.0,3.3161181205843085e-08
"Novoa, Nestor",0.0006760182524928173,0.0,3.3161181205843085e-08
"Pugazhenthiran, Nalandhiran",0.0006760182524928173,0.0,3.3161181205843085e-08
"Yao, Huizhen",8.450228156160216e-05,0.0,1.1672423683483423e-52
"Liu, Lai",8.450228156160216e-05,0.0,1.1672423683483423e-52
"Shajahan, Shanavas",8.450228156160216e-05,0.0,1.1672423683483423e-52
"Mohammad, Abu Haija",8.450228156160216e-05,0.0,1.1672423683483423e-52
"Fan, Lukai",0.0008450228156160215,0.0,5.061516966135325e-07
"Zhao, Jinghao",0.0008450228156160215,0.0,5.061516966135325e-07
"Jing, Fengyang",0.0008450228156160215,0.0,5.061516966135325e-07
"Qin, Xiujuan",0.0008450228156160215,0.0,5.061516966135325e-07
"Shao, Guangjie",0.0008450228156160215,0.0,5.061516966135325e-07
"Lou, Wenhua",0.000507013689369613,0.0,0.0017319897806930135
"Ma, Xiaoguang",0.000507013689369613,0.0,0.0017319897806930135
"Yang, Chuanlu",0.000507013689369613,0.0,0.0017319897806930135
"Feng, Lixun",0.000507013689369613,0.0,0.0017319897806930135
"Gao, Xiaochun",0.000507013689369613,0.0,0.0017319897806930135
"Wang, Jiahui",0.0006760182524928173,0.0,0.01023291239148325
"Ye, Xiangju",0.0006760182524928173,0.0,0.01023291239148325
"Ge, Jingbiao",0.0006760182524928173,0.0,0.01023291239148325
"Zhang, Sujuan",0.0006760182524928173,0.0,0.01023291239148325
"Zheng, Xiuzhen",0.0006760182524928173,0.0,0.01023291239148325
"Chen, Shifu",0.0011830319418624302,0.0008996497552267456,0.010494536906643988
"Gao, Jingsong",0.000507013689369613,0.0,9.314901689555963e-05
"Xu, Jinghang",0.000507013689369613,0.0,9.314901689555963e-05
"Yang, Juan",0.000507013689369613,0.0,9.314901689555963e-05
"Xu, Guolong",0.0006760182524928173,0.0,0.006000068502881657
"Zhang, Erpan",0.0006760182524928173,0.0,0.006000068502881657
"Dong, Ying",0.0008450228156160215,0.0,6.903941603975987e-05
"Gao, Tengyang",0.0008450228156160215,0.0,6.903941603975987e-05
"Yuan, Saisai",0.0008450228156160215,0.0,6.903941603975987e-05
"Chen, Yiming",0.0008450228156160215,0.0,6.903941603975987e-05
"Wang, Xijuan",0.0008450228156160215,0.0,6.903941603975987e-05
"Yin, Yu",0.001605543349670441,0.0008109223134636571,0.00011876344465585706
"Chen, Chuanxiang",0.0014365387865472366,0.00017859598335304646,0.0001100083839381817
"Tang, Liang",0.0012675342234240324,0.0005143928781257315,9.629920545300057e-05
"Ohno, Teruhisa",0.0008450228156160215,0.0,6.903941603975987e-05
"Beyhaqi, Ahmad",0.00042251140780801076,0.0,1.4402998757141094e-06
"Zeng, Qingyi",0.0009295250971776238,0.00024085185498183047,2.4173339440181618e-05
"Chang, Sheng",0.00042251140780801076,0.0,1.4402998757141094e-06
"Wang, Mingqi",0.00042251140780801076,0.0,1.4402998757141094e-06
"Azimi, Seyed Mohammad Taghi",0.00042251140780801076,0.0,1.4402998757141094e-06
"Hu, Chun",0.00042251140780801076,0.0,1.4402998757141094e-06
"Han, Feng",0.0006760182524928173,0.0,2.6489323473757733e-08
"Xia, Chengkai",0.0006760182524928173,0.0,2.6489323473757733e-08
"Wang, Siyan",0.0006760182524928173,0.0,2.6489323473757733e-08
"Ramachandran, Ranish M.",0.0006760182524928173,0.0,2.6489323473757733e-08
"Wei, Minsong",0.0006760182524928173,0.0,2.6489323473757733e-08
"Lin, Liwei",0.0010985296603008281,0.00024085185498183047,2.6863386044119965e-08
"Jayarathna, Roshani Awanthika",0.00042251140780801076,0.0,1.6956519099805926e-19
"Lee, Sangyeob",0.00042251140780801076,0.0,1.6956519099805926e-19
"Lee, Jae-Hyun",0.0009295250971776238,0.0,2.0559418145186402e-19
"Zhang, Yuheng",0.0009295250971776238,0.00014451111298909827,0.0017421111060363522
"Xue, Wen",0.00042251140780801076,0.0,0.0016815954877005092
"Liu, Jinghong",0.00042251140780801076,0.0,0.0016815954877005092
"Song, Hanyang",0.00042251140780801076,0.0,0.0016815954877005092
"Zhu, Xiashi",0.0009295250971776238,0.00014451111298909827,0.0017421111060363522
"Zhuo, Zhenzhen",0.0007605205340544194,0.0,0.00015498989265763112
"Shen, Cheng",0.0007605205340544194,0.0,0.00015498989265763112
"Cai, Mengdie",0.0007605205340544194,0.0,0.00015498989265763112
"Xue, Zhaoming",0.0007605205340544194,0.0,0.00015498989265763112
"Fu, Zhiyuan",0.0007605205340544194,0.0,0.00015498989265763112
"Wei, Yuxue",0.0007605205340544194,0.0,0.00015498989265763112
"Sun, Song",0.0007605205340544194,0.0,0.00015498989265763112
"Algadi, Hassan",0.0001690045631232043,0.0,4.961725533464465e-44
"Ren, Junna",0.0001690045631232043,0.0,4.961725533464465e-44
"Alqarni, Asmma",0.0001690045631232043,0.0,4.961725533464465e-44
"Wang, Zhiwei",0.0003380091262464086,0.0,3.7637340248611916e-08
"Yang, Guang",0.001605543349670441,0.0005780444519563931,6.467464488160023e-07
"Tan, Chiew Kei",0.0003380091262464086,0.0,3.763734024861191e-08
Tam Duy Nguyen,0.0003380091262464086,0.0,3.763734024861191e-08
"Tok, Alfred Iing Yoong",0.0003380091262464086,0.0,3.763734024861191e-08
"Wazir, Nasrullah",0.0006760182524928173,0.0,8.184871855567098e-06
"Liu, Ruibin",0.0006760182524928173,0.0,8.184871855567098e-06
"Ding, Chunjie",0.0006760182524928173,0.0,8.184871855567098e-06
"Wang, Xianshuang",0.0006760182524928173,0.0,8.184871855567098e-06
"Ye, Xin",0.0006760182524928173,0.0,8.184871855567098e-06
Xie Lingling,0.0006760182524928173,0.0,8.184871855567098e-06
"Lu, Tianqi",0.0006760182524928173,0.0,8.184871855567098e-06
"Wei, Li",0.0006760182524928173,0.0,8.184871855567098e-06
"Zou, Bingsuo",0.0014365387865472366,0.00038536296797092877,0.00011305205548536328
"Kumar, Ashutosh",0.0002535068446848065,0.0,3.199979806307205e-08
"Khan, Musharib",0.0002535068446848065,0.0,3.199979806307205e-08
"Lo, Irene M. C.",0.0002535068446848065,0.0,3.199979806307205e-08
"Ma, Haixin",0.00042251140780801076,0.0,1.2973191751783566e-08
"Xing, Yanhui",0.00042251140780801076,0.0,1.2973191751783566e-08
"Cui, Boyao",0.00042251140780801076,0.0,1.2973191751783566e-08
"Han, Jun",0.0009295250971776238,0.00024085185498183047,2.1777461831180836e-07
"Wang, Binghui",0.00042251140780801076,0.0,1.2973191751783566e-08
"Zeng, Zhongming",0.00042251140780801076,0.0,1.2973191751783566e-08
"Adigilli, Harish Kumar",0.00042251140780801076,0.0,2.793203157953156e-29
"Padya, Balaji",0.00042251140780801076,0.0,2.793203157953156e-29
"Venkatesh, L.",0.00042251140780801076,0.0,2.793203157953156e-29
"Chakravadhanula, V. S. K.",0.00042251140780801076,0.0,2.793203157953156e-29
"Pandey, A. K.",0.00042251140780801076,0.0,2.793203157953156e-29
"Joardar, Joydip",0.00042251140780801076,0.0,2.793203157953156e-29
"Liu, Guozhen",0.0006760182524928173,0.0,3.620613793279798e-08
"Yuan, Xinguang",0.0006760182524928173,0.0,3.620613793279798e-08
"Yang, Yanmin",0.001014027378739226,5.915659596044959e-05,1.503792660284957e-07
"Tao, Jianming",0.001014027378739226,5.975413733378747e-05,1.503792660284957e-07
"Chi, Yubin",0.0006760182524928173,0.0,3.620613793279798e-08
"Hong, Lixun",0.0006760182524928173,0.0,3.620613793279798e-08
"Lin, Zhiya",0.0006760182524928173,0.0,3.620613793279798e-08
"Lin, Yingbin",0.001014027378739226,5.915659596044959e-05,1.5037926602849568e-07
"Huang, Zhigao",0.0013520365049856345,0.00044451956393137836,1.5197573502962008e-07
"Meng, Yaqin",0.0003380091262464086,0.0,2.3269335543723943e-07
"Sun, Jie",0.0008450228156160215,0.00019268148398546438,3.993886108699662e-06
"Guo, Yanmei",0.0003380091262464086,0.0,2.3269335543723943e-07
"Chen, Jinxi",0.0003380091262464086,0.0,2.3269335543723943e-07
"Lou, Yongbing",0.0003380091262464086,0.0,2.3269335543723943e-07
"Li, Bingzhu",0.0002535068446848065,0.0,1.9099908368453577e-05
"Ma, Xiaohua",0.0002535068446848065,0.0,1.9099908368453577e-05
"Lei, Minjun",0.0002535068446848065,0.0,1.9099908368453577e-05
"Fazli, Arezoo",0.0002535068446848065,0.0,4.122404228161613e-05
"Zakeri, Fatemeh",0.0002535068446848065,0.0,4.122404228161613e-05
"Joo, Sang Woo",0.0002535068446848065,0.0,4.122404228161613e-05
"Zhu, Jiahao",0.000507013689369613,0.0,0.000272721079859027
"Chen, Changdong",0.0010985296603008281,7.570928858906066e-05,0.00034714295002901866
"Kan, Zhe",0.0007605205340544194,4.854085057806372e-05,0.0002945170728901166
"Gao, Ying",0.000507013689369613,0.0,0.000272721079859027
"Wang, Fangfang",0.0010985296603008281,7.570928858906066e-05,0.00034714295002901866
"Eshete, Mesfin",0.0003380091262464086,0.0,3.683167485230363e-33
"Li, Xiyu",0.0003380091262464086,0.0,3.683167485230363e-33
"Xie, Tian",0.0003380091262464086,0.0,3.683167485230363e-33
"Jiang, Jun",0.0003380091262464086,0.0,3.683167485230363e-33
"Zhang, Guozhen",0.0003380091262464086,0.0,3.683167485230363e-33
"Zhu, Changrong",0.0007605205340544194,0.0,0.0004951369821614804
"Yang, Lu",0.0013520365049856345,0.0005997383968518431,0.0005312960873863674
"Seo, Joon Kyo",0.0007605205340544194,0.0,0.0004951369821614804
"Shin, JaeWook",0.0007605205340544194,0.0,0.0004951369821614804
"Chao, Dongliang",0.0007605205340544194,0.0,0.0004951369821614804
"Zhang, Hua",0.0025350684468480648,0.0036523209315215744,0.0008148980230000656
"Meng, Ying Shirley",0.0007605205340544194,0.0,0.0004951369821614804
"Fan, Hong Jin",0.0011830319418624302,0.00037905242784220026,0.0005421748872522318
"Yang, Wenhui",0.0007605205340544194,0.0,2.5295112934098445e-05
"Peng, Qiying",0.0007605205340544194,0.0,2.5295112934098445e-05
"Li, Xinyan",0.0007605205340544194,0.0,2.5295112934098445e-05
"Cao, Jun",0.0011830319418624302,0.000607819253845572,3.081893798545208e-05
"Zhu, Mei",0.0006760182524928173,0.0,2.4185913270201844e-05
"Sun, Jing",0.0007605205340544194,0.0007410356889930848,0.0009682363504347323
"Zhang, Hui",0.004478620922764914,0.005792916886773752,0.0006230553738904049
"Guo, Liang-Hong",0.0002535068446848065,0.0,8.038898341144561e-05
"Zhao, Lixia",0.0002535068446848065,0.0,8.038898341144561e-05
"Wei, Na",0.0011830319418624302,0.00031253664919602054,1.557823306316298e-06
"Wu, Yanhao",0.000507013689369613,0.0,9.255118002836414e-07
"Wang, Mingliang",0.000507013689369613,0.0,9.255118002836414e-07
"Sun, Wenxia",0.000507013689369613,0.0,9.255118002836414e-07
"Li, Zhenkui",0.000507013689369613,0.0,9.255118002836414e-07
"Ding, Lei",0.001014027378739226,0.0009696758654641339,1.0610482765034663e-05
"Cui, Hongzhi",0.002028054757478452,0.0007386890878816348,4.30036799559549e-06
"Chandra, Moumita",0.0001690045631232043,0.0,4.961725533464465e-44
"Guharoy, Utsab",0.0001690045631232043,0.0,4.961725533464465e-44
"Pradhan, Debabrata",0.0001690045631232043,0.0,4.961725533464465e-44
"Cao, Shaowen",0.0007605205340544194,1.2321768196285046e-05,5.14111259260596e-05
"Shen, Baojia",0.00042251140780801076,7.324149976055664e-07,3.8594513836509376e-05
"Tong, Tong",0.0003380091262464086,0.0,3.734084710105777e-05
"Jia, Jianhui",0.00042251140780801076,0.0,4.775993347931614e-06
"Zhao, Jingzhong",0.00042251140780801076,0.0,4.775993347931614e-06
"Li, Shujuan",0.0012675342234240324,0.0006595404862156921,2.2241923273350784e-05
"Ren, Pengrong",0.00042251140780801076,0.0,4.775993347931613e-06
"Lu, Kathy",0.00042251140780801076,0.0,4.775993347931613e-06
"Zeng, Zixin",8.450228156160216e-05,0.0,1.1672423683483423e-52
"Boris, Ksenofontov",8.450228156160216e-05,0.0,1.1672423683483423e-52
"Zhang, Saisai",0.000507013689369613,0.0,0.0009336058871368813
"Li, Yanwei",0.000507013689369613,0.0,0.0009336058871368813
"Sun, Guang",0.000507013689369613,0.0,0.0009336058871368813
"Cao, Jianliang",0.0014365387865472366,7.875720930333641e-05,0.0013962764438902203
"Zhang, Zhanying",0.000507013689369613,0.0,0.0009336058871368813
"Wang, Shu",0.0008450228156160215,0.0,0.0003945542914618009
"Jiao, Yongxin",0.0008450228156160215,0.0,0.0003945542914618009
"Yin, Jianan",0.0008450228156160215,0.0,0.0003945542914618009
"Liu, Yupu",0.0008450228156160215,0.0,0.0003945542914618009
"Yang, Wenlong",0.0008450228156160215,0.0,0.0003945542914618009
"Han, Shuang",0.0008450228156160215,0.0,0.0003945542914618009
"Zhao, Bo",0.0008450228156160215,0.0,0.0003945542914618009
"Wu, Fengmin",0.0008450228156160215,0.0,0.0003945542914618009
"Jiang, Jiuxing",0.0008450228156160215,0.0,0.0003945542914618009
"Han, Dandan",0.0009295250971776238,0.00012232452102990863,5.53726509230029e-05
"Pan, Yifan",0.0005915159709312151,0.0,1.0679295679416222e-05
"Wei, Jinhe",0.0005915159709312151,0.0,1.0679295679416222e-05
"Mao, Liucheng",0.0006760182524928173,2.790186700671444e-06,1.0995835901961478e-05
"Shen, Ye",0.0006760182524928173,2.790186700671444e-06,1.0995835901961478e-05
"Zhao, Yuan",0.0011830319418624302,0.0002918124126788679,1.1190218647109363e-05
"Xu, Pengcheng",0.0015210410681088388,0.0007437152051105872,6.782108766195299e-05
"Wei, Yen",0.0009295250971776238,0.00012232452102990863,5.53726509230029e-05
"Fang, Long",0.0006760182524928173,0.0,2.959225933306496e-06
"Tao, Shaohua",0.0006760182524928173,0.0,2.959225933306496e-06
"Tian, Zhenzhen",0.0006760182524928173,0.0,2.959225933306496e-06
"Liu, Kunwu",0.0006760182524928173,0.0,2.959225933306496e-06
"Li, Xi",0.001014027378739226,0.00675652835291135,4.03599434271472e-05
"Zhou, Jiang",0.0006760182524928173,0.0,2.959225933306496e-06
"Huang, Han",0.0006760182524928173,0.0,2.959225933306496e-06
"He, Jun",0.0015210410681088388,0.006384686892588524,3.081544553434123e-06
"Yuan, Xiaoming",0.0006760182524928173,0.0,2.9592259333064954e-06
"Chang, Fei",0.00042251140780801076,0.0,9.855126712493376e-06
"Yan, Wenjing",0.00042251140780801076,0.0,9.855126712493376e-06
"Wang, Xiaomeng",0.00042251140780801076,0.0,9.855126712493376e-06
"Peng, Shijie",0.00042251140780801076,0.0,9.855126712493376e-06
"Li, Sushi",0.00042251140780801076,0.0,9.855126712493376e-06
"Hu, Xuefeng",0.0013520365049856345,0.00024085185498183047,0.0001657429260934247
"Yue, Ying",0.0007605205340544194,0.0,0.00046350871595943535
"Wang, Pengyu",0.0007605205340544194,0.0,0.00046350871595943535
"Wu, Xin",0.0007605205340544194,0.0,0.00046350871595943535
"Zhang, Yuejuan",0.0007605205340544194,0.0,0.00046350871595943535
"Wang, Yanchun",0.0007605205340544194,0.0,0.00046350871595943535
"Wei, Xiaojun",0.0007605205340544194,0.0,0.00046350871595943535
"Liu, Huaping",0.0007605205340544194,0.0,0.00046350871595943535
"Zhou, Weiya",0.0007605205340544194,0.0,0.00046350871595943535
"Lee, Dong Jin",0.00042251140780801076,0.0,2.793203157953156e-29
"Kumar, Ganesan Mohan",0.00042251140780801076,0.0,2.793203157953156e-29
"Sekar, Sankar",0.00042251140780801076,0.0,2.793203157953156e-29
"Jeon, Hee Chang",0.00042251140780801076,0.0,2.793203157953156e-29
"Kim, Deuk Young",0.00042251140780801076,0.0,2.793203157953156e-29
"Ilanchezhiyan, Pugazhendi",0.00042251140780801076,0.0,2.793203157953156e-29
"Wang, Wei-Kang",0.00042251140780801076,0.0,7.724630203799756e-05
"Zhu, Wenze",0.0007605205340544194,0.0009687614381319085,7.840723295953187e-05
"Mao, Liang",0.002028054757478452,0.0007954524587149058,0.00020534829673835362
"Zhou, Zhaoyu",0.00042251140780801076,0.0,7.724630203799756e-05
"Zhao, Guohua",0.0013520365049856345,0.0012643570479706023,0.0001307792648404074
"Li, Jia",0.0010985296603008281,0.0002504468955617784,1.1586981363571629e-05
"Qian, Xianhao",0.0002535068446848065,0.0,3.985139770716211e-06
"Peng, Yang",0.0002535068446848065,0.0,3.985139770716211e-06
"Lin, Jun",0.0011830319418624302,0.00030217437664994577,6.698978795873487e-05
"Zhu, Wenjun",0.0006760182524928173,0.006152285979886757,2.0752271756998602e-07
"Zhu, Hu",0.00042251140780801076,0.0,1.2392517593350274e-08
"Zhang, Taiyang",0.00042251140780801076,0.0,1.2392517593350274e-08
"Qin, Lixia",0.00042251140780801076,0.0,1.2392517593350274e-08
"Kang, Shi-Zhao",0.00042251140780801076,0.0,1.2392517593350274e-08
"Li, Xiangqing",0.00042251140780801076,0.0,1.2392517593350274e-08
"S. Mofarah, Sajjad",0.0013520365049856345,0.0,2.6129741866866864e-05
"Schreck, Luisa",0.0013520365049856345,0.0,2.6129741866866864e-05
"Cazorla, Claudio",0.0017745479127936454,0.0,3.1096996942335876e-05
"Zheng, Xiaoran",0.0017745479127936454,0.0,3.1096996942335876e-05
"Adabifiroozjaei, Esmaeil",0.0013520365049856345,0.0,2.6129741866866864e-05
"Tsounis, Constantine",0.0013520365049856345,0.0,2.6129741866866864e-05
"Scott, Jason",0.0017745479127936454,0.0,3.1096996942335876e-05
"Shahmiri, Reza",0.0013520365049856345,0.0,2.6129741866866864e-05
"Yao, Yin",0.0017745479127936454,0.0,3.1096996942335876e-05
"Abbasi, Roozbeh",0.0013520365049856345,0.0,2.6129741866866864e-05
"Wang, Yuan",0.0013520365049856345,0.0,2.6129741866866864e-05
"Arandiyan, Hamidreza",0.0017745479127936454,0.0,3.1096996942335876e-05
"Sheppard, Leigh",0.0013520365049856345,0.0,2.6129741866866864e-05
"Wong, Vienna",0.0017745479127936454,0.0,3.1096996942335876e-05
"Doustkhah, Esmail",0.0013520365049856345,0.0,2.6129741866866864e-05
"Koshy, Pramod",0.0017745479127936454,0.0,3.1096996942335876e-05
"Sorrell, Charles C.",0.0017745479127936454,0.0,3.1096996942335876e-05
"Chen, Xu",0.0007605205340544194,0.0,0.0004689450663864165
"Pan, Gencai",0.0007605205340544194,0.0,0.0004689450663864165
"Xu, Wen",0.0007605205340544194,0.0,0.0004689450663864165
"Zhu, Jinyang",0.0007605205340544194,0.0,0.0004689450663864165
"Zhou, Donglei",0.0007605205340544194,0.0,0.0004689450663864165
"Li, Dongyu",0.0007605205340544194,0.0,0.0004689450663864165
"Chen, Cong",0.0007605205340544194,0.0,0.0004689450663864165
"Lu, Geyu",0.001605543349670441,0.0007931896542612061,0.0005099817886619287
"Song, Hongwei",0.0007605205340544194,0.0,0.0004689450663864165
"Meng, Wei",0.0005915159709312151,0.0,6.056455656639732e-05
"Zhou, Jiajun",0.0005915159709312151,0.0,6.056455656639732e-05
"Wang, Guojun",0.0005915159709312151,0.0,6.056455656639732e-05
"Qin, Jinlong",0.0005915159709312151,0.0,6.056455656639732e-05
"Huang, Huajie",0.0008450228156160215,0.00048180834402602345,0.0004072006565230517
"Zhao, Yunxia",0.0005915159709312151,0.0,6.056455656639732e-05
"He, Haiyan",0.0005915159709312151,0.0,6.056455656639732e-05
"Li, Bihan",0.00042251140780801076,0.0,0.000109332751378721
"Zhang, Ping",0.002112557039040054,0.0010578924450914836,0.00015432213443972945
"Zhang, Wenming",0.00042251140780801076,0.0,0.000109332751378721
"Hu, Xiaoru",0.00042251140780801076,0.0,0.000109332751378721
"Li, Xiaochen",0.00042251140780801076,0.0,0.000109332751378721
"Li, Jinmao",0.00042251140780801076,0.0,0.00014331540360888216
"Wu, Congcong",0.00042251140780801076,0.0,0.00014331540360888216
"Dong, Binghai",0.00042251140780801076,0.0,0.00014331540360888216
"Zhao, Li",0.00042251140780801076,0.0,0.00014331540360888216
"Wang, Shimin",0.00042251140780801076,0.0,0.00014331540360888216
"Park, Jeongho",0.0006760182524928173,0.0,1.1873375919844751e-20
"Back, Tyson",0.0006760182524928173,0.0,1.1873375919844751e-20
"Mitchel, William C.",0.0006760182524928173,0.0,1.1873375919844751e-20
"Kim, Steve S.",0.0006760182524928173,0.0,1.1873375919844751e-20
"Elhamri, Said",0.0006760182524928173,0.0,1.1873375919844751e-20
"Boeckl, John",0.0006760182524928173,0.0,1.1873375919844751e-20
"Fairchild, Steven B.",0.0006760182524928173,0.0,1.1873375919844751e-20
"Naik, Rajesh",0.0006760182524928173,0.0,1.1873375919844751e-20
"Voevodin, Andrey A.",0.0006760182524928173,0.0,1.1873375919844751e-20
"Li, Dongxiang",0.0010985296603008281,0.00024085185498183047,7.413379381686274e-05
"Li, Ruiqin",0.00042251140780801076,0.0,4.4235717049632545e-06
"Zhou, Dantong",0.00042251140780801076,0.0,4.4235717049632545e-06
"Zeng, Fanjin",0.00042251140780801076,0.0,4.4235717049632545e-06
"Yan, Wanjun",0.00042251140780801076,0.0,4.4235717049632545e-06
"Cai, Shaohong",0.00042251140780801076,0.0,4.4235717049632545e-06
"Farhan, Shumail",0.0005915159709312151,0.00023647399685871353,0.0007085014151040192
"Raza, Asif Hassan",0.0003380091262464086,0.0,7.88966075607168e-05
"Yang, Songyu",0.0003380091262464086,0.0,7.88966075607168e-05
"Wu, Yan",0.0009295250971776238,0.0007723424049227434,0.0007371227854632999
"Tian, Ying",0.0006760182524928173,0.0,1.1873375919844751e-20
"Zhang, Kunfeng",0.0006760182524928173,0.0,1.1873375919844751e-20
"Zhao, Haoran",0.0006760182524928173,0.0,1.1873375919844751e-20
"Peng, Bo",0.0006760182524928173,0.0,1.1873375919844751e-20
"Liang, Jinxia",0.0006760182524928173,0.0,1.1873375919844751e-20
"Chen, Hongxia",0.0006760182524928173,0.0,1.1873375919844751e-20
"Huang, Runfeng",0.0006760182524928173,0.0,1.1873375919844751e-20
"Wei, Yuanyuan",0.0006760182524928173,0.0,1.1873375919844751e-20
"Chen, Hanyu",0.0006760182524928173,0.0,1.1873375919844751e-20
"Zeng, Wei",0.002281561602163258,0.0018202062777827911,0.0003084734426759494
"Gui, An",0.001690045631232043,0.0015316840060427817,0.00029105403862348143
"He, Xinyi",0.0021970593206016562,0.0006262148229527593,0.00016908430159240023
"Tang, Menglin",0.0010985296603008281,0.0,0.0001573326858347569
"Zhang, Xiaoyu",0.0010985296603008281,0.0,0.0001573326858347569
"He, Xinyu",0.001690045631232043,0.0015316840060427817,0.00029105403862348143
"Hu, Yongan",0.0010985296603008281,0.0,0.0001573326858347569
"Di, Kang",0.001690045631232043,0.0015316840060427817,0.00029105403862348143
"Dong, Yang",0.001605543349670441,0.012332460069297725,0.00016016575837639514
"Xiong, Yi",0.002281561602163258,0.0018020042150049631,0.0003084734426759494
"Fang, Pengfei",0.002281561602163258,0.007037104496194296,0.0006377434693132976
"Sang, Hongqian",0.001690045631232043,2.7262903295952496e-05,0.00017475208988722488
"Chen, Zhiliang",0.0010985296603008281,0.0,0.00015733268583475687
"Gui, Pengbin",0.0010985296603008281,0.0,0.00015733268583475687
"Guo, Haoran",0.001014027378739226,0.00017261049607031196,9.839764404446094e-05
"Zhang, Haotian",0.0009295250971776238,0.00016056790332122042,9.753560910835563e-05
"Zhao, Jiayang",0.0006760182524928173,0.0,9.535242982291767e-05
"Yuan, Pengfei",0.0007605205340544194,1.2042592749091524e-05,9.621446475902297e-05
"Zhang, Yao",0.0007605205340544194,1.2042592749091524e-05,9.621446475902297e-05
"Li, Lei",0.0013520365049856345,0.00044704789895127426,0.00012017508674273571
"Song, Rui",0.001014027378739226,0.00017261049607031196,9.839764404446095e-05
"Ma, Xiaohan",0.0013520365049856345,3.092017428397999e-05,8.151499495033104e-06
"Liu, Guocheng",0.0013520365049856345,3.092017428397999e-05,8.151499495033104e-06
"Wang, Lu",0.0007605205340544194,0.0,7.011009076224512e-06
"Xin, Shuaishuai",0.0007605205340544194,0.0,7.011009076224512e-06
"Chen, Qinghua",0.0011830319418624302,2.3020133664095464e-05,7.86327595316618e-06
"Yan, Qinghua",0.0007605205340544194,0.0,7.011009076224512e-06
"Zhang, Guangshan",0.0007605205340544194,0.0,7.011009076224512e-06
"Zhang, Yingjie",0.0010985296603008281,0.00041940240675207764,6.63529387397329e-05
"Xin, Yanjun",0.0013520365049856345,3.092017428397999e-05,8.151499495033104e-06
"Huang, Zhilin",0.0007605205340544194,2.890222259781969e-05,4.578683068232071e-06
"Liu, Jincheng",0.0007605205340544194,2.890222259781969e-05,4.578683068232071e-06
"Zong, Shuang",0.0007605205340544194,2.890222259781969e-05,4.578683068232071e-06
"Wang, Xiaoyu",0.0009295250971776238,0.0004335333389672949,6.843647668205722e-05
"Chen, Kanxing",0.000507013689369613,0.0,4.409231747018179e-06
"Liu, Lingling",0.0007605205340544194,2.890222259781969e-05,4.57868306823207e-06
"Fang, Yanxiong",0.0007605205340544194,2.890222259781969e-05,4.57868306823207e-06
"Song, Guixian",0.0002535068446848065,0.0,1.652539736345854e-08
"Xin, Feng",0.0002535068446848065,0.0,1.652539736345854e-08
"Zhu, Bichen",0.0003380091262464086,0.0,0.00017725068198107822
"Tang, Liyong",0.0003380091262464086,0.0,0.00017725068198107822
"Liu, Xuehua",0.000507013689369613,0.0,0.0021031538231712312
"Li, Zhaoyuan",0.000507013689369613,0.0,0.0021031538231712312
"Zhang, Whenli",0.000507013689369613,0.0,0.0021031538231712312
"Yao, Pei",0.000507013689369613,0.0,0.0021031538231712312
"Zhu, Haoran",0.000507013689369613,0.0,0.0021031538231712312
"Zuo, Xu",0.000507013689369613,0.0,0.0021031538231712312
"Ge, Yunxiao",0.0002535068446848065,0.0,6.570990368930812e-38
"Guo, Xiaojiao",0.0002535068446848065,0.0,6.570990368930812e-38
"Zhou, Dan",0.0002535068446848065,0.0,6.570990368930812e-38
"Liu, Jinku",0.0002535068446848065,0.0,6.570990368930812e-38
"Khademakbari, Sepideh",0.000507013689369613,0.0,5.327153564675236e-26
"Pirbazari, Azadeh Ebrahimian",0.000507013689369613,0.0,5.327153564675236e-26
"Saraei, Fatemeh Esmaeili Khalil",0.000507013689369613,0.0,5.327153564675236e-26
"Esmaeili, Amin",0.000507013689369613,0.0,5.327153564675236e-26
"Pirbazari, Ali Ebrahimian",0.000507013689369613,0.0,5.327153564675236e-26
"Kohnehsari, Atena Akbari",0.000507013689369613,0.0,5.327153564675236e-26
"Derakhshesh, Ali",0.000507013689369613,0.0,5.327153564675236e-26
"Wu, Minghong",0.0007605205340544194,9.467596245115424e-05,5.3275966880202715e-06
"Gu, Lanbing",0.0003380091262464086,0.0,1.8776000269691388e-06
"Wang, Qiong",0.0003380091262464086,0.0,1.8776000269691388e-06
"Wang, Chao",0.001690045631232043,0.0006653110849943999,2.621172025825105e-05
"Zhang, Haijiao",0.0007605205340544194,9.467596245115424e-05,5.327596688020271e-06
"Ren, Yumei",0.0013520365049856345,0.00019361018379217734,0.00018104332766085104
"Fu, Yongzhu",0.0005915159709312151,0.0,0.00014371845503832317
"Wang, Zhuan",0.0005915159709312151,0.0,0.00014371845503832317
"Chen, Hailong",0.0005915159709312151,0.0,0.00014371845503832317
"Weng, Yuxiang",0.0005915159709312151,0.0,0.00014371845503832317
"Zhou, Yunchun",0.001014027378739226,9.286998067129406e-07,0.00017917213529341505
"Hu, Rong",0.0006760182524928173,9.15276000878218e-06,0.0007986765241946812
"Liao, Yanmo",0.000507013689369613,0.0,0.000753770957172627
"Qiao, Hui",0.002281561602163258,0.0007886526838217956,0.001162281349681298
"Li, Jun",0.001014027378739226,0.00028902222597819655,0.0007672552292210972
"Huang, Zongyu",0.0018590501943552475,0.0014913557456102625,0.0010905943567129208
"Qi, Xiang",0.0024505661652864624,0.002288161539445958,0.007641268128075337
"Jiang, Renqian",0.0006760182524928173,0.0,9.145998629139708e-05
"Zhao, Yulong",0.0006760182524928173,0.0,9.145998629139708e-05
"Chubenko, Eugene B.",0.0006760182524928173,0.0,9.145998629139708e-05
"Bondarenko, Vitaly",0.0006760182524928173,0.0,9.145998629139708e-05
"Sui, Yanwei",0.0019435524759168496,0.0005057997608774701,0.00012519196524912233
"Gu, Xiuquan",0.0006760182524928173,0.0,9.145998629139708e-05
"Cai, Xiaoyan",0.0006760182524928173,0.0,9.145998629139708e-05
"Qi, Renxian",0.0008450228156160215,0.0,2.2127524400699098e-16
"Ding, Yang",0.0008450228156160215,0.0,2.2127524400699098e-16
"Nan, Haiyan",0.0008450228156160215,0.0,2.2127524400699098e-16
"Zhou, Leyun",0.0008450228156160215,0.0,2.2127524400699098e-16
"Wang, Chenglin",0.0008450228156160215,0.0,2.2127524400699098e-16
"Wu, Zhangting",0.0008450228156160215,0.0,2.2127524400699098e-16
"Zhao, Weiwei",0.0008450228156160215,0.0,2.2127524400699098e-16
"Song, Junming",0.0008450228156160215,0.0,2.2127524400699098e-16
"Cai, Zhengyang",0.0008450228156160215,0.0,2.2127524400699098e-16
"Xiao, Shaoqing",0.0008450228156160215,0.0,2.2127524400699098e-16
"Gu, Xiaofeng",0.0008450228156160215,0.0,2.2127524400699098e-16
"Wang, Chujun",0.000507013689369613,0.0,0.021370634717986132
"Zhao, Yilong",0.000507013689369613,0.0,0.021370634717986132
"Li, Yifei",0.0009295250971776238,0.0002995868406514543,0.022472976694345212
"Wei, Yuechang",0.0011830319418624302,0.00035322586284221335,0.022909361846897982
"Liu, Jian",0.000507013689369613,0.0,0.021370634717986132
"Zhao, Zhen",0.0011830319418624302,0.00035322586284221335,0.022909361846897982
"Zhang, Xiaoyan",0.0014365387865472366,0.0072760877229407035,0.00017858616540140766
"Ni, Wenkang",0.0005915159709312151,0.0,0.00017101986365674577
"Yue, Xuanyu",0.0005915159709312151,0.0,0.00017101986365674577
"Wang, Zhijie",0.0011830319418624302,0.0017839772515197416,0.0001842198604778982
"Wang, Ke",0.002112557039040054,0.003868217534188534,0.0003007871462078715
"Wang, Hairui",0.0003380091262464086,0.0,1.8346753176830552e-05
"Xu, Na",0.0008450228156160215,0.0001296257086767174,2.736690185584512e-05
"Zhou, Qiongyu",0.0003380091262464086,0.0,1.8346753176830552e-05
"Chang, Limin",0.0003380091262464086,0.0,1.8346753176830552e-05
"Li, Desheng",0.0007605205340544194,0.0,0.0006573807807717971
"Rui, Kun",0.0007605205340544194,0.0,0.0006573807807717971
"Lin, Huijuan",0.0007605205340544194,0.0,0.0006573807807717971
"Yan, Yan",0.0012675342234240324,0.0007681300077447782,0.0006989135634027598
"Wang, Xiaoshan",0.0007605205340544194,0.0,0.0006573807807717971
"Huang, Xiao",0.0007605205340544194,0.0,0.0006573807807717971
"Huang, Wei",0.0013520365049856345,0.003984388378419585,0.0006818380785859363
"Ishfaq, Muhammad",0.000507013689369613,0.0,3.595387372996443e-16
"Rasheed, Aamir",0.000507013689369613,0.0,3.595387372996443e-16
"Ajmal, Sara",0.000507013689369613,0.0,3.595387372996443e-16
"Dastgeer, Ghulam",0.000507013689369613,0.0,3.595387372996443e-16
"Naz, Tahmina",0.000507013689369613,0.0,3.595387372996443e-16
"Baig, Mirza Mahmood",0.0012675342234240324,0.0,1.1369613169277786e-15
"Lee, Seung Goo",0.0012675342234240324,0.0,1.1369613169277786e-15
"Yin, Bo",0.000507013689369613,0.0,2.2258419717834394e-05
"Zhang, Yongfeng",0.000507013689369613,0.0,2.2258419717834394e-05
"Li, Kanzhe",0.000507013689369613,0.0,2.2258419717834394e-05
"Zhou, Jingran",0.000507013689369613,0.0,2.2258419717834394e-05
"Liu, Caixia",0.000507013689369613,0.0,2.2258419717834394e-05
"Ruan, Shengping",0.0012675342234240324,0.0004653786070823464,0.0002080628842201526
"Huang, Jiaxing",0.0006760182524928173,0.0,2.1764734520347855e-11
"Li, Daguang",0.0006760182524928173,0.0,2.1764734520347855e-11
"Li, Ruobai",0.0011830319418624302,0.0,3.508663613370951e-11
"Chen, Ping",0.0006760182524928173,0.0,2.1764734520347855e-11
"Feng, Yiping",0.0011830319418624302,0.0,3.508663613370951e-11
"Maji, Tuhin Kumar",0.0014365387865472366,0.0,6.684116421030328e-06
"Aswin, J. R.",0.0014365387865472366,0.0,6.684116421030328e-06
"Mukherjee, Subhrajit",0.0014365387865472366,0.0,6.684116421030328e-06
"Alexander, Rajath",0.0014365387865472366,0.0,6.684116421030328e-06
"Mondal, Anirban",0.0014365387865472366,0.0,6.684116421030328e-06
"Das, Sarthak",0.0014365387865472366,0.0,6.684116421030328e-06
"Sharma, Rajendra Kumar",0.0014365387865472366,0.0,6.684116421030328e-06
"Chakraborty, Naba Kumar",0.0014365387865472366,0.0,6.684116421030328e-06
"Dasgupta, Kinshuk",0.0014365387865472366,0.0,6.684116421030328e-06
"Sharma, Anjanashree M. R.",0.0014365387865472366,0.0,6.684116421030328e-06
"Hawaldar, Ranjit",0.0014365387865472366,0.0,6.684116421030328e-06
"Pandey, Manjiri",0.0014365387865472366,0.0,6.684116421030328e-06
"Naik, Akshay",0.0014365387865472366,0.0,6.684116421030328e-06
"Majumdar, Kausik",0.0014365387865472366,0.0,6.684116421030328e-06
"Pal, Samir Kumar",0.0014365387865472366,0.0,6.684116421030328e-06
"Adarsh, K., V",0.0014365387865472366,0.0,6.684116421030328e-06
"Ray, Samit Kumar",0.0014365387865472366,0.0,6.684116421030328e-06
"Karmakar, Debjani",0.0014365387865472366,0.0,6.684116421030328e-06
"Basyooni, Mohamed A.",0.0006760182524928173,0.0,5.760266653871167e-20
"Tihtih, Mohammed",0.0006760182524928173,0.0,5.760266653871167e-20
"Zaki, Shrouk E.",0.0008450228156160215,0.0,6.319977598460076e-20
"Eker, Yasin Ramazan",0.0008450228156160215,0.0,6.319977598460076e-20
"Wang, Xuesheng",0.000507013689369613,0.0,3.4653487033269453e-07
"Shao, Yi",0.000507013689369613,0.0,3.4653487033269453e-07
"Yao, Chunxia",0.000507013689369613,0.0,3.4653487033269453e-07
"Huang, Liujuan",0.000507013689369613,0.0,3.4653487033269453e-07
"Song, Wei",0.000507013689369613,0.0,3.4653487033269453e-07
"Yang, Xianli",0.000507013689369613,0.0,3.4653487033269453e-07
"Zhang, Zhijie",0.0008450228156160215,0.00028902222597819655,5.3319125705668465e-06
"Khatun, Nasima",0.00042251140780801076,0.0,6.986799041132384e-31
"Dey, Sutapa",0.00042251140780801076,0.0,6.986799041132384e-31
"Appadurai, Tamilselvan",0.0003380091262464086,0.0,6.125701800627798e-31
"Chandiran, Aravind Kumar",0.0003380091262464086,0.0,6.125701800627798e-31
"Roy, Somnath C.",0.0005915159709312151,0.0,7.775938162458235e-31
"Noor, Sunbel",0.000507013689369613,0.0,2.4685571724024183e-21
"Haider, Rida Shahzadi",0.0007605205340544194,0.0,3.316042528493319e-21
"Noor, Saima",0.000507013689369613,0.0,2.4685571724024183e-21
"Sajjad, Shamaila",0.001014027378739226,0.0,3.766749693888147e-21
"Leghari, Sajjad Ahmed Khan",0.001014027378739226,0.0,3.766749693888147e-21
"Mehboob, Maria",0.0007605205340544194,0.0,3.316042528493319e-21
"Long, Mingce",0.000507013689369613,0.0,2.4685571724024183e-21
"Han, Minmin",8.450228156160216e-05,0.0,1.1672423683483423e-52
"Jia, Junhong",8.450228156160216e-05,0.0,1.1672423683483423e-52
"Won, Jong Ho",0.0002535068446848065,0.0,6.570990368930812e-38
"Kim, Mun Kyoung",0.0002535068446848065,0.0,6.570990368930812e-38
"Oh, Hyung-Suk",0.0002535068446848065,0.0,6.570990368930812e-38
"Jeong, Hyung Mo",0.0002535068446848065,0.0,6.570990368930812e-38
"Wu, Jiahao",0.001014027378739226,0.00038536296797092877,1.4284357756784444e-06
"Huang, Shaolong",0.0006760182524928173,0.0,1.0343100987533081e-07
"Jin, Zhengyuan",0.0006760182524928173,0.0,1.0343100987533081e-07
"Chen, Jiaqi",0.0006760182524928173,0.0,1.0343100987533081e-07
"Hu, Liang",0.0006760182524928173,0.0,1.0343100987533081e-07
"Long, Yaojia",0.0006760182524928173,0.0,1.0343100987533081e-07
"Lu, Jianguo",0.0006760182524928173,0.0,1.0343100987533081e-07
"Ruan, Shuangchen",0.0006760182524928173,0.0,1.0343100987533081e-07
"Zeng, Yu-Jia",0.0006760182524928173,0.0,1.0343100987533081e-07
"Shi, Weina",0.0005915159709312151,0.0,0.0004418831231042933
"Guo, Xiaowei",0.0005915159709312151,0.0,0.0004418831231042933
"Wang, Ji-Chao",0.0005915159709312151,0.0,0.0004418831231042933
"Li, Yu",0.004563123204326516,0.018240033820471378,0.005748980650386343
"Liu, Lu",0.0013520365049856345,0.0012213286693356935,0.0012229649061635422
"Hou, Yuxia",0.0005915159709312151,0.0,0.0004418831231042933
"Li, Ying",0.001014027378739226,0.0004050822498460139,0.00045292739482252596
"Lou, Huihui",0.0005915159709312151,0.0,0.0004418831231042933
"Shahbazi, Mahboobeh",0.00042251140780801076,0.0,0.0003078878293186261
"Xing, Kaijian",0.00042251140780801076,0.0,0.0003078878293186261
"Tesfamichael, Tuquabo",0.00042251140780801076,0.0,0.0003078878293186261
"Motta, Nunzio",0.00042251140780801076,0.0,0.0003078878293186261
"Qi, Dong-Chen",0.00042251140780801076,0.0,0.0003078878293186261
"Huang, Xiaoyan",0.0007605205340544194,0.0,3.965626166464826e-05
"Zhang, Xiuyun",0.0007605205340544194,0.0,3.965626166464826e-05
"Zhang, Kexiang",0.0007605205340544194,0.0,3.965626166464826e-05
"Xue, Xiaogang",0.0007605205340544194,0.0,3.965626166464826e-05
"Xiong, Jian",0.0007605205340544194,0.0,3.965626166464826e-05
"Huang, Yu",0.0007605205340544194,0.0,3.965626166464826e-05
"Zhang, Doudou",0.0007605205340544194,0.0,3.965626166464826e-05
"Zhang, Zheling",0.0007605205340544194,0.0,3.965626166464826e-05
"Yan, Fengpo",0.0010985296603008281,0.00043821364614185304,4.299115035070013e-05
"Wang, Ye",0.0006760182524928173,0.0,0.00018278782162695444
"Yan, Yingkui",0.0006760182524928173,0.0,0.00018278782162695444
"Ren, Xiaohui",0.002028054757478452,0.0011378027335788672,0.0008186601415930208
"Zhang, Hongwei",0.0006760182524928173,0.0,0.00018278782162695444
"Li, Yanshuo",0.0006760182524928173,0.0,0.00018278782162695444
"Ye, Jinhua",0.0010985296603008281,0.00024085185498183047,0.00018533822526655533
"Xiao, Mu",0.00042251140780801076,0.0,2.5360715749662128e-06
"Lu, Yangfan",0.00042251140780801076,0.0,2.5360715749662128e-06
"Li, Yaguang",0.00042251140780801076,0.0,2.5360715749662128e-06
"Song, Hui",0.001014027378739226,0.0018506963180393772,4.1871091860247246e-05
"Jo, Young-Moo",0.00042251140780801076,0.0,2.098395155992752e-07
"Lim, Kyeorei",0.00042251140780801076,0.0,2.098395155992752e-07
"Choi, Hun Ji",0.00042251140780801076,0.0,2.098395155992752e-07
"Yoon, Ji Won",0.00042251140780801076,0.0,2.098395155992752e-07
"Kim, Soo Young",0.0021970593206016562,0.00048170370996366093,3.5102474969222103e-06
"Lee, Jong-Heun",0.00042251140780801076,0.0,2.098395155992752e-07
"Zhang, Weiwei",0.00042251140780801076,0.0,2.793203157953156e-29
"Tao, Xianchao",0.00042251140780801076,0.0,2.793203157953156e-29
"Guo, Hanlin",0.00042251140780801076,0.0,2.793203157953156e-29
"Ding, Jianxu",0.00042251140780801076,0.0,2.793203157953156e-29
"Sun, Haiqing",0.00042251140780801076,0.0,2.793203157953156e-29
"Zhan, Xiaoyuan",0.00042251140780801076,0.0,2.793203157953156e-29
"Li, Chaocheng",0.0002535068446848065,0.0,3.760684828976309e-06
"Zhou, Yi",0.0006760182524928173,0.00033719259697456266,7.075301698924789e-05
"Li, Jinbo",0.0002535068446848065,0.0,3.760684828976309e-06
"Kaur, Narinder",0.000507013689369613,0.0,9.962638230943621e-26
"Sharma, Dipika",0.000507013689369613,0.0,9.962638230943621e-26
"Kumar, Ashish",0.0008450228156160215,1.6901884560128454e-06,1.4270031170022156e-20
"Singla, Yash",0.0003380091262464086,0.0,4.665735004974252e-21
"Sharma, Manisha",0.0003380091262464086,0.0,4.665735004974252e-21
"Bhardwaj, Akhil",0.0003380091262464086,0.0,4.665735004974252e-21
"Krishnan, Venkata",0.001014027378739226,2.5352826840192683e-06,1.5095608545003382e-20
"Wu, Jinlei",0.0005915159709312151,0.0,0.0004145513900290741
"Lu, Po",0.0005915159709312151,0.0,0.0004145513900290741
"Fang, Guoqiang",0.0005915159709312151,0.0,0.0004145513900290741
"Yu, William W.",0.0005915159709312151,0.0,0.0004145513900290741
"Dong, Bin",0.0008450228156160215,9.827218186382875e-05,0.0004752527041925207
"Andres-Penares, Daniel",0.0003380091262464086,0.0,3.683167485230363e-33
"Brotons-Gisbert, Mauro",0.0003380091262464086,0.0,3.683167485230363e-33
"Bonato, Cristian",0.0003380091262464086,0.0,3.683167485230363e-33
"Sanchez-Royo, Juan F.",0.0003380091262464086,0.0,3.683167485230363e-33
"Gerardot, Brian D.",0.0003380091262464086,0.0,3.683167485230363e-33
"Chitare, Yogesh M.",0.0005915159709312151,0.0,3.699138722121488e-23
"Magdum, Vikas V.",0.0005915159709312151,0.0,3.699138722121488e-23
"Kulkarni, Shirin P.",0.0005915159709312151,0.0,3.699138722121488e-23
"Shaikh, Sohel B.",0.0005915159709312151,0.0,3.699138722121488e-23
"Malavekar, Dhanaji B.",0.0005915159709312151,0.0,3.699138722121488e-23
"Kim, Jin H.",0.0005915159709312151,0.0,3.699138722121488e-23
"Bhange, Deu S.",0.0005915159709312151,0.0,3.699138722121488e-23
"Gunjakar, Jayavant L.",0.0005915159709312151,0.0,3.699138722121488e-23
"Wong, Kien Tiek",0.0005915159709312151,0.0,4.835740687553854e-22
"Kim, Seung Chul",0.0005915159709312151,0.0,4.835740687553854e-22
"Yun, Kayoung",0.0005915159709312151,0.0,4.835740687553854e-22
"Choong, Choe Earn",0.0005915159709312151,0.0,4.835740687553854e-22
"Nah, In Wook",0.0005915159709312151,0.0,4.835740687553854e-22
"Jeon, Byong-Hun",0.0005915159709312151,0.0,4.835740687553854e-22
"Yoon, Yeomin",0.0010985296603008281,0.0,6.857011621165101e-22
"Jang, Min",0.0005915159709312151,0.0,4.835740687553854e-22
"Chen, Daimei",0.0005915159709312151,0.0,6.209465165336977e-07
"Ding, Hao",0.0005915159709312151,0.0,6.209465165336977e-07
"Feng, Jiejie",0.0005915159709312151,0.0,6.209465165336977e-07
"Zhang, Jin Z.",0.0005915159709312151,0.0,6.209465165336977e-07
"Hamid, Saher",0.0005915159709312151,0.0,6.209465165336977e-07
"Bahnemann, Detlef W.",0.0005915159709312151,0.0,6.209465165336977e-07
"Jiang, Haopeng",0.0005915159709312151,0.0,0.00032926085221179045
"Wang, Weikang",0.0005915159709312151,0.0,0.00032926085221179045
"Sun, Lijuan",0.0008450228156160215,0.0001114300848055056,0.002042222361744782
"Kong, Tingting",0.0005915159709312151,0.0,0.00032926085221179045
"Lu, Zhongxi",0.0005915159709312151,0.0,0.00032926085221179045
"Jung, Hae Jun",0.0010985296603008281,0.0,4.73333594494873e-12
"Kim, Soo Bin",0.0007605205340544194,0.0,3.684757975811541e-12
"Jiang, Yabin",0.0005915159709312151,0.0,2.329583581835393e-06
"Sun, Zongzhao",0.0005915159709312151,0.0,2.329583581835393e-06
"Chen, Qianwen",0.0005915159709312151,0.0,2.329583581835393e-06
"Zhao, Yun",0.001605543349670441,0.0007707259359418575,2.4151359680223507e-06
"Krishnan, Amel",0.0002535068446848065,0.0,6.570990368930812e-38
"Kamaraj, Muthusamy",0.0002535068446848065,0.0,6.570990368930812e-38
"Nayak, Pramoda K.",0.0002535068446848065,0.0,6.570990368930812e-38
"Ramaprabhu, Sundara",0.0002535068446848065,0.0,6.570990368930812e-38
"Guo, Yulai",0.00042251140780801076,0.0,1.4720398225027167e-06
"Wang, Yanan",0.0012675342234240324,0.0013321681465624428,1.9210065851776935e-06
"Li, Xinming",0.00042251140780801076,0.0,1.4720398225027167e-06
"Zeng, Peng",0.0007605205340544194,0.0001413145767571356,3.227791175097774e-06
"Yang, Yuting",0.0005915159709312151,0.0,0.000510296352760492
"Li, Jixin",0.0005915159709312151,0.0,0.000510296352760492
"Qiao, Wei",0.0005915159709312151,0.0,0.000510296352760492
"Yang, Han",0.001605543349670441,0.0008378449420778483,0.007240654550493433
"Huang, Yuqi",0.0005915159709312151,0.0,0.000510296352760492
"Yu, Yu",0.0005915159709312151,0.0,0.000510296352760492
"Fang, Jingyun",0.0005915159709312151,0.0,0.000510296352760492
"Lou, Zaizhu",8.450228156160216e-05,0.0,4.043385252481582e-43
"Xue, Can",0.0002535068446848065,0.0,8.774495696633276e-43
"Su, Wenjie",0.000507013689369613,0.0,1.4286299477577048e-05
"Kuklin, Artem",0.000507013689369613,0.0,1.4286299477577048e-05
"Jin, Ling Hua",0.000507013689369613,0.0,1.4286299477577048e-05
"Engelgardt, Dana",0.000507013689369613,0.0,1.4286299477577048e-05
"Zhang, Han",0.000507013689369613,0.0,1.4286299477577048e-05
"Agren, Hans",0.000507013689369613,0.0,1.4286299477577048e-05
"Zhang, Ye",0.0014365387865472366,0.00028902222597819655,0.00022431812859002105
"Cheng, Yinsen",0.0008450228156160215,6.367892682572807e-07,0.006835003792457928
"Yuan, Yong-Jun",0.001690045631232043,0.0008477831435352117,0.007130167501530842
"Shi, Hainan",0.0007605205340544194,0.0,8.980942165225158e-06
"Long, Saran",0.0006760182524928173,0.0,8.60548524005772e-06
"Hu, Shen",0.0006760182524928173,0.0,8.60548524005772e-06
"Ni, Wenjun",0.0007605205340544194,0.0,8.980942165225158e-06
"Song, Chunshan",0.001014027378739226,4.8170370996366096e-05,9.18223461418233e-06
"Li, Keyan",0.001014027378739226,4.8170370996366096e-05,9.18223461418233e-06
"Gurzadyan, Gagik G.",0.0007605205340544194,0.0,8.980942165225158e-06
"Guo, Xinwen",0.001014027378739226,4.8170370996366096e-05,9.182234614182331e-06
"Zhao, Fei",0.000507013689369613,0.0,0.00013659569325124714
"Law, Ying Lo",0.000507013689369613,0.0,0.00013659569325124714
"Zhang, Nan",0.0021970593206016562,0.0027489778668371365,0.0006061998697742911
"Wu, Wenli",0.000507013689369613,0.0,0.00013659569325124714
"Luo, Zhengtang",0.000507013689369613,0.0,0.00013659569325124714
"Wang, Yuhua",0.000507013689369613,0.0,0.00013659569325124714
"Zhang, Xing",0.0005915159709312151,0.0,0.0010662740674747765
"Ma, Jinwen",0.0005915159709312151,0.0,0.0010662740674747765
"Yin, Xiaotong",0.0008450228156160215,8.779468339001905e-05,0.001235661815326122
"Tian, Yuxin",0.001690045631232043,0.006835173509244608,0.0036431749840270342
"Wang, Chuang",0.0012675342234240324,0.004118229937324015,0.0010976925884163531
"Wang, Qiushi",0.0008450228156160215,8.779468339001905e-05,0.001235661815326122
"Acharya, Rashmi",0.00042251140780801076,0.0,1.469384868131675e-25
"Kim, Bohyeon",0.00042251140780801076,0.0,2.793203157953156e-29
"Jung, Yeona",0.00042251140780801076,0.0,2.793203157953156e-29
"Park, Bang Ju",0.00042251140780801076,0.0,2.793203157953156e-29
"Das, Gautam",0.00042251140780801076,0.0,2.793203157953156e-29
"Yoon, Hyon Hee",0.00042251140780801076,0.0,2.793203157953156e-29
"Yoon, Young Soo",0.00042251140780801076,0.0,2.793203157953156e-29
"Ren, Junkai",0.001014027378739226,0.00033719259697456266,1.6060350012483642e-05
"Jin, Xiaotong",0.00042251140780801076,0.0,1.5709342829878372e-05
"Li, Xinpan",0.00042251140780801076,0.0,1.5709342829878372e-05
"Jiang, Wenhan",0.00042251140780801076,0.0,7.023423626444166e-05
"He, Yiling",0.00042251140780801076,0.0,7.023423626444166e-05
"Zhu, Xinxin",0.00042251140780801076,0.0,7.023423626444166e-05
"Liu, Yu",0.0015210410681088388,0.0018913441879730164,0.0011812361054118615
"Zhou, Yanbo",0.00042251140780801076,0.0,7.023423626444166e-05
"Wang, Yuqi",0.00042251140780801076,0.0,4.416799069525851e-06
"Liu, Yong",0.0021970593206016562,0.0012818894808724458,7.087988429972552e-05
"Wang, Minmin",0.001014027378739226,0.000710241085195645,6.405121848366557e-06
"Wu, Wenjun",0.00042251140780801076,0.0,4.4167990695258505e-06
"Tian, Maofei",0.00042251140780801076,0.0,4.4167990695258505e-06
"Zhu, Tao",0.00042251140780801076,0.0,4.4167990695258505e-06
"Zeng, Yanhong",0.0002535068446848065,0.0,2.7015538189762526e-05
"Tang, Yong",0.0002535068446848065,0.0,2.7015538189762526e-05
"Wu, Can",0.0002535068446848065,0.0,2.7015538189762526e-05
"Su, Tongming",0.00042251140780801076,0.0,4.053239364302377e-06
"Sun, Manying",0.00042251140780801076,0.0,4.053239364302377e-06
"Wu, Jing",0.00042251140780801076,0.0,4.053239364302377e-06
"Chen, Liuyun",0.00042251140780801076,0.0,4.053239364302377e-06
"Ji, Hongbing",0.0009295250971776238,0.00024085185498183047,6.821268594845635e-05
"Qin, Zuzeng",0.00042251140780801076,0.0,4.053239364302377e-06
"Cao, Zhou",0.0007605205340544194,0.0,9.316650044845067e-06
"Yin, Yanling",0.0007605205340544194,0.0,9.316650044845067e-06
"Fu, Peng",0.0007605205340544194,0.0,9.316650044845067e-06
"Li, Dong",0.0025350684468480648,0.0004884248107248075,0.00011585324601973727
"Zhou, Yulan",0.0007605205340544194,0.0,9.316650044845067e-06
"Deng, Yuanwen",0.0007605205340544194,0.0,9.316650044845067e-06
"Peng, Yuehua",0.0007605205340544194,0.0,9.316650044845067e-06
"Wang, Weike",0.0007605205340544194,0.0,9.316650044845067e-06
"Zhou, Weichang",0.0007605205340544194,0.0,9.316650044845067e-06
"Tang, Dongsheng",0.0007605205340544194,0.0,9.316650044845067e-06
"Li, Longfei",0.0006760182524928173,1.6901884560128454e-06,8.850423082123501e-26
"Jiang, Daixun",0.000507013689369613,0.0,8.354814305640801e-26
"Wu, Xilu",0.000507013689369613,0.0,8.354814305640801e-26
"Sun, Xun",0.000507013689369613,0.0,8.354814305640801e-26
"Qu, Xiaofei",0.000507013689369613,0.0,8.354814305640801e-26
"Shi, Liang",0.000507013689369613,0.0,8.354814305640801e-26
"Du, Fanglin",0.000507013689369613,0.0,8.354814305640801e-26
"Yang, Hu",0.0006760182524928173,0.0,2.4185913270201844e-05
"Liang, Zhi-Yu",0.00042251140780801076,0.0,4.269388577477528e-06
"Huang, Ren-Kun",0.00042251140780801076,0.0,4.269388577477528e-06
"Liang, Ruo-Wen",0.00042251140780801076,0.0,4.269388577477528e-06
"Chen, Feng",0.0007605205340544194,0.0008653012548206408,6.03384479988788e-05
"Yan, Gui-Yang",0.00042251140780801076,0.0,4.269388577477528e-06
"Basyooni-M. Kabatas, Mohamed A.",0.0003380091262464086,0.0,2.6002778546411288e-20
"Rahmani, Khalid",0.0003380091262464086,0.0,2.6002778546411288e-20
"En-nadir, Redouane",0.0008450228156160215,0.0,6.319977598460076e-20
"Zhong, Mianzeng",0.0006760182524928173,0.0,3.240697624055822e-06
"Zhou, Ke",0.0006760182524928173,0.0,3.240697624055822e-06
"Wei, Zhongming",0.0006760182524928173,0.0,3.240697624055822e-06
"Li, Yan",0.0012675342234240324,0.00045121904306567694,3.377222177954361e-05
"Dong, Huanli",0.0006760182524928173,0.0,3.240697624055822e-06
"Jiang, Lang",0.0006760182524928173,0.0,3.240697624055822e-06
"Li, Jingbo",0.0006760182524928173,0.0,3.240697624055822e-06
"Hu, Wenping",0.0006760182524928173,0.0,3.240697624055822e-06
"Gao, Jie",0.0010985296603008281,0.001310294797309676,1.4239295863208982e-05
"Zhang, Shengqi",0.0003380091262464086,0.0,1.0471045999777142e-05
"Ma, Xiaoqing",0.0010985296603008281,0.0005428649267593643,1.4765959511412747e-05
"Sun, Yi",0.0003380091262464086,0.0,1.0471045999777142e-05
"Xiao, Xiang-Bo",8.450228156160216e-05,0.0,1.1672423683483423e-52
"Liu, Bang-Gui",8.450228156160216e-05,0.0,1.1672423683483423e-52
"Tian, Wendi",0.000507013689369613,9.106345125752466e-07,0.0009173795351225005
"Zhang, Huiju",0.00042251140780801076,9.106345125752466e-07,0.0008787529023508138
"Kumar, Suneel",0.0005915159709312151,4.2254711400321136e-07,1.2763903873038803e-20
"Kumar, Ajay",0.0006760182524928173,1.0563677850080285e-06,1.2886611611744024e-20
"Rao, Vempuluru Navakoteswara",0.0009295250971776238,1.0141130736077073e-05,3.840231189826983e-20
"Shankar, Muthukonda Venkatakrishnan",0.000507013689369613,2.1127355700160568e-07,1.2050180704868094e-20
"Yue, Xianyang",0.0003380091262464086,0.0,5.3760464050004425e-06
"Zhang, Jiye",0.0003380091262464086,0.0,5.3760464050004425e-06
"Wang, Xian",0.001690045631232043,0.0007081366695338185,5.408112206145923e-05
"Huang, Feng",0.0003380091262464086,0.0,5.376046405000442e-06
"Cao, Ying",0.0006760182524928173,0.0,5.9145183596158395e-05
"Fan, Tianle",0.0006760182524928173,0.0,5.9145183596158395e-05
"Qiu, Bo",0.0006760182524928173,0.0,5.9145183596158395e-05
"Li, Pengfei",0.0006760182524928173,0.0,5.9145183596158395e-05
"Chen, Shenming",0.0006760182524928173,0.0,5.9145183596158395e-05
"Guo, Chenpeng",0.000507013689369613,0.0,3.197561354714599e-06
"Li, Lihua",0.0011830319418624302,0.0002634302085793677,4.883999794530588e-05
"Gu, Yongjun",0.000507013689369613,0.0,3.197561354714599e-06
"BoK-Hee, Kim",0.00042251140780801076,0.0,3.0567702985712417e-06
"Huang, Jinliang",0.000507013689369613,0.0,3.197561354714599e-06
"Zhang, Song",0.0006760182524928173,1.7153711756821063e-05,0.00018673862708056156
"Lu, Yaru",0.000507013689369613,0.0,0.00017971849210271924
"Ding, Qijia",0.0006760182524928173,1.7153711756821063e-05,0.00018673862708056156
"Yu, Yangfei",0.0006760182524928173,1.7153711756821063e-05,0.00018673862708056156
"Shi, Weidong",0.0019435524759168496,0.0016246515599868086,0.00022726013646438335
"Xu, Dongbo",0.0013520365049856345,0.00018382683111340601,0.0001972807729272381
Le Thuy Hoa,0.0001690045631232043,0.0,4.961725533464465e-44
Huynh Ngoc Tien,0.0001690045631232043,0.0,4.961725533464465e-44
"Hur, Seung Hyun",0.0001690045631232043,0.0,4.961725533464465e-44
"Jiang, Wengui",0.0007605205340544194,0.0,2.2917729823798805e-05
"Zhou, Yinkang",0.0007605205340544194,0.0,2.2917729823798805e-05
"Hu, Minghui",0.0007605205340544194,0.0,2.2917729823798805e-05
"Geng, Yuchen",0.0007605205340544194,0.0,2.2917729823798805e-05
"Zhang, Yiyuan",0.0007605205340544194,0.0,2.2917729823798805e-05
"Qiao, Yi",0.0007605205340544194,0.0,2.2917729823798805e-05
"Ding, Yonghao",0.000507013689369613,0.0,1.0277836427850396e-05
"Lian, Xintong",0.000507013689369613,0.0,1.0277836427850396e-05
"Li, Linlin",0.000507013689369613,0.0,1.0277836427850396e-05
"Hu, Yuxiang",0.000507013689369613,0.0,1.0277836427850396e-05
"Peng, Shengjie",0.000507013689369613,0.0,1.0277836427850396e-05
"Wei, Mingzhi",0.000507013689369613,0.0,3.1659252049725653e-06
"Ma, Jingyun",0.000507013689369613,0.0,3.1659252049725653e-06
"Xu, Xiaoru",0.000507013689369613,0.0,3.1659252049725653e-06
"Li, Qiubo",0.000507013689369613,0.0,3.1659252049725653e-06
"Zheng, Jia",0.0005915159709312151,0.0,1.224540042880225e-06
"Feng, Xuyang",0.0005915159709312151,0.0,1.224540042880225e-06
"Han, Song",0.0005915159709312151,0.0,1.6326981163975722e-07
"Liang, Mina",0.0005915159709312151,0.0,1.6326981163975722e-07
"Zhang, Junyu",0.0005915159709312151,0.0,1.6326981163975722e-07
"Xu, Huilong",0.0005915159709312151,0.0,1.6326981163975722e-07
"Ren, Xuefeng",0.0005915159709312151,0.0,1.6326981163975722e-07
"Li, Guoling",0.0005915159709312151,0.0,1.6326981163975722e-07
"Ni, Zhonghai",0.0005915159709312151,0.0,1.6326981163975722e-07
"Kanwal, Arooba",0.0005915159709312151,0.0,3.699138722121488e-23
"Duan, Yixue",0.0005915159709312151,0.0,3.699138722121488e-23
"Dong, Zhen",0.0005915159709312151,0.0,3.699138722121488e-23
"Jiang, Zirui",0.0005915159709312151,0.0,3.699138722121488e-23
"Fan, Hao",0.0005915159709312151,0.0,3.699138722121488e-23
"Jalil, Abdul",0.0005915159709312151,0.0,3.699138722121488e-23
"Raza, Syed Raza Ali",0.0005915159709312151,0.0,3.699138722121488e-23
"Varma, Mahalingam Ravi",0.0005915159709312151,0.0,3.699138722121488e-23
"Guo, Mengmeng",0.00042251140780801076,0.0,3.621522939398265e-06
"Luo, Na",0.00042251140780801076,0.0,3.621522939398265e-06
"Chen, Yang",0.0012675342234240324,0.0033679298273227975,6.071458867037549e-05
"Fan, Yu",0.00042251140780801076,0.0,3.621522939398265e-06
"Wang, Xiaohong",0.00042251140780801076,0.0,3.621522939398265e-06
"Xu, Jiaqiang",0.00042251140780801076,0.0,3.621522939398265e-06
"Wang, Jiaqi",0.0008450228156160215,0.0,5.319118582141591e-15
"Yang, Yuxue",0.0008450228156160215,0.0,5.319118582141591e-15
"Xu, Tongzhou",0.0008450228156160215,0.0,5.319118582141591e-15
"Li, Jiawen",0.0008450228156160215,0.0,5.319118582141591e-15
"Wang, Zhenghe",0.0008450228156160215,0.0,5.319118582141591e-15
"Ao, Shen",0.0008450228156160215,0.0,5.319118582141591e-15
"Hu, Yunhan",0.0008450228156160215,0.0,5.319118582141591e-15
"Xie, Zheng",0.0012675342234240324,0.0,6.605508761313422e-15
"Shi, Ji",0.0008450228156160215,0.0,5.319118582141591e-15
"Wang, Weipeng",0.0012675342234240324,0.0,6.6055087613134224e-15
"Zhang, Zhengjun",0.0012675342234240324,0.0,6.6055087613134224e-15
"Da Silva, Elisangela P.",0.0003380091262464086,0.0,3.683167485230363e-33
"Rubira, Adley F.",0.0003380091262464086,0.0,3.683167485230363e-33
"Ferreira, Odair P.",0.0003380091262464086,0.0,3.683167485230363e-33
"Silva, Rafael",0.0003380091262464086,0.0,3.683167485230363e-33
"Muniz, Edvani C.",0.0003380091262464086,0.0,3.683167485230363e-33
"Qin, Cong",0.0009295250971776238,0.0018523696422484681,0.0010280013726325957
"Wei, Zhanxiang",0.00042251140780801076,0.0,0.000875611952148676
"Zhao, Xiaoyan",0.00042251140780801076,0.0,0.000875611952148676
"Sun, Junjun",0.0005915159709312151,1.2830377955563099e-06,0.0009756581830680873
"Sun, Heming",0.00042251140780801076,0.00019268148398546438,3.5381990875563745e-06
"Fajrina, Nur",8.450228156160216e-05,0.0,1.8300976724177222e-06
"Maode, Guo",0.0003380091262464086,0.0,3.683167485230363e-33
"He, Li",0.0003380091262464086,0.0,3.683167485230363e-33
"Ismail, Rezki",0.0003380091262464086,0.0,3.683167485230363e-33
"Kassim, Karimah",0.0003380091262464086,0.0,3.683167485230363e-33
"Chin, Lim Ying",0.0003380091262464086,0.0,3.683167485230363e-33
"Xiao, Wen-Zhi",0.00042251140780801076,0.0,6.742793119083522e-05
"Rong, Qing-Yan",0.00042251140780801076,0.0,6.742793119083522e-05
"Dai, Xiong-Ying",0.00042251140780801076,0.0,6.742793119083522e-05
"Cheng, Chuan-Pin",0.00042251140780801076,0.0,6.742793119083522e-05
"Qiu, Longyu",0.0006760182524928173,0.0,0.00026572143130080785
"Wang, Yingjun",0.0006760182524928173,0.0,0.00026572143130080785
"Zhu, Chenxi",0.0006760182524928173,0.0,0.00026572143130080785
"Tian, Fenyang",0.0006760182524928173,0.0,0.00026572143130080785
"Huang, Dongmei",0.0006760182524928173,0.0,0.00026572143130080785
"Sheng, Jie",0.0006760182524928173,0.0,0.00026572143130080785
"Yu, Yongsheng",0.0006760182524928173,0.0,0.00026572143130080785
"Yang, Weiwei",0.0021970593206016562,0.0017148779772512026,0.0004070723072338895
"Zhao, Wei",0.0021970593206016562,0.00392550615449901,0.0012120120024338007
"Li, Yajuan",0.0007605205340544194,0.0,0.0010415553268035048
"Zhao, Pushu",0.0007605205340544194,0.0,0.0010415553268035048
"Dai, Benlin",0.0007605205340544194,0.0,0.0010415553268035048
"Huang, Haibao",0.0007605205340544194,0.0,0.0010415553268035048
"Zhou, Jianli",0.0007605205340544194,0.0,0.0010415553268035048
"Zhu, Yukun",0.0007605205340544194,0.0,0.0010415553268035048
"Ma, Kuirong",0.0007605205340544194,0.0,0.0010415553268035048
"Leung, Dennis Y. C.",0.0007605205340544194,0.0,0.0010415553268035048
"Hammad, Raheel",0.00042251140780801076,0.0,2.822707249650654e-32
"Pradhan, Shuvadip",0.0003380091262464086,0.0,2.564381301228547e-32
"Kumar, Amar",0.0003380091262464086,0.0,2.564381301228547e-32
"Narayanan, Tharangattu N.",0.0003380091262464086,0.0,2.564381301228547e-32
"Ghosh, Soumya",0.00042251140780801076,0.0,2.822707249650654e-32
"Ren, Liping",0.0006760182524928173,0.0,0.00015712679719762134
"Li, Haoze",0.0006760182524928173,0.0,0.00015712679719762134
"Qiao, Panzhe",0.0006760182524928173,0.0,0.00015712679719762134
"Xu, Yachao",0.0006760182524928173,0.0,0.00015712679719762134
"Wu, Jiaxing",0.0006760182524928173,0.0,0.00015712679719762134
"Lin, Kuo",0.0006760182524928173,0.0,0.00015712679719762134
"Pan, L.",0.0001690045631232043,0.0,4.961725533464465e-44
"Zhao, L.",0.0001690045631232043,0.0,4.961725533464465e-44
"Liu, Z.",0.0001690045631232043,0.0,4.961725533464465e-44
Ren Yumei,8.450228156160216e-05,0.0,1.1672423683483423e-52
Xu Qun,8.450228156160216e-05,0.0,1.1672423683483423e-52
"Hezam, Abdo",0.0008450228156160215,0.0,6.380780750644572e-20
"Strunk, Jennifer",0.0005915159709312151,0.0,4.997108001486842e-20
"Takahashi, Keisuke",0.0005915159709312151,0.0,4.997108001486842e-20
"Drmosh, Qasem Ahmed",0.0005915159709312151,0.0,4.997108001486842e-20
"Al-Zaqri, Nabil",0.0005915159709312151,0.0,4.997108001486842e-20
"Krishnappagowda, Lokanath Neratur",0.0005915159709312151,0.0,4.997108001486842e-20
"Kong, Cui",0.0002535068446848065,0.0,2.0230382424723092e-07
"Zhang, Fengjun",0.0005915159709312151,0.00014451111298909827,3.7814423605824718e-06
"Wang, Yingrui",0.0002535068446848065,0.0,2.0230382424723092e-07
"Huang, Jing",0.0002535068446848065,0.0,2.0230382424723092e-07
"Li, Yanting",0.00042251140780801076,2.1127355700160568e-07,1.818945101397327e-06
"Liu, Zhifeng",0.0018590501943552475,0.0014579570991381764,2.6972926055202247e-05
"Ruan, Mengnan",0.0008450228156160215,0.0003382489647595707,2.078202082759566e-06
"Guo, Zhengang",0.0006760182524928173,1.0563677850080285e-06,2.0684494023797687e-06
"Li, Xifei",0.0010985296603008281,0.0005965962803503577,4.90258765851118e-06
"Kodan, Nisha",0.0006760182524928173,0.0,1.054871172062489e-25
"Ghosh, Abhishek",0.000507013689369613,0.0,9.962638230943621e-26
"Bisht, Prashant",0.000507013689369613,0.0,9.962638230943621e-26
"Singh, Rajendra",0.0005915159709312151,0.0,1.0199390096410422e-25
"Mehta, Bodh Raj",0.000507013689369613,0.0,9.962638230943621e-26
"Sun, Zhichao",0.00042251140780801076,0.0,7.357986812243988e-12
"Yu, Zhiquan",0.00042251140780801076,0.0,7.357986812243988e-12
"Liu, Yingya",0.00042251140780801076,0.0,7.357986812243988e-12
"Zhu, Mingshan",0.00042251140780801076,0.0,7.357986812243988e-12
"Wang, Anjie",0.00042251140780801076,0.0,7.357986812243988e-12
"Tian, Qingyong",0.0010985296603008281,0.0005326074513567192,0.00017782904213824928
"Yang, Jian",0.000507013689369613,0.0,0.00013846059101900408
"Zhou, Yannan",0.000507013689369613,0.0,0.00013846059101900408
"Chang, Hongwei",0.000507013689369613,0.0,0.00013846059101900408
"Cui, Wenhui",0.000507013689369613,0.0,0.00013846059101900408
"Yang, Jih-Sheng",0.0003380091262464086,0.0,3.683167485230363e-33
"Lin, Wan-Hsien",0.0003380091262464086,0.0,3.683167485230363e-33
"Lin, Chia-Yu",0.0003380091262464086,0.0,3.683167485230363e-33
"Wang, Bo-Sheng",0.0003380091262464086,0.0,3.683167485230363e-33
"Wu, Jih-Jen",0.0003380091262464086,0.0,3.683167485230363e-33
"Mao, Zhibin",0.0005915159709312151,0.0,3.699138722121488e-23
"Luo, Peikai",0.0005915159709312151,0.0,3.699138722121488e-23
"Ling, Jianjun",0.0005915159709312151,0.0,3.699138722121488e-23
"Zhu, Xiaowei",0.0005915159709312151,0.0,3.699138722121488e-23
"Sun, Ke",0.0005915159709312151,0.0,3.699138722121488e-23
"Cao, Yu",0.0005915159709312151,0.0,3.699138722121488e-23
"Zhu, Dehua",0.0005915159709312151,0.0,3.699138722121488e-23
"Liu, Wenwen",0.0005915159709312151,0.0,3.699138722121488e-23
"Xu, Min",0.0003380091262464086,0.0,1.874890876325656e-05
"Li, Zhengmin",0.0003380091262464086,0.0,0.0019041482395623331
"Wang, Rui",0.0029575798546560756,0.0036717333254946438,0.0025624347789086426
"Xie, Guangwen",0.0003380091262464086,0.0,0.0019041482395623331
"Jiang, Luhua",0.0003380091262464086,0.0,0.0019041482395623331
"Zhou, Chenglin",0.0002535068446848065,0.0,0.00044668608331207107
"Liao, Gengcheng",0.0002535068446848065,0.0,0.00044668608331207107
"Zhao, Xiaoxue",0.000507013689369613,0.0,0.002236904096215927
"Guan, Shoujie",0.00042251140780801076,0.0,2.793203157953156e-29
"Fan, Qinglu",0.00042251140780801076,0.0,2.793203157953156e-29
"Shen, Zhichuan",0.00042251140780801076,0.0,2.793203157953156e-29
"Zhao, Yuling",0.00042251140780801076,0.0,2.793203157953156e-29
"Sun, Yang",0.00042251140780801076,0.0,2.793203157953156e-29
"Shi, Zhicong",0.00042251140780801076,0.0,2.793203157953156e-29
"Hu, Xiaolin",0.0007605205340544194,2.440672373064834e-05,2.8157769930916863e-06
"Zhao, Hang",0.00042251140780801076,0.0,2.496465866663304e-06
"Gao, Jianxiong",0.00042251140780801076,0.0,2.496465866663304e-06
"Li, Yujie",0.0018590501943552475,0.009310744858261786,3.842026860712307e-05
"Mishra, Subhasish",0.0003380091262464086,0.0,4.410271742352637e-26
"Tudu, Bhagat Lal",0.0003380091262464086,0.0,4.410271742352637e-26
"Mishra, Nimai",0.0003380091262464086,0.0,4.410271742352637e-26
"Sanjay, Kali",0.0003380091262464086,0.0,4.410271742352637e-26
"Yuan, Zhenting",0.0005915159709312151,0.0,3.736287322201902e-07
"Huang, Huoshuai",0.0005915159709312151,0.0,3.736287322201902e-07
"He, Jinghui",0.0009295250971776238,3.096666706909249e-05,1.1101063157438532e-06
"Wang, Anchen",0.0006760182524928173,0.0,9.850429290194444e-06
"Cao, Dapeng",0.0008450228156160215,9.634074199273219e-05,9.897031039345697e-06
"Zhang, Fuyang",0.0006760182524928173,0.0,9.850429290194444e-06
"Chen, Yaru",0.0006760182524928173,0.0,9.850429290194444e-06
"Feng, Jianyong",0.0011830319418624302,0.00021676666948364744,7.186255263086908e-05
"Fang, Dong",0.0006760182524928173,0.0,9.850429290194444e-06
"Mi, Baoxiu",0.0006760182524928173,0.0,9.850429290194444e-06
"Gao, Zhiqiang",0.0006760182524928173,0.0,9.850429290194444e-06
"Li, Zhaosheng",0.0013520365049856345,0.0002649370404800135,7.252868916012038e-05
"Zhang, Wen",0.0009295250971776238,0.00034119451294716197,0.00016616418675741403
"Gao, Mingyang",0.000507013689369613,0.0,0.00015473585343887009
"Zhu, Huaiyang",0.000507013689369613,0.0,0.00015473585343887009
"Hui, Yifan",0.000507013689369613,0.0,0.00015473585343887009
"Cao, Qinzhe",0.000507013689369613,0.0,0.00015473585343887009
"Zhai, Chunxue",0.000507013689369613,0.0,0.00015473585343887009
"Zhang, Zhiyong",0.0021970593206016562,0.0006906478825174089,0.0024353899529335568
"Cui, Yanjuan",0.0003380091262464086,0.0,3.683167485230363e-33
"Fan, Hui",0.0003380091262464086,0.0,3.683167485230363e-33
"Li, Huixia",0.0003380091262464086,0.0,3.683167485230363e-33
"Xu, Hongyun",0.0003380091262464086,0.0,3.683167485230363e-33
"Zhang, Liang",0.0003380091262464086,0.0,3.683167485230363e-33
"Cao, Ruya",0.00042251140780801076,0.0,7.708479055584e-06
"Xu, Xijin",0.00042251140780801076,0.0,7.708479055584e-06
"Hao, Zhichao",0.000507013689369613,0.0,1.7514161185969514e-06
"Malathi, B.",0.0002535068446848065,0.0,6.570990368930812e-38
"Mori, Y.",0.0002535068446848065,0.0,6.570990368930812e-38
"Harish, S.",0.0002535068446848065,0.0,6.570990368930812e-38
"Nakamura, A.",0.0002535068446848065,0.0,6.570990368930812e-38
"Vijayan, M.",0.0006760182524928173,0.0,4.2665297862019374e-07
"Rajkumar, Chellakannu",0.0006760182524928173,0.0,4.2665297862019374e-07
"Hatamleh, Ashraf Atef",0.0006760182524928173,0.0,4.2665297862019374e-07
"Alnafisi, Bassam Khalid",0.0006760182524928173,0.0,4.2665297862019374e-07
"Easwaran, G.",0.0006760182524928173,0.0,4.2665297862019374e-07
"Sivakumar, K.",0.0006760182524928173,0.0,4.2665297862019374e-07
"Kim, Haekyoung",0.0006760182524928173,0.0,4.2665297862019374e-07
"Wang, Chenjie",0.0008450228156160215,0.0,5.012429182176111e-06
"Yan, Jun",0.0008450228156160215,0.0,5.012429182176111e-06
"Wang, Pengyuan",0.0008450228156160215,0.0,5.012429182176111e-06
"Liu, Yimin",0.0005915159709312151,0.0,9.094227300125548e-05
"Gao, Runchen",0.0005915159709312151,0.0,9.094227300125548e-05
"Gan, Yufeng",0.0005915159709312151,0.0,9.094227300125548e-05
"Liang, Duoqiang",0.0005915159709312151,0.0,9.094227300125548e-05
"Zhao, Wenjie",0.001014027378739226,0.0,1.4459019071810057e-23
"Liu, Jinyan",0.000507013689369613,0.0,8.159708685925544e-24
"Hou, Weiye",0.000507013689369613,0.0,8.159708685925544e-24
"Zhang, Zhe",0.000507013689369613,0.0,8.159708685925544e-24
"Chen, Xinrui",0.000507013689369613,0.0,8.159708685925544e-24
"Zeng, Xianghua",0.000507013689369613,0.0,8.159708685925544e-24
"Xia, Weiwei",0.000507013689369613,0.0,8.159708685925544e-24
"Negrete, Juan D. Morinson",0.0003380091262464086,0.0,3.683167485230363e-33
"Jimenez, Gladys Casiano",0.0003380091262464086,0.0,3.683167485230363e-33
"Garcia, Jean F. Murillo",0.0003380091262464086,0.0,3.683167485230363e-33
"Lopez, Cesar Ortega",0.0003380091262464086,0.0,3.683167485230363e-33
"Rico, Miguel J. Espitia",0.0003380091262464086,0.0,3.683167485230363e-33
"Huang, Yongkui",0.0009295250971776238,0.005885304729324005,0.0010606794295564585
"Kou, Shuangwu",0.00042251140780801076,0.0,0.0010341882563125525
"Zhang, Xiaoting",0.00042251140780801076,0.0,0.0010341882563125525
"Lu, Peili",0.00042251140780801076,0.0,0.0010341882563125525
"Zhang, Daijun",0.00042251140780801076,0.0,0.0010341882563125525
"Chen, Shunfeng",0.001014027378739226,0.0,1.5932285248485344e-05
"Ning, Yuanjie",0.001014027378739226,0.0,1.5932285248485344e-05
"Tang, Chi Sin",0.001014027378739226,0.0,1.5932285248485344e-05
"Dai, Liang",0.001014027378739226,0.0,1.5932285248485344e-05
"Zeng, Shengwei",0.001014027378739226,0.0,1.5932285248485344e-05
"Han, Kun",0.001014027378739226,0.0,1.5932285248485344e-05
"Zhou, Jun",0.002028054757478452,0.006477647257669229,0.0001557006929478011
"Yang, Ming",0.001014027378739226,0.0,1.593228524848534e-05
"Guo, Yanqun",0.001014027378739226,0.0,1.593228524848534e-05
"Cai, Chuanbing",0.001014027378739226,0.0,1.593228524848534e-05
"Ariando, Ariando",0.001014027378739226,0.0,1.593228524848534e-05
"Wee, Andrew T. S.",0.001014027378739226,0.0,1.593228524848534e-05
"Yin, Xinmao",0.001014027378739226,0.0,1.593228524848534e-05
"Zhou, Bing-Xin",0.0006760182524928173,0.0,0.00040656413182185984
"Ding, Shuang-Shuang",0.0006760182524928173,0.0,0.00040656413182185984
"Yang, Kang-Xin",0.0006760182524928173,0.0,0.00040656413182185984
"Pan, Anlian",0.0024505661652864624,0.002514704100937296,0.0004955609257811847
"Hu, Wangyu",0.0014365387865472366,0.00017892681065246035,0.0005786855846991349
"Li, Kai",0.0017745479127936454,0.002653192126938904,0.0036497112700280576
"Choudhary, Shubham",0.000507013689369613,0.0,2.3297544161395994e-07
"Deshwal, Manish",0.000507013689369613,0.0,2.3297544161395994e-07
"Patial, Payal",0.000507013689369613,0.0,2.3297544161395994e-07
"Aggarwal, Nupur",0.000507013689369613,0.0,2.3297544161395994e-07
"Kumar, Naveen",0.0007605205340544194,0.00028902222597819655,3.6829551729803396e-06
"Tripathy, Divya Bajpai",0.000507013689369613,0.0,2.3297544161395997e-07
"Gupta, Anjali",0.000507013689369613,0.0,2.3297544161395997e-07
"Liu, Jiaxin",0.0009295250971776238,0.0,1.1238991315663022e-05
"Ma, Zhiyao",0.0009295250971776238,0.0,1.1238991315663022e-05
"Gao, Tianxin",0.0009295250971776238,0.0,1.1238991315663022e-05
"Wang, Hong",0.0018590501943552475,0.0012364320899193218,0.00011126510589126757
"Zhu, Qingjun",0.0009295250971776238,0.0,1.1238991315663022e-05
"Chen, Shanshan",0.0012675342234240324,0.00035782771215771975,1.160781633368889e-05
"Zhou, Yanming",0.00042251140780801076,0.0,2.793203157953156e-29
"Yang, Wanliang",0.00042251140780801076,0.0,2.793203157953156e-29
"Feng, Lijun",0.00042251140780801076,0.0,2.793203157953156e-29
"Hong, Jie",0.00042251140780801076,0.0,2.793203157953156e-29
"Abbas, Mohamed",0.00042251140780801076,0.0,2.793203157953156e-29
"Kawi, Sibudjing",0.00042251140780801076,0.0,2.793203157953156e-29
"Ke, Jun",0.0011830319418624302,0.0002301099371767237,6.558350683623593e-05
"Zhou, Hongru",0.0005915159709312151,0.0,3.9934751484170906e-05
"Liu, Jie",0.001605543349670441,0.0005072385614076434,7.910217061728655e-05
"Zhang, Zhiguang",0.00042251140780801076,0.0,3.5320275545019114e-05
"Duan, Xiaoguang",0.0010985296603008281,9.455912590886301e-05,8.108746157187049e-05
"Ma, Fang",0.0010985296603008281,0.0004055242847187025,3.497368988740992e-05
"Qi, Juan",0.000507013689369613,0.0,3.698821739443386e-06
"Cui, Yuchen",0.000507013689369613,0.0,3.698821739443386e-06
"Xu, Naicai",0.000507013689369613,0.0,3.698821739443386e-06
"Zhang, Mingjin",0.000507013689369613,0.0,3.698821739443386e-06
"Zelati, Amir",0.0007605205340544194,0.0,2.073438964253325e-18
"Khodadadi, Jabbar",0.0007605205340544194,0.0,2.073438964253325e-18
"Ahmed, Halkawt Abdalqadir Kh",0.0007605205340544194,0.0,2.073438964253325e-18
"Alsarray, Rusul Mohsin Moharib",0.0007605205340544194,0.0,2.073438964253325e-18
"Mahmood, Sarkut Ibrahim",0.0007605205340544194,0.0,2.073438964253325e-18
"Sarvazad, Khatereh",0.0007605205340544194,0.0,2.073438964253325e-18
"Ahmadian, Farzad",0.0007605205340544194,0.0,2.073438964253325e-18
"Amiri, Maliheh",0.0007605205340544194,0.0,2.073438964253325e-18
"Boochani, Arash",0.0007605205340544194,0.0,2.073438964253325e-18
"Yari, Arash",0.0007605205340544194,0.0,2.073438964253325e-18
"Li, Jiaqi",0.0014365387865472366,0.0004335333389672949,3.108899226756043e-06
"Zhao, Congcong",0.0006760182524928173,0.0,3.007468803384712e-06
"Luo, Pingyu",0.0006760182524928173,0.0,3.007468803384712e-06
"Chen, Lin",0.0006760182524928173,0.0,3.007468803384712e-06
"Zhang, Junkai",0.0006760182524928173,0.0,3.007468803384712e-06
"Sun, Tiantian",0.0006760182524928173,0.0,3.007468803384712e-06
"Guan, Renquan",0.0014365387865472366,0.00011117419204205673,4.50343918663127e-06
"Zeng, Fanming",0.0006760182524928173,0.0,3.007468803384712e-06
"Liu, Chunbo",0.0018590501943552475,0.0008438480101383793,3.973376043824811e-05
"Feng, Qingliang",0.00042251140780801076,0.0,2.793203157953156e-29
"Duan, Kaiyue",0.00042251140780801076,0.0,2.793203157953156e-29
"Xie, Hong",0.00042251140780801076,0.0,2.793203157953156e-29
"Xue, Muyin",0.00042251140780801076,0.0,2.793203157953156e-29
"Du, Yongling",0.00042251140780801076,0.0,2.793203157953156e-29
"Wang, Chunming",0.00042251140780801076,0.0,2.793203157953156e-29
"Song, Ge",0.0012675342234240324,0.00048170370996366093,0.000962294979710622
"Yi, Zonglin",0.0005915159709312151,0.0,6.490044424625777e-05
"Xie, Lijing",0.0005915159709312151,0.0,6.490044424625777e-05
"Bi, Zhihong",0.0005915159709312151,0.0,6.490044424625777e-05
"Li, Qian",0.0008450228156160215,0.00014451111298909827,6.537737437285438e-05
"Chen, Jingpeng",0.0005915159709312151,0.0,6.490044424625777e-05
"Kong, Qingqiang",0.0005915159709312151,0.0,6.490044424625777e-05
"Chen, Chengmeng",0.0005915159709312151,0.0,6.490044424625777e-05
"Zhu, Yulin",0.000507013689369613,0.0,3.6665837966968293e-06
"Liang, Yan",0.000507013689369613,0.0,3.6665837966968293e-06
"You, Jianxian",0.000507013689369613,0.0,3.6665837966968293e-06
"Wang, Dehua",0.000507013689369613,0.0,3.6665837966968293e-06
"Li, Jiahao",0.000507013689369613,0.0,3.6665837966968293e-06
"Yang, Yanxing",0.000507013689369613,0.0,3.6665837966968293e-06
"Yang, Yong",0.0011830319418624302,0.00028902222597819655,5.780664103080141e-05
"Hu, Chenli",0.00042251140780801076,0.0,2.793203157953156e-29
"Shu, Haibo",0.00042251140780801076,0.0,2.793203157953156e-29
"Shen, Zihong",0.00042251140780801076,0.0,2.793203157953156e-29
"Zhao, Tianfeng",0.00042251140780801076,0.0,2.793203157953156e-29
"Liang, Pei",0.00042251140780801076,0.0,2.793203157953156e-29
"Chen, Xiaoshuang",0.00042251140780801076,0.0,2.793203157953156e-29
"Niu, Xuechen",0.0003380091262464086,0.0,1.1266312056199667e-05
"Luan, Chongbiao",0.0003380091262464086,0.0,1.1266312056199667e-05
"Ding, Yibo",0.0003380091262464086,0.0,1.289176100306142e-05
"Mawlong, Larionette P. L.",0.0001690045631232043,0.0,4.961725533464465e-44
"Paul, Kamal Kumar",0.0001690045631232043,0.0,4.961725533464465e-44
"Giri, P. K.",0.0001690045631232043,0.0,4.961725533464465e-44
"Prasad, Umesh",0.000507013689369613,0.0,5.327153564675236e-26
"Prakash, Jyoti",0.000507013689369613,0.0,5.327153564675236e-26
"Gupta, Santosh K.",0.000507013689369613,0.0,5.327153564675236e-26
"Zuniga, Jose",0.000507013689369613,0.0,5.327153564675236e-26
"Mao, Yuanbing",0.000507013689369613,0.0,5.327153564675236e-26
"Azeredo, Bruno",0.000507013689369613,0.0,5.327153564675236e-26
"Kannan, Arunachala Nadar Mada",0.000507013689369613,0.0,5.327153564675236e-26
"Chen, Jian",0.001690045631232043,0.0015896222428800812,9.634680442794773e-07
"Xu, Xiaochan",0.0007605205340544194,0.00011313732795955219,1.948240352287143e-06
"Pandiselvi, Kannusamy",0.0003380091262464086,0.0,9.079477504085182e-07
"Wang, Jingyu",0.0007605205340544194,0.00011313732795955219,1.948240352287143e-06
"Liu, Yunxiu",0.0005915159709312151,0.0,3.370054639422789e-05
"Han, Qiuyang",0.0005915159709312151,0.0,3.370054639422789e-05
"Yin, Jie",0.0005915159709312151,0.0,3.370054639422789e-05
"Zhang, Junchuan",0.0005915159709312151,0.0,3.370054639422789e-05
"Yu, Yue",0.0005915159709312151,0.0,3.370054639422789e-05
"Yang, Weizhong",0.0005915159709312151,0.0,3.370054639422789e-05
"Deng, Yi",0.0005915159709312151,0.0,3.370054639422789e-05
"Hasani, Amirhossein",0.0007605205340544194,0.0,2.47253473420815e-06
Quyet Van Le,0.0007605205340544194,0.0,2.47253473420815e-06
"Tekalgne, Mahider",0.0007605205340544194,0.0,2.47253473420815e-06
"Choi, Min-Ju",0.0014365387865472366,0.0,3.4708620227154444e-06
"Choi, Seokhoon",0.0019435524759168496,0.0,4.257451239911779e-06
"Lee, Tae Hyung",0.001605543349670441,0.0,3.6859997731386892e-06
"Kim, Hayeong",0.0007605205340544194,0.0,2.47253473420815e-06
"Ahn, Sang Hyun",0.0007605205340544194,0.0,2.47253473420815e-06
"Jang, Ho Won",0.003211086699340882,0.002023155581847376,2.6497565629887658e-05
"Passens, Michael",0.0002535068446848065,0.0,6.570990368930812e-38
"Moors, Marco",0.0002535068446848065,0.0,6.570990368930812e-38
"Waser, Rainer",0.0002535068446848065,0.0,6.570990368930812e-38
"Karthaeuser, Silvia",0.0002535068446848065,0.0,6.570990368930812e-38
"Gunasekaran, S.",0.0007605205340544194,0.0,2.073438964253325e-18
"Marnadu, R.",0.0007605205340544194,0.0,2.073438964253325e-18
"Thangaraju, D.",0.0007605205340544194,0.0,2.073438964253325e-18
"Chandrasekaran, J.",0.0007605205340544194,0.0,2.073438964253325e-18
"Hegazy, H. H.",0.0007605205340544194,0.0,2.073438964253325e-18
"Somaily, H. H.",0.0007605205340544194,0.0,2.073438964253325e-18
"Durairajan, A.",0.0007605205340544194,0.0,2.073438964253325e-18
"Valente, M. A.",0.0007605205340544194,0.0,2.073438964253325e-18
"Elango, M.",0.0007605205340544194,0.0,2.073438964253325e-18
"Reddy, Vasudeva Reddy Minnam",0.0007605205340544194,0.0,2.073438964253325e-18
"Boukhoubza, Issam",0.0006760182524928173,0.0,5.760266653871168e-20
"Derkaoui, Issam",0.0006760182524928173,0.0,5.760266653871168e-20
"Attia, Gamal F.",0.0006760182524928173,0.0,5.760266653871168e-20
"Ates, Sule",0.0006760182524928173,0.0,5.760266653871168e-20
"Lin, Liyang",0.000507013689369613,0.0,0.00022645066671506242
"Liu, Tianmo",0.000507013689369613,0.0,0.00022645066671506242
"Liang, Xiaobin",0.000507013689369613,0.0,0.00022645066671506242
"Sun, Rong",0.000507013689369613,0.0,0.00022645066671506242
"Zeng, Wen",0.0015210410681088388,0.00037976767624033514,0.0019055200053055476
"Wang, Zhongchang",0.000507013689369613,0.0,0.00022645066671506242
"Zhang, Honghao",0.0013520365049856345,0.0,5.0490004408736755e-05
"Wei, Jun",0.0013520365049856345,0.0,5.0490004408736755e-05
"Yan, Yu",0.0013520365049856345,0.0,5.0490004408736755e-05
"Guo, Qianjin",0.0013520365049856345,0.0,5.0490004408736755e-05
"Xie, Liqiang",0.0013520365049856345,0.0,5.0490004408736755e-05
"Yang, Zhengchun",0.0013520365049856345,0.0,5.0490004408736755e-05
"Qi, Wen",0.0013520365049856345,0.0,5.0490004408736755e-05
"Cao, Zongsheng",0.0013520365049856345,0.0,5.0490004408736755e-05
"Zhao, Xinhao",0.0013520365049856345,0.0,5.0490004408736755e-05
"Pan, Peng",0.0013520365049856345,0.0,5.0490004408736755e-05
"Li, Huayi",0.0013520365049856345,0.0,5.0490004408736755e-05
"Zhang, Kailiang",0.0013520365049856345,0.0,5.0490004408736755e-05
"Zhao, Jinshi",0.0013520365049856345,0.0,5.0490004408736755e-05
"Shah, Kwok Wei",0.0013520365049856345,0.0,5.0490004408736755e-05
"Cui, Yanhua",0.000507013689369613,0.0,7.35805461555439e-05
"Wang, Zengkai",0.000507013689369613,0.0,7.35805461555439e-05
"Wang, Pengcheng",0.0003380091262464086,0.0,1.5216323495381192e-32
"Huang, Xuejuan",0.0003380091262464086,0.0,1.5216323495381192e-32
"Dong, Tianao",0.0003380091262464086,0.0,1.5216323495381192e-32
"Ren, Yuting",0.0003380091262464086,0.0,1.5216323495381192e-32
"Hu, Juncheng",0.000507013689369613,0.0,1.7366939552773822e-32
"Wang, Xiaohu",0.0005915159709312151,6.638400895985617e-06,6.300976217159397e-07
"Gao, Yunfei",0.0003380091262464086,0.0,2.218058295690043e-07
"Zhang, Quanbi",0.0003380091262464086,0.0,2.218058295690043e-07
"He, Xuanmeng",0.0003380091262464086,0.0,2.218058295690043e-07
"Tasleem, Sehar",0.0003380091262464086,9.634074199273219e-05,1.93659337900624e-06
"Bongu, Chandra Sekhar",0.0001690045631232043,0.0,9.776150487555875e-08
"Alsharaeh, Edreese Housni",0.0001690045631232043,0.0,9.776150487555875e-08
"Chen, Xiao",0.0015210410681088388,0.002419325112995871,0.0007499225769059387
"Ma, Jian",0.0008450228156160215,0.0007682602918804121,0.0030115385460725798
"Gu, Cheng",0.000507013689369613,0.0,0.00026330523650690003
"Zhang, Kai",0.0001690045631232043,0.0,4.961725533464465e-44
"Zhang, Yunhai",0.0001690045631232043,0.0,4.961725533464465e-44
"Zhang, WanJu",0.0001690045631232043,0.0,4.961725533464465e-44
"Ghobadi, Amir",0.0005915159709312151,0.0,1.0726844139525494e-31
"Ulusoy, T. Gamze",0.0003380091262464086,0.0,8.120955423187141e-32
"Garifullin, Ruslan",0.0003380091262464086,0.0,8.120955423187141e-32
"Guler, Mustafa O.",0.0003380091262464086,0.0,8.120955423187141e-32
"Okyay, Ali K.",0.0003380091262464086,0.0,8.120955423187141e-32
"Yang, Hongli",0.0008450228156160215,0.0,0.00024191812996211153
"Li, Zhuodong",0.0008450228156160215,0.0,0.00024191812996211153
"Zhan, Xiaoqiang",0.0008450228156160215,0.0,0.00024191812996211153
"Zhang, Dongdong",0.0008450228156160215,0.0,0.00024191812996211153
"Luo, Yong",0.0008450228156160215,0.0,0.00024191812996211153
"Liang, Zhao",0.0008450228156160215,0.0,0.00024191812996211153
"Yang, Weiyou",0.0013520365049856345,0.0008933055270487242,0.00025815321129614053
"Wu, Fen",0.0008450228156160215,0.0,0.00024191812996211153
"Hou, Huilin",0.0013520365049856345,0.0008933055270487242,0.00025815321129614053
"Ding, Xiaohui",0.000507013689369613,0.0,0.0003521053568768109
"Li, Yingchun",0.0015210410681088388,0.0004139344115960412,0.0005868999631456064
"Feng, Lijuan",0.001014027378739226,4.329287856288616e-05,0.00042059047912366336
"Han, Dezhi",0.000507013689369613,0.0,0.0003521053568768109
"Drmosh, Q. A.",0.0003380091262464086,0.0,2.896870677313652e-20
"Chen, Weiwei",0.000507013689369613,0.0,0.00072412986375913
"Ge, Jianhua",0.000507013689369613,0.0,0.00072412986375913
"Song, Fengge",0.000507013689369613,0.0,0.00072412986375913
"Zheng, Yuanyuan",0.000507013689369613,0.0,0.00072412986375913
"Rao, Pinhua",0.000507013689369613,0.0,0.00072412986375913
"Li, Jia-Qi",0.0002535068446848065,0.0,6.570990368930812e-38
"Zhao, Qing-Meng",0.0002535068446848065,0.0,6.570990368930812e-38
"Zhou, Yong-Dong",0.0002535068446848065,0.0,6.570990368930812e-38
"Zhao, Zong-Yan",0.0002535068446848065,0.0,6.570990368930812e-38
"Holler, Brian A.",0.0002535068446848065,0.0,6.570990368930812e-38
"Crowley, Kyle",0.0002535068446848065,0.0,6.570990368930812e-38
"Berger, Marie-Helene",0.0002535068446848065,0.0,6.570990368930812e-38
"Gao, Xuan P. A.",0.0002535068446848065,0.0,6.570990368930812e-38
"Wu, Kai",0.0003380091262464086,0.0,4.766830129881417e-27
"Guo, Jinhang",0.0003380091262464086,0.0,4.766830129881417e-27
"He, Shu-ao",0.000507013689369613,0.0,0.00041323434403089064
"Ma, Qiong",0.0008450228156160215,3.3909018950851114e-06,0.0004944392855987564
"Yan, Bingchang",0.000507013689369613,0.0,0.00041323434403089064
"Meng, Nan",0.000507013689369613,0.0,0.00041323434403089064
"Hao, Lifen",0.000507013689369613,0.0,0.00041323434403089064
"Liu, Shaomin",0.0014365387865472366,0.0008252449706223051,4.8504733901592474e-05
"Zhang, Wen-Hai",0.00042251140780801076,0.0,3.2382567861350824e-06
"Xuan, Boyuan",0.00042251140780801076,0.0,3.2382567861350824e-06
"Zhao, Changwei",0.00042251140780801076,0.0,3.2382567861350824e-06
"Guo, Hongxia",0.00042251140780801076,0.0,3.2382567861350824e-06
"Fu, Wenjing",0.0003380091262464086,0.0,6.238316238061166e-05
"Wang, Shan",0.0003380091262464086,0.0,6.238316238061166e-05
"Thiehmed, Z. A.",8.450228156160216e-05,0.0,1.1672423683483423e-52
"Altahtamouni, T. M.",8.450228156160216e-05,0.0,1.1672423683483423e-52
"Liu, Xiaogang",0.000507013689369613,0.0,4.940880187773651e-05
"Wang, Yuxiu",0.000507013689369613,0.0,4.940880187773651e-05
"Mu, Xiaowan",0.000507013689369613,0.0,4.940880187773651e-05
"Yu, Changlin",0.000507013689369613,0.0,4.940880187773651e-05
"Zhou, Yuqiang",0.000507013689369613,0.0,4.940880187773651e-05
"Kumar, Santosh",0.0006760182524928173,0.00024085185498183047,2.371525440702298e-05
"Eslava, Salvador",0.001014027378739226,0.0012524296459055185,0.0004375266978574901
"Reddy, Kumaar Swamy B.",0.0002535068446848065,0.0,2.0396133536732864e-15
"Veeralingam, Sushmitha",0.0002535068446848065,0.0,2.0396133536732864e-15
"Borse, Pramod H.",0.000507013689369613,5.0705653680385366e-06,2.1087535268702307e-14
"Badhulika, Sushmee",0.0002535068446848065,0.0,2.0396133536732864e-15
"Li, Honglin",0.0002535068446848065,0.0,7.049827733511886e-05
"Guo, Chaozhong",0.0002535068446848065,0.0,7.049827733511886e-05
"Xiong, Yuanqiang",0.0002535068446848065,0.0,7.049827733511886e-05
"Yang, Ying",0.001014027378739226,0.00014451111298909827,0.001326909237645587
"Bhat, Swetha S. M.",0.0011830319418624302,4.8170370996366096e-05,2.948654956234881e-06
"Pawar, Sachin A.",0.0008450228156160215,0.0,2.5660732015570393e-06
"Potphode, Darshna",0.0008450228156160215,0.0,2.5660732015570393e-06
"Moon, Chang-Ki",0.0008450228156160215,0.0,2.5660732015570393e-06
"Suh, Jun Min",0.0013520365049856345,0.0,3.3595167960873195e-06
"Kim, Changyeon",0.0013520365049856345,0.0,3.3595167960873195e-06
"Patil, Dipali S.",0.0008450228156160215,0.0,2.5660732015570393e-06
"Kim, Jang-Joo",0.0008450228156160215,0.0,2.5660732015570393e-06
"Shin, Jae Cheol",0.0008450228156160215,0.0,2.5660732015570393e-06
"Du, Jun",0.0005915159709312151,0.0,8.192135435086223e-06
"Bamola, Priyanka",0.0009295250971776238,0.0,2.666231784959288e-15
"Tanwar, Manushree",0.000507013689369613,0.0,1.837572350100762e-15
"Kumar, Rajesh",0.000507013689369613,0.0,1.837572350100762e-15
"Rai, Ritu",8.450228156160216e-05,0.0,1.1672423683483423e-52
"Ahmed, Zubair",8.450228156160216e-05,0.0,1.1672423683483423e-52
"Chakraborty, Ashok Kumar",0.0001690045631232043,0.0,4.961725533464465e-44
"Ganguli, Sumon",0.0001690045631232043,0.0,4.961725533464465e-44
"Bera, Sandipan",0.0001690045631232043,0.0,4.961725533464465e-44
"Xu, Yanjie",0.0013520365049856345,6.910693142662612e-05,2.3079225135043275e-05
"Wang, Fang",0.0029575798546560756,0.008109363692483806,0.00011297490253084413
"Lei, Shulai",0.0008450228156160215,0.0,1.8504181822624235e-05
"Wei, Yan",0.0011830319418624302,0.0007926946268258931,6.224762821402011e-05
"Zhao, Dan",0.0008450228156160215,0.0,1.8504181822624235e-05
"Gao, Yahui",0.0008450228156160215,0.0,1.8504181822624235e-05
"Ma, Xiao",0.0008450228156160215,0.0,1.8504181822624235e-05
"Chang, Shuqing",0.0008450228156160215,0.0,1.8504181822624235e-05
"Wang, Mengqing",0.0008450228156160215,0.0,1.8504181822624235e-05
"Jing, Huanwang",0.001605543349670441,0.0009131205543168084,6.431165778703978e-05
"Chen, Xiaobo",0.0003380091262464086,0.0,0.00011095629349648474
"Peng, Qing",0.000507013689369613,0.0,1.6514007470234546e-05
"Wang, Jian",0.002028054757478452,0.0008543094707145217,0.00037573295979115274
"Li, Yukun",0.0009295250971776238,6.628176872409105e-06,0.00012806096449778325
"Wan, Dongyang",0.00042251140780801076,0.0,6.337988905421167e-05
"Behera, Govinda C.",0.0002535068446848065,0.0,4.779552846162703e-31
"Kim, Taemin L.",0.0008450228156160215,0.0,2.544790727066636e-06
"Choi, Kyoung Soon",0.0015210410681088388,0.0,3.6742106786550964e-06
"Sohn, Woonbae",0.0008450228156160215,0.0,2.544790727066636e-06
"Lee, Sol A.",0.001014027378739226,0.0,2.759928477489881e-06
"Park, Hoonkee",0.0008450228156160215,0.0,2.544790727066636e-06
"Jeong, Sang Yun",0.0008450228156160215,0.0,2.544790727066636e-06
"Yang, Jin Wook",0.0008450228156160215,0.0,2.544790727066636e-06
"Lee, Sanghan",0.0008450228156160215,0.0,2.544790727066636e-06
"Shi, Yue",0.00042251140780801076,0.0,4.057861312615559e-05
"Zhao, Ruiqing",0.00042251140780801076,0.0,4.057861312615559e-05
"Bu, Qingwei",0.00042251140780801076,0.0,4.057861312615559e-05
"Tang, Jianfeng",0.00042251140780801076,0.0,4.057861312615559e-05
"Steirer, K. Xerxes",0.0002535068446848065,0.0,5.2968314398973695e-15
"Ou, Kai Lin",0.0002535068446848065,0.0,5.2968314398973695e-15
"Armstrong, Neal R.",0.0010985296603008281,8.450942280064227e-07,2.6775500152993378e-14
"Ratcliff, Erin L.",0.0010985296603008281,8.450942280064227e-07,2.6775500152993378e-14
"Song, Xueying",0.00042251140780801076,0.0,4.794394853379874e-06
"Gu, Kuikun",0.00042251140780801076,0.0,4.794394853379874e-06
"Zhang, Qinwei",0.00042251140780801076,0.0,4.794394853379874e-06
"Jin, Linhu",0.00042251140780801076,0.0,4.794394853379874e-06
"He, Chunfeng",0.00042251140780801076,0.0,4.794394853379874e-06
"Zhen, Chao",0.0017745479127936454,0.0005083195096943816,0.005468972521302194
"Kang, Yuyang",0.0003380091262464086,0.0,0.0006965303291758133
"Wang, Lianzhou",0.0008450228156160215,0.0008367405938276874,0.0007186654815769778
"Cheng, Hui-Ming",0.0017745479127936454,0.0005083195096943816,0.005468972521302194
"Lin, Xian",0.0003380091262464086,0.0,8.611217233926551e-09
"Zhang, Jian-Min",0.0006760182524928173,0.00019268148398546438,8.702681754910616e-09
"Xu, Guigui",0.0003380091262464086,0.0,8.611217233926551e-09
"Zhong, Kehua",0.0003380091262464086,0.0,8.611217233926551e-09
"Chen, Yanan",0.0003380091262464086,0.0,7.121792203931166e-05
"Xiang, Wenzhuo",0.0003380091262464086,0.0,7.121792203931166e-05
"Ji, Tao",0.0003380091262464086,0.0,7.121792203931166e-05
"Arra, Srilatha",0.0001690045631232043,0.0,4.961725533464465e-44
"Barbar, Rohit",0.0001690045631232043,0.0,4.961725533464465e-44
"Kabir, Mukul",0.0001690045631232043,0.0,4.961725533464465e-44
"Zhang, Guofeng",0.0002535068446848065,0.0,6.570990368930812e-38
"Cao, Xiaojun",0.0002535068446848065,0.0,6.570990368930812e-38
"Yu, Jingjing",0.0002535068446848065,0.0,6.570990368930812e-38
"Xian, Shuangyu",0.0002535068446848065,0.0,6.570990368930812e-38
"Li, Xuanzhen",0.0005915159709312151,0.0,0.003176030996290288
"Xiong, Jing",0.0008450228156160215,1.2411022869193415e-05,0.004666428116658036
"Tang, Zhiling",0.0008450228156160215,1.2411022869193415e-05,0.004666428116658036
"He, Wenjie",0.0008450228156160215,1.2411022869193415e-05,0.004666428116658036
"Wang, Yingli",0.0005915159709312151,0.0,0.003176030996290288
"Wang, Xiong",0.0005915159709312151,0.0,0.003176030996290288
"Dou, Mingsong",0.0011830319418624302,0.0,9.235008458494257e-05
"Hu, Yongzheng",0.0011830319418624302,0.0,9.235008458494257e-05
"Yue, Xue",0.0011830319418624302,0.0,9.235008458494257e-05
"Lu, Taiping",0.0011830319418624302,0.0,9.235008458494257e-05
"Yang, Li",0.0021970593206016562,0.0005780444519563931,9.575857880646681e-05
"He, Yu",0.0011830319418624302,0.0,9.235008458494257e-05
"Du, Yingying",0.0011830319418624302,0.0,9.235008458494257e-05
"Zhu, Anning",0.0011830319418624302,0.0,9.235008458494257e-05
"Yang, Haokai",0.0011830319418624302,0.0,9.235008458494257e-05
"Zhu, Yuming",0.0011830319418624302,0.0,9.235008458494257e-05
"Wang, Jiahao",0.0011830319418624302,0.0,9.235008458494257e-05
"Yu, Dongyue",0.0011830319418624302,0.0,9.235008458494257e-05
"Lu, Shaolin",0.0011830319418624302,0.0,9.235008458494257e-05
"Chen, Xudong",0.0011830319418624302,0.0,9.235008458494257e-05
"Mustafa, Muhammad",0.0001690045631232043,0.0,4.961725533464465e-44
"Rehman, Shams Ur",0.0001690045631232043,0.0,4.961725533464465e-44
"Wu, Hui-Fen",0.0001690045631232043,0.0,4.961725533464465e-44
"Wu, Yuliang",0.0009295250971776238,0.0,3.042267064419419e-11
"Wang, Yingfei",0.0009295250971776238,0.0,3.042267064419419e-11
"Li, Jiehua",0.0009295250971776238,0.0,3.042267064419419e-11
"Jin, Xiaoyu",0.0009295250971776238,0.0,3.042267064419419e-11
"Yan, Shichao",0.0009295250971776238,0.0,3.042267064419419e-11
"Xiong, Ziren",0.0006760182524928173,0.0,5.6795414886075e-05
"Hu, Ce",0.0006760182524928173,0.0,5.6795414886075e-05
"Luo, Xingfang",0.0006760182524928173,0.0,5.6795414886075e-05
"Zhou, Wenda",0.0006760182524928173,0.0,5.6795414886075e-05
"Jiang, Zhenzhen",0.0006760182524928173,0.0,5.6795414886075e-05
"Yu, Ting",0.0027885752915328714,0.0025840614893315266,0.0007815479776195287
"Lei, Wen",0.0006760182524928173,0.0,5.6795414886075e-05
"Yuan, Cailei",0.0006760182524928173,0.0,5.6795414886075e-05
"Vetrivelan, V.",0.000507013689369613,0.0,5.327153564675236e-26
"Ramalingam, G.",0.000507013689369613,0.0,5.327153564675236e-26
"Manikandan, A.",0.000507013689369613,0.0,5.327153564675236e-26
"Viswanathan, S.",0.000507013689369613,0.0,5.327153564675236e-26
"Boomi, P.",0.000507013689369613,0.0,5.327153564675236e-26
"Ravi, G.",0.000507013689369613,0.0,5.327153564675236e-26
"Kumar, B. Arjun",0.000507013689369613,0.0,5.327153564675236e-26
"Cako, Elvana",0.0005915159709312151,0.0,7.77426446369924e-20
"Dudziak, Szymon",0.0005915159709312151,0.0,7.77426446369924e-20
"Gluchowski, Pawel",0.0005915159709312151,0.0,7.77426446369924e-20
"Trykowski, Grzegorz",0.0005915159709312151,0.0,7.77426446369924e-20
"Pisarek, Marcin",0.0012675342234240324,0.0,1.8949105519838265e-19
"Borzyszkowska, Agnieszka Fiszka",0.0005915159709312151,0.0,7.77426446369924e-20
"Sikora, Karol",0.0005915159709312151,0.0,7.77426446369924e-20
"Zielinska-Jurek, Anna",0.0005915159709312151,0.0,7.77426446369924e-20
"Feng, Shun",0.0018590501943552475,6.422716132848813e-05,0.00547152292245869
"Liu, Chi",0.0018590501943552475,6.422716132848813e-05,0.00547152292245869
"Zhu, Qianbing",0.0015210410681088388,0.0,0.00528966362512871
"Su, Xin",0.0015210410681088388,0.0,0.00528966362512871
"Qian, Wangwang",0.0015210410681088388,0.0,0.00528966362512871
"Wang, Chengxu",0.0015210410681088388,0.0,0.00528966362512871
"Chen, Maolin",0.0015210410681088388,0.0,0.00528966362512871
"Chen, Long",0.00312658441777928,0.0017639619194558497,0.00588239289892961
"Chen, Wei",0.004478620922764914,0.00489052390172916,0.0064926698860748215
"Wang, Feijiu",0.0015210410681088388,0.0,0.00528966362512871
"Ren, Wencai",0.0015210410681088388,0.0,0.00528966362512871
"Yin, Lichang",0.0015210410681088388,0.0,0.00528966362512871
"Wang, Xiaomu",0.0025350684468480648,0.003994372863570584,0.005676350311206024
"Sun, Dong-Ming",0.0018590501943552475,6.422716132848813e-05,0.005471522922458689
"Yu, Siming",0.001014027378739226,0.0,0.0014306432250865235
"Deng, Ce-yu",0.001014027378739226,0.0,0.0014306432250865235
"Wei, Hua-liang",0.001014027378739226,0.0,0.0014306432250865235
"Zhou, Jian-hao",0.001014027378739226,0.0,0.0014306432250865235
"Chen, Ze-Xiang",0.001014027378739226,0.0,0.0014306432250865235
"Yang, Huan",0.001014027378739226,0.0,0.0014306432250865235
"Liu, Ming-Jin",0.001014027378739226,0.0,0.0014306432250865235
"Gu, Bing-Ni",0.001014027378739226,0.0,0.0014306432250865235
"Chung, Chia-Chen",0.001014027378739226,0.0,0.0014306432250865235
"Lv, Hui-fang",0.001014027378739226,0.0,0.0014306432250865235
"Zhou, Zhi-yu",0.001014027378739226,0.0,0.0014306432250865235
"Chueh, Yu-Lun",0.002112557039040054,0.0006262148229527593,0.0015340920768393915
"Chen, Xuexia",0.0005915159709312151,0.0,1.4428548973867819e-22
"Yang, Xun",0.0005915159709312151,0.0,1.4428548973867819e-22
"Lou, Qing",0.0005915159709312151,0.0,1.4428548973867819e-22
"Chen, Yancheng",0.0005915159709312151,0.0,1.4428548973867819e-22
"Lu, Yacong",0.0005915159709312151,0.0,1.4428548973867819e-22
"Dong, Lin",0.0008450228156160215,0.0,1.551809739114888e-22
"Shan, Chong-Xin",0.0005915159709312151,0.0,1.4428548973867819e-22
"Cheng, Shuo",0.00042251140780801076,0.0,3.8624562053033845e-06
"Li, Yi",0.0014365387865472366,0.001407726443883412,6.471672302042399e-05
"Zhao, Chenlong",0.00042251140780801076,0.0,3.8624562053033845e-06
"Wang, Yaoyang",0.00042251140780801076,0.0,3.8624562053033845e-06
"You, Yuhang",0.00042251140780801076,0.0,3.8624562053033845e-06
"Xiu, Xianwu",0.00042251140780801076,0.0,3.8624562053033845e-06
"Huang, Jindou",0.0003380091262464086,0.0,0.00010919867964739013
"Yuan, Ling",0.0003380091262464086,0.0,0.00010919867964739013
"Li, Yuangang",0.000507013689369613,0.0,5.327153564675236e-26
"Wei, Xiaoliang",0.000507013689369613,0.0,5.327153564675236e-26
"Yan, Xiangyang",0.000507013689369613,0.0,5.327153564675236e-26
"Cai, Jiangtao",0.000507013689369613,0.0,5.327153564675236e-26
"Zhou, Anning",0.000507013689369613,0.0,5.327153564675236e-26
"Yang, Mengru",0.000507013689369613,0.0,5.327153564675236e-26
"Liu, Kaiqiang",0.000507013689369613,0.0,5.327153564675236e-26
"Shen, Jun",0.0008450228156160215,1.619814709267933e-05,0.0003642350727517391
"Sun, Kouhua",0.0003380091262464086,0.0,0.000300071782091389
"Ali, Labeeb",0.00042251140780801076,0.0,2.9970432395092564e-19
"Karthigaimuthu, D.",0.00042251140780801076,0.0,2.9970432395092564e-19
"Saleh, Na''il",0.00042251140780801076,0.0,2.9970432395092564e-19
"Polychronopoulou, Kyriaki",0.00042251140780801076,0.0,2.9970432395092564e-19
"Altarawneh, Mohammednoor",0.00042251140780801076,0.0,2.9970432395092564e-19
"Yu, Weilai",0.00042251140780801076,0.0,6.409757436100694e-06
"Chen, Junxiang",0.00042251140780801076,0.0,6.409757436100694e-06
"Shang, Tongtong",0.00042251140780801076,0.0,6.409757436100694e-06
"Chen, Linfeng",0.00042251140780801076,0.0,6.409757436100694e-06
"Gu, Lin",0.0018590501943552475,0.002807317424717619,9.797294758459986e-05
"Chhabra, Tripti",0.0002535068446848065,0.0,3.836319794446868e-21
"Bahuguna, Ashish",0.0002535068446848065,0.0,3.836319794446868e-21
"Ghosh, Shilpi",0.000507013689369613,0.0,2.8358377704090803e-22
"Sharma, Sachin Kumar",0.000507013689369613,0.0,2.8358377704090803e-22
"Rana, Swati",0.000507013689369613,0.0,2.8358377704090803e-22
"Khan, Tuhin Suvra",0.000507013689369613,0.0,2.8358377704090803e-22
"Sasaki, Takehiko",0.000507013689369613,0.0,2.8358377704090803e-22
"Acharyya, Shankha Shubhra",0.000507013689369613,0.0,2.8358377704090803e-22
"Bal, Rajaram",0.0010985296603008281,0.0,6.857011621165093e-22
"Kang, San",0.0003380091262464086,0.0,3.683167485230363e-33
"Lee, Dong-Hyo",0.0003380091262464086,0.0,3.683167485230363e-33
"Lee, Yeonjae",0.0003380091262464086,0.0,3.683167485230363e-33
"Lee, Jaeung",0.0003380091262464086,0.0,3.683167485230363e-33
"Kim, Changyoung",0.0003380091262464086,0.0,3.683167485230363e-33
"Li, Hui",0.00312658441777928,0.004975881572047161,0.0005058815627268382
"Xu, Bin",0.00042251140780801076,0.0,0.00014016359249675425
"Chen, Zhengjie",0.0003380091262464086,0.0,3.683167485230363e-33
"Cao, Juexian",0.0003380091262464086,0.0,3.683167485230363e-33
"Yang, Liwen",0.0003380091262464086,0.0,3.683167485230363e-33
"Yin, Wenjin",0.0003380091262464086,0.0,3.683167485230363e-33
"Wei, Xiaolin",0.0003380091262464086,0.0,3.683167485230363e-33
"Wang, Zhaoying",0.000507013689369613,0.0,0.0015201324424932046
"Wang, Ting",0.0018590501943552475,0.002549638230854948,0.0016231303687953395
"Wang, Haiwen",0.000507013689369613,0.0,0.0015201324424932046
"Yin, Xuepeng",0.0008450228156160215,0.00019268148398546438,0.0015359090477533083
"Niu, Hao",0.000507013689369613,0.0,0.001520132442493205
"Wang, Aihua",0.000507013689369613,0.0,0.001520132442493205
"Cheng, Kehao",0.0005915159709312151,0.0,0.00022757938100089343
"Hua, Jiahui",0.0005915159709312151,0.0,0.00022757938100089343
"Shao, Chunfeng",0.001690045631232043,0.0019882221386775113,0.00045309977092738936
"Dawson, Graham",0.0005915159709312151,0.0,0.00022757938100089343
"Liu, Qinliang",0.0005915159709312151,0.0,0.00022757938100089343
"Yin, Dunqian",0.0005915159709312151,0.0,0.00022757938100089343
"Zheng, Jia-Min",0.000507013689369613,0.0,5.327153564675236e-26
"Zhang, Qiao-Yi",0.000507013689369613,0.0,5.327153564675236e-26
"Zuo, Zhi-Han",0.000507013689369613,0.0,5.327153564675236e-26
"Li, Yi-Yan",0.000507013689369613,0.0,5.327153564675236e-26
"Chen, Yibo",0.000507013689369613,0.0,5.327153564675236e-26
"Zhang, Jin Zhong",0.000507013689369613,0.0,5.327153564675236e-26
"Liu, Zhao-Qing",0.000507013689369613,0.0,5.327153564675236e-26
"Cao, Fengren",0.0007605205340544194,1.011204273765108e-06,4.325230359525299e-06
"Chen, Shimou",0.00042251140780801076,0.0,3.3681253707761455e-06
"Xiong, Jie",0.00042251140780801076,0.0,3.3681253707761455e-06
"Jin, Zipeng",0.00042251140780801076,0.0,3.5036058248932286e-06
"Liu, Xiongli",0.0005915159709312151,1.780229968461251e-05,1.503372188629706e-05
"Li, Kunting",0.0008450228156160215,1.780229968461251e-05,1.716271972902239e-05
"Hu, Yisheng",0.00042251140780801076,0.0,3.5036058248932294e-06
"Xu, Lei",0.002281561602163258,0.0013570327605008918,2.0010825521641178e-05
"Li, Baiyan",0.0008450228156160215,1.780229968461251e-05,1.716271972902239e-05
"Wang, Tong",0.0019435524759168496,0.002672675300324827,0.0008705772380984418
"Liu, Heng-Jui",0.0014365387865472366,0.0,7.369678361017491e-06
"Lin, Jheng-Cyuan",0.0014365387865472366,0.0,7.369678361017491e-06
"Fang, Yue-Wen",0.0014365387865472366,0.0,7.369678361017491e-06
"Wang, Jing-Ching",0.0014365387865472366,0.0,7.369678361017491e-06
"Huang, Bo-Chao",0.0014365387865472366,0.0,7.369678361017491e-06
"Gao, Xiang",0.0017745479127936454,0.0,7.4881269901968015e-06
"Huang, Rong",0.001690045631232043,0.0,7.452205346753025e-06
"Dean, Philip R.",0.0014365387865472366,0.0,7.369678361017491e-06
"Hatton, Peter D.",0.0014365387865472366,0.0,7.369678361017491e-06
"Chin, Yi-Ying",0.0014365387865472366,0.0,7.369678361017491e-06
"Lin, Hong-Ji",0.0014365387865472366,0.0,7.369678361017491e-06
"Chen, Chien-Te",0.0014365387865472366,0.0,7.369678361017491e-06
"Ikuhara, Yuichi",0.0014365387865472366,0.0,7.369678361017491e-06
"Chiu, Ya-Ping",0.0014365387865472366,0.0,7.369678361017491e-06
"Chang, Chia-Seng",0.0014365387865472366,0.0,7.369678361017491e-06
"Duan, Chun-Gang",0.0014365387865472366,0.0,7.369678361017491e-06
"He, Qing",0.0014365387865472366,0.0,7.369678361017491e-06
"Chu, Ying-Hao",0.0014365387865472366,0.0,7.369678361017491e-06
"Cheng, Qiuping",0.0005915159709312151,0.0,2.2548535158194037e-05
"Du, Xiaoye",0.0005915159709312151,0.0,2.2548535158194037e-05
"Ding, Shujiang",0.002281561602163258,0.006168437532950177,0.00017954999954699632
"Xiao, Chunhui",0.0011830319418624302,2.5584150538656777e-05,3.4806879381084354e-05
"Wang, Jin",0.0026195707284096667,0.008078701020062064,2.94467638234056e-05
"Song, Zhongxiao",0.0005915159709312151,0.0,2.2548535158194033e-05
"Wu, Qizhao",0.0006760182524928173,0.0,3.37019498170399e-05
"Wang, Xinle",0.001014027378739226,1.0304036933261569e-05,8.263180430330054e-05
"Zhou, Yuxi",0.0006760182524928173,0.0,3.37019498170399e-05
"Ren, Juan",0.000507013689369613,0.0,2.7689690584453003e-06
"Ma, Yongning",0.000507013689369613,0.0,2.7689690584453003e-06
"Zhao, Xia",0.000507013689369613,0.0,2.7689690584453003e-06
"Shao, Changlu",0.0010985296603008281,6.735373559086906e-05,0.00015965063956695786
"Li, Xinghua",0.0010985296603008281,6.735373559086906e-05,0.00015965063956695786
"Sun, Yangyang",0.0006760182524928173,0.0,0.00015271529581223952
"Mu, Jingbo",0.0014365387865472366,0.0003394395085266151,0.00021497290357063006
"Guo, Zengcai",0.0006760182524928173,0.0,0.00015271529581223952
"Liu, Yichun",0.0019435524759168496,0.0013026471998755311,0.00018720307833423408
"Kitchamsetti, Narasimharao",0.0006760182524928173,0.0,1.177205561560938e-17
"Samtham, Manopriya",0.0006760182524928173,0.0,1.177205561560938e-17
"Singh, Diwakar",0.0006760182524928173,0.0,1.177205561560938e-17
"Choudhary, Ekta",0.0006760182524928173,0.0,1.177205561560938e-17
"Rondiya, Sachin R.",0.0006760182524928173,0.0,1.177205561560938e-17
"Ma, Yuan -Ron",0.0006760182524928173,0.0,1.177205561560938e-17
"Cross, Russell W.",0.0006760182524928173,0.0,1.177205561560938e-17
"Dzade, Nelson Y.",0.0006760182524928173,0.0,1.177205561560938e-17
"Devan, Rupesh S.",0.0014365387865472366,0.0,2.8880933838977395e-17
"Thimsen, Elijah",0.0002535068446848065,0.0,6.570990368930812e-38
"Martinson, Alex B. F.",0.0002535068446848065,0.0,6.570990368930812e-38
"Elam, Jeffrey W.",0.0002535068446848065,0.0,6.570990368930812e-38
"Pellin, Michael J.",0.0002535068446848065,0.0,6.570990368930812e-38
"Chang, Xueting",0.0006760182524928173,0.0,2.7510244425325438e-05
"Xu, Shuai",0.0015210410681088388,0.0005202734212464868,3.222479661364866e-05
"Wang, Nannan",0.0006760182524928173,0.0,2.7510244425325438e-05
"Sun, Shibin",0.0006760182524928173,0.0,2.7510244425325438e-05
"Zhu, Xiaojie",0.0006760182524928173,0.0,2.7510244425325438e-05
"Li, Junfeng",0.0006760182524928173,0.0,2.7510244425325438e-05
"Ola, Oluwafunmilola",0.0006760182524928173,0.0,2.7510244425325438e-05
"Zhu, Yanqiu",0.0006760182524928173,0.0,2.7510244425325438e-05
"Wang, Keke",0.00042251140780801076,0.0,6.907936611366708e-06
"He, Haizhou",0.00042251140780801076,0.0,6.907936611366708e-06
"Li, Dongwei",0.00042251140780801076,0.0,6.907936611366708e-06
"Li, Yaomin",0.0013520365049856345,0.000529874080960027,7.2451891110215135e-06
"Li, Wenzhang",0.00042251140780801076,0.0,6.907936611366708e-06
"Lin, Xin",0.0008450228156160215,5.433235059174392e-06,6.192904634540983e-06
"Wei, Zhi-Quan",0.0008450228156160215,5.433235059174392e-06,6.192904634540983e-06
"Mo, Qiao-Ling",0.000507013689369613,0.0,2.9370095030450285e-06
"Fu, Xiao-Yan",0.000507013689369613,0.0,2.9370095030450285e-06
"Xue, Zhuoxin",0.0008450228156160215,0.0,5.0240072237272215e-05
"Jiang, Chengyu",0.0008450228156160215,0.0,5.0240072237272215e-05
"Zhu, Hualong",0.0008450228156160215,0.0,5.0240072237272215e-05
"Zhou, Shenghan",0.0008450228156160215,0.0,5.0240072237272215e-05
"Xiao, Yuchuan",0.0008450228156160215,0.0,5.0240072237272215e-05
"Xi, Xiaoqing",0.0008450228156160215,0.0,5.0240072237272215e-05
"Teng, Hanchao",0.002112557039040054,0.0006538214120961668,9.481570492858533e-05
"Chen, Na",0.002112557039040054,0.0006538214120961668,9.481570492858533e-05
"Hu, Hai",0.002112557039040054,0.0006538214120961668,9.481570492858533e-05
"Xiao, Qian",0.0003380091262464086,0.0,4.8654082638607246e-05
"Yang, Tingting",0.0010985296603008281,0.0015186131187217328,0.00026491232338701044
"Sun, Yantao",0.0003380091262464086,0.0,4.8654082638607246e-05
"Raj, Sherlin Nivetha Michael",0.00042251140780801076,0.0,2.793203157953156e-29
"Jothi, Vinoth Kumar",0.00042251140780801076,0.0,2.793203157953156e-29
"Rajaram, Arulmozhi",0.00042251140780801076,0.0,2.793203157953156e-29
"Suresh, Pavithra",0.00042251140780801076,0.0,2.793203157953156e-29
"Murugan, Komal",0.00042251140780801076,0.0,2.793203157953156e-29
"Natarajan, Abirami",0.00042251140780801076,0.0,2.793203157953156e-29
"Dong, Changgang",0.000507013689369613,0.0,3.7725183761890125e-06
"Guo, Min",0.000507013689369613,0.0,3.7725183761890125e-06
"Gao, Wen",0.000507013689369613,0.0,3.7725183761890125e-06
"Hao, Pin",0.000507013689369613,0.0,3.7725183761890125e-06
"Lei, Fengcai",0.000507013689369613,0.0,3.7725183761890125e-06
"Xie, Junfeng",0.000507013689369613,0.0,3.7725183761890125e-06
"Tang, Bo",0.0010985296603008281,0.0004934716673062158,5.923115962269829e-05
"Xiao, Yuting",0.0005915159709312151,0.0,0.0005140874696512766
"Guo, Shien",0.0005915159709312151,0.0,0.0005140874696512766
"Li, Zhenliang",0.001014027378739226,0.0001059748161920055,4.680618180214131e-05
"Rao, Yujian",0.001014027378739226,0.0001059748161920055,4.680618180214131e-05
"Wang, Zhehan",0.0005915159709312151,0.0,1.2520688588572088e-05
"Zhang, Tuo",0.001014027378739226,0.0001059748161920055,4.680618180214131e-05
"Wu, Guodong",0.0005915159709312151,0.0,1.2520688588572088e-05
"Sun, Litao",0.0012675342234240324,0.00038536296797092877,1.2867578328875702e-05
"Ren, Yuan",0.001014027378739226,0.0001059748161920055,4.680618180214131e-05
"Tao, Li",0.001014027378739226,0.0001059748161920055,4.680618180214131e-05
"Wali, Akshay",0.00042251140780801076,0.0,2.793203157953156e-29
"Kundu, Shamik",0.00042251140780801076,0.0,2.793203157953156e-29
"Arnold, Andrew J.",0.00042251140780801076,0.0,2.793203157953156e-29
"Zhao, Guangwei",0.00042251140780801076,0.0,2.793203157953156e-29
"Basu, Kanad",0.00042251140780801076,0.0,2.793203157953156e-29
"Das, Saptarshi",0.00042251140780801076,0.0,2.793203157953156e-29
"Yin, Wen",0.0006760182524928173,0.0,1.0157044926640061e-06
"Gao, Shouwu",0.0006760182524928173,0.0,1.0157044926640061e-06
"Sun, Yaning",0.0006760182524928173,0.0,1.0157044926640061e-06
"Xu, Peilong",0.0006760182524928173,0.0,1.0157044926640061e-06
"Wu, Shaohua",0.0006760182524928173,0.0,1.0157044926640061e-06
"Kong, Hao",0.0006760182524928173,0.0,1.0157044926640061e-06
"Yang, Guozheng",0.0006760182524928173,0.0,1.0157044926640061e-06
"Wei, Gang",0.0006760182524928173,0.0,1.0157044926640061e-06
"Gao, Dongyan",0.00042251140780801076,0.0,5.255733306602123e-05
"Liu, Renning",0.00042251140780801076,0.0,5.255733306602123e-05
"Wang, Ping",0.0011830319418624302,0.0016782053902559967,0.0008637160789655015
"Miao, Huanran",0.0009295250971776238,0.0,0.00023084103089789903
"Yao, Huiqin",0.0009295250971776238,0.0,0.00023084103089789903
"Li, Yong",0.0009295250971776238,0.0,0.00023084103089789903
"Zhang, Xinwei",0.001605543349670441,0.0014548964000303264,0.0002368267035957748
"Wang, Huai",0.0009295250971776238,0.0,0.00023084103089789903
"Zhang, Xiai",0.0009295250971776238,0.0,0.00023084103089789903
"Wang, Ge",0.0028730775730944733,0.0033376767337625064,0.0024914039272851585
"Fan, Qikui",0.0009295250971776238,0.0,0.00023084103089789898
"Yang, Zhimao",0.0009295250971776238,0.0,0.00023084103089789898
"Zhou, Cheng",0.0009295250971776238,0.0,0.00023084103089789898
"Liu, Ben",0.0009295250971776238,0.0,0.00023084103089789898
"Kong, Chuncai",0.0009295250971776238,0.0,0.00023084103089789898
"Shen, Lijuan",0.001690045631232043,0.00019979544643371132,2.296500410788001e-06
"Xia, Yuzhou",0.0007605205340544194,8.251153084023274e-05,1.498421094452682e-06
"Lin, Sen",0.0003380091262464086,0.0,1.4142763165648111e-06
"Liang, Shijing",0.0011830319418624302,8.251153084023274e-05,1.9062301658272733e-06
"Wu, Ling",0.0014365387865472366,0.0007516200452157223,2.3691302859684323e-05
"Jaryal, Arpna",0.0001690045631232043,0.0,4.961725533464465e-44
"Battula, Venugopala R.",0.0001690045631232043,0.0,4.961725533464465e-44
"Kailasam, Kamalakannan",0.0001690045631232043,0.0,4.961725533464465e-44
"Yang, Zhongmei",0.0003380091262464086,0.0,8.743049551657959e-06
"Ding, Yanhuai",0.0006760182524928173,0.00019268148398546438,8.836014520046535e-06
"Jiang, Yunhong",0.0003380091262464086,0.0,8.74304955165796e-06
"Jin, Haibao",0.0003380091262464086,0.0,8.74304955165796e-06
"Zhang, Jingtao",0.000507013689369613,0.0,2.44247356535138e-07
"Suo, Xinying",0.000507013689369613,0.0,2.44247356535138e-07
"Liu, Bingkun",0.000507013689369613,0.0,2.44247356535138e-07
"Xue, Yongfei",0.000507013689369613,0.0,2.44247356535138e-07
"Mu, Lilong",0.000507013689369613,0.0,2.44247356535138e-07
"Shi, Hengzhen",0.000507013689369613,0.0,2.44247356535138e-07
"Xiao, Yi",0.001605543349670441,0.0009152370489309558,0.00018566745090618303
"He, Zeqing",0.0003380091262464086,0.0,1.0488122564379246e-05
"Wang, Renshan",0.0003380091262464086,0.0,1.0488122564379246e-05
"Tao, Xueqin",0.0003380091262464086,0.0,1.0488122564379246e-05
"Li, Benxia",0.0006760182524928173,0.00019268148398546438,1.059864442808494e-05
"Wang, Lan",0.0009295250971776238,0.00024085185498183047,0.00011613530678104475
"Zhou, Hanghang",0.00042251140780801076,0.0,6.905319832482464e-06
"Zhang, Hongzhong",0.00042251140780801076,0.0,6.905319832482464e-06
"Song, Yali",0.00042251140780801076,0.0,6.905319832482464e-06
"Zhang, Huan",0.00042251140780801076,0.0,6.905319832482464e-06
"Qian, Xuhui",0.00042251140780801076,0.0,6.905319832482464e-06
"Thangamuthu, Madasamy",0.00042251140780801076,0.0,2.85375892099395e-05
"Vankayala, Kiran",0.00042251140780801076,0.0,2.85375892099395e-05
"Xiong, Lunqiao",0.00042251140780801076,0.0,2.85375892099395e-05
"Conroy, Stuart",0.00042251140780801076,0.0,2.85375892099395e-05
"Zhang, Xiaolei",0.0012675342234240324,0.0008152961599506541,0.0004762484745659803
"Tang, Junwang",0.00042251140780801076,0.0,2.85375892099395e-05
"Zhang, Jingzhe",0.0015210410681088388,0.00048170370996366093,1.878648729629838e-05
"Dai, Jinhong",0.0006760182524928173,0.0,1.8042705268807898e-05
"Songsiriritthigul, Prayoon",0.0006760182524928173,0.0,1.8042705268807898e-05
"Oo, Than Zaw",0.0006760182524928173,0.0,1.8042705268807898e-05
"Zaw, Mono",0.0006760182524928173,0.0,1.8042705268807898e-05
"Lwin, Nyein Wint",0.0006760182524928173,0.0,1.8042705268807898e-05
"Aung, Su Htike",0.0006760182524928173,0.0,1.8042705268807898e-05
"Chen, Fuming",0.0006760182524928173,0.0,1.8042705268807898e-05
"Carl, Nkenku",0.0002535068446848065,0.0,6.570990368930812e-38
"Fiaz, Muhammad",0.0002535068446848065,0.0,6.570990368930812e-38
"Oh, Hyun-Seok",0.0002535068446848065,0.0,6.570990368930812e-38
"Kim, Yu-Kwon",0.0002535068446848065,0.0,6.570990368930812e-38
"Ma, Zijian",0.0007605205340544194,1.1408772078086708e-06,0.00016770593829467214
"Yan, Pengfei",0.0014365387865472366,0.0003250178908468494,0.00022471786284567724
"Wu, Wenzhuo",0.000507013689369613,0.0,0.00014680361005818155
"Chen, Guohui",0.0009295250971776238,0.00029710257937734324,0.0001960381408475387
"Lin, He",0.0002535068446848065,0.0,6.570990368930812e-38
"Long, Xia",0.0002535068446848065,0.0,6.570990368930812e-38
"An, Yiming",0.0002535068446848065,0.0,6.570990368930812e-38
"Yang, Shihe",0.0002535068446848065,0.0,6.570990368930812e-38
"Kim, BoK-Hee",0.00042251140780801076,0.0,3.0567702985712417e-06
"Xu, Jiayi",0.00042251140780801076,0.0,7.163104312658034e-06
"Liu, Zongjian",0.00042251140780801076,0.0,7.163104312658034e-06
"Cao, Junhui",0.00042251140780801076,0.0,7.163104312658034e-06
"Chen, Zhengfei",0.00042251140780801076,0.0,7.163104312658034e-06
"Yao, Yu",0.001605543349670441,0.006143835037606694,1.2672219680107044e-05
"Han, Yutong",0.0005915159709312151,0.0,1.1496750682870715e-05
"Zhou, Ming",0.0015210410681088388,0.012690780021972452,0.00016731257378674045
"Xie, Lili",0.0010985296603008281,9.296036508070649e-05,1.2180792211370828e-05
"Zhao, Xueling",0.0005915159709312151,0.0,1.1496750682870715e-05
"Wang, Zifeng",0.0005915159709312151,0.0,1.1496750682870715e-05
"Barsan, Nicolae",0.0005915159709312151,0.0,1.1496750682870715e-05
"Zhu, Zhigang",0.001605543349670441,0.006143835037606694,1.2672219680107042e-05
"Zhang, Xiaoni",0.0012675342234240324,0.0,0.12438149490686705
"Chen, Hanxiang",0.0008450228156160215,0.0,0.08623209789003088
"Mao, Mao",0.0011830319418624302,9.85943266007493e-07,0.10338780534053048
"Ji, Haiyan",0.0013520365049856345,8.459386279551976e-06,0.13286344592720864
"Wu, Xiangyang",0.0012675342234240324,0.0,0.12438149490686705
"Yang, Shuang",0.0009295250971776238,0.00042234522874047916,8.338710037476462e-05
"Hou, Yu",0.000507013689369613,0.0,8.161244183338844e-05
"Xing, Jun",0.000507013689369613,0.0,8.161244183338844e-05
"Tian, Feng",0.000507013689369613,0.0,8.161244183338844e-05
"Yang, Xiao Hua",0.000507013689369613,0.0,8.161244183338844e-05
"Yang, Hua Gui",0.001014027378739226,0.00028902222597819655,8.305595478811029e-05
"Liu, Yanan",0.0006760182524928173,0.0,1.1873375919844751e-20
"Su, Yanlei",0.0006760182524928173,0.0,1.1873375919844751e-20
"Guan, Jingyuan",0.0006760182524928173,0.0,1.1873375919844751e-20
"Cao, Jialin",0.0006760182524928173,0.0,1.1873375919844751e-20
"Zhang, Runnan",0.0006760182524928173,0.0,1.1873375919844751e-20
"He, Mingrui",0.0006760182524928173,0.0,1.1873375919844751e-20
"Gao, Kang",0.0006760182524928173,0.0,1.1873375919844751e-20
"Zhou, Linjie",0.0006760182524928173,0.0,1.1873375919844751e-20
"Jiang, Zhongyi",0.0006760182524928173,0.0,1.1873375919844751e-20
"Liu, Yuanyuan",0.0005915159709312151,0.0,6.731621076793344e-05
"Cui, JiFang",0.0005915159709312151,0.0,6.731621076793344e-05
"Tan, Xiangyun",0.0005915159709312151,0.0,1.3435622517481155e-05
"Wang, Li",0.0023660638837248605,0.0022192138239403546,8.187933556545302e-05
"Chen, Xi",0.002028054757478452,0.0013669754449583953,0.0001301937219568544
"Zhang, Haoliang",0.0005915159709312151,0.0,1.3435622517481155e-05
"Chen, Si",0.0005915159709312151,0.0,1.3435622517481155e-05
"Qian, Libing",0.0005915159709312151,0.0,1.3435622517481155e-05
"Chen, Zhiyuan",0.0005915159709312151,0.0,1.3435622517481155e-05
"He, Chunqing",0.0005915159709312151,0.0,1.3435622517481155e-05
"Song, Yu-Jin",0.000507013689369613,0.0,2.9311204663325563e-13
"Yoo, Changhyeon",0.000507013689369613,0.0,2.9311204663325563e-13
"Schwartzman, Camellia",0.000507013689369613,0.0,2.9311204663325563e-13
"Shin, Han-Kyun",0.000507013689369613,0.0,2.9311204663325563e-13
"Cho, Hyoung J.",0.000507013689369613,0.0,2.9311204663325563e-13
"Jung, Yeonwoong",0.0010985296603008281,4.225471140032114e-06,1.2297096630351324e-12
"Kim, Jung Han",0.0010985296603008281,4.225471140032114e-06,1.2297096630351324e-12
"Wang, Zhongsen",0.000507013689369613,0.0,3.1891110930990546e-06
"Yu, Huijia",0.000507013689369613,0.0,3.1891110930990546e-06
"Xiao, Yufei",0.000507013689369613,0.0,3.1891110930990546e-06
"Zhang, Long",0.0014365387865472366,0.0033791332111988964,4.7916822175523755e-05
"Guo, Limin",0.0009295250971776238,0.00024085185498183047,3.233907406915219e-06
"Dong, Xiaoping",0.000507013689369613,0.0,3.1891110930990546e-06
"Kumar, R.",8.450228156160216e-05,0.0,1.1672423683483423e-52
"Thangappan, R.",8.450228156160216e-05,0.0,1.1672423683483423e-52
"Han, Jialuo",0.0005915159709312151,0.0,3.699138722121488e-23
"Yang, Jiong",0.0005915159709312151,0.0,3.699138722121488e-23
"Tang, Jianbo",0.0005915159709312151,0.0,3.699138722121488e-23
"Ghasemian, Mohammad B.",0.0005915159709312151,0.0,3.699138722121488e-23
"Hubble, Lee J.",0.0005915159709312151,0.0,3.699138722121488e-23
"Syed, Nitu",0.0005915159709312151,0.0,3.699138722121488e-23
"Daeneke, Torben",0.0005915159709312151,0.0,3.699138722121488e-23
"Kalantar-Zadeh, Kourosh",0.0005915159709312151,0.0,3.699138722121488e-23
"Liu, Huihui",0.00042251140780801076,0.0,5.255984346398499e-07
"Kim, Dong-Ok",0.0005915159709312151,0.0,2.639133458284899e-19
"Duc, Duong Viet",0.0005915159709312151,0.0,2.639133458284899e-19
"Hong, Sungmin",0.0005915159709312151,0.0,2.639133458284899e-19
"Sohn, Youngku",0.0005915159709312151,0.0,2.639133458284899e-19
"Jeong, Jong-Ryul",0.0005915159709312151,0.0,2.639133458284899e-19
"Jadhav, Gitanjali F.",0.000507013689369613,0.0,5.327153564675236e-26
"Al-Hejri, Tariq M.",0.000507013689369613,0.0,5.327153564675236e-26
"Suryawanshi, Rushikesh R.",0.000507013689369613,0.0,5.327153564675236e-26
"Shaikh, Shoyebmohamad F.",0.000507013689369613,0.0,5.327153564675236e-26
"Mane, Rajaram S.",0.000507013689369613,0.0,5.327153564675236e-26
"Palaniswami, Marimuthu",0.000507013689369613,0.0,5.327153564675236e-26
"Rana, Abu ul Hassan S.",0.000507013689369613,0.0,5.327153564675236e-26
"Pramanik, Avijit",0.0006760182524928173,0.0,1.1873375919844751e-20
"Dhar, Jonmejoy A.",0.0006760182524928173,0.0,1.1873375919844751e-20
"Banerjee, Rithik",0.0006760182524928173,0.0,1.1873375919844751e-20
"Davis, Megan",0.0006760182524928173,0.0,1.1873375919844751e-20
"Gates, Kaelin",0.0006760182524928173,0.0,1.1873375919844751e-20
"Nie, Jing",0.0006760182524928173,0.0,1.1873375919844751e-20
"Davis, Dalephine",0.0006760182524928173,0.0,1.1873375919844751e-20
"Han, Fengxiang. X.",0.0006760182524928173,0.0,1.1873375919844751e-20
"Ray, Paresh Chandra",0.0006760182524928173,0.0,1.1873375919844751e-20
"Weng, Huihui",0.0008450228156160215,0.0,8.85502052432545e-08
"Liu, Houjiang",0.0008450228156160215,0.0,8.85502052432545e-08
"Yang, Guijun",0.0014365387865472366,0.0010377989766188157,4.5659846181784057e-07
"Ding, Jiawei",0.0008450228156160215,0.0,8.85502052432545e-08
"Gong, Chuangchuang",0.0008450228156160215,0.0,8.85502052432545e-08
"Fu, Yuanyuan",0.0017745479127936454,0.0006968072003205542,5.579852151823777e-07
"Cui, Jin",0.0008450228156160215,0.0,8.855020524325448e-08
"Ma, Liying",0.0008450228156160215,0.0,8.855020524325448e-08
"He, Chunnian",0.0008450228156160215,0.0,8.855020524325448e-08
"Zhao, Naiqin",0.0008450228156160215,0.0,8.855020524325448e-08
"He, Fang",0.0011830319418624302,0.0008756290017531491,1.9378746588920167e-07
"Benedet, Mattia",0.000507013689369613,0.0,1.3834711360121287e-05
"Gasparotto, Alberto",0.0015210410681088388,6.422716132848813e-05,8.183044307419652e-05
"Rizzi, Gian Andrea",0.000507013689369613,0.0,1.3834711360121287e-05
"Maccato, Chiara",0.0015210410681088388,6.422716132848813e-05,8.183044307419652e-05
"Mariotti, Davide",0.000507013689369613,0.0,1.3834711360121287e-05
"Mcglynn, Ruairi",0.000507013689369613,0.0,1.3834711360121287e-05
"Barreca, Davide",0.0015210410681088388,6.422716132848813e-05,8.183044307419652e-05
"Zhao, Shuowei",0.0006760182524928173,0.0,0.07018447377911474
"Xia, Kaixiang",0.0006760182524928173,0.0,0.07018447377911474
"He, Minqiang",0.0012675342234240324,7.137413215753451e-06,0.10869870219822951
"Lupan, O.",0.001014027378739226,0.0,2.7766183087104847e-18
"Koussi-Daoud, S.",0.0002535068446848065,0.0,3.9416652074360217e-19
"Viana, B.",0.0002535068446848065,0.0,3.9416652074360217e-19
"Pauporte, T.",0.0002535068446848065,0.0,3.9416652074360217e-19
"Peng, Jinjun",0.00042251140780801076,0.0,0.00020523145708625288
Zulfiqar,0.00042251140780801076,0.0,0.00020523145708625288
"Jun, Sang Eon",0.0003380091262464086,0.0,1.728869151423782e-06
"Pan, Yixiang",0.000507013689369613,0.0,5.327153564675236e-26
"Wang, Xiaoyan",0.000507013689369613,0.0,5.327153564675236e-26
"Lin, Hua",0.000507013689369613,0.0,5.327153564675236e-26
"Xia, Qinghua",0.000507013689369613,0.0,5.327153564675236e-26
"Jing, Maoxiang",0.000507013689369613,0.0,5.327153564675236e-26
"Yuan, Weiyong",0.000507013689369613,0.0,5.327153564675236e-26
"Ming Li, Chang",0.000507013689369613,0.0,5.327153564675236e-26
"He, Jiahui",0.000507013689369613,0.0,2.4401872272287046e-05
"Ye, Jin",0.000507013689369613,0.0,2.4401872272287046e-05
"Kong, Lingbo",0.000507013689369613,0.0,2.4401872272287046e-05
"Zhou, Xuejian",0.000507013689369613,0.0,2.4401872272287046e-05
"Ma, Yehui",0.000507013689369613,0.0,2.4401872272287046e-05
"Yang, Yongfang",0.0015210410681088388,5.108593242600331e-05,0.00015894749756249592
"Xu, Jian",0.001014027378739226,0.000528618786773946,0.01352856358136769
"Fu, Ce",0.0005915159709312151,0.0,0.0009127452980186732
"Zhu, Qianqian",0.001014027378739226,0.00021834780663902614,0.0009254111360893153
"Zou, Haiyan",0.0005915159709312151,0.0,0.0009127452980186733
"Wang, Linlin",0.0005915159709312151,0.0,0.0009127452980186733
"Yang, Ruijie",0.0005915159709312151,0.0,0.0009127452980186733
"Chen, Zhangxing",0.0005915159709312151,0.0,0.0009127452980186733
"Zhao, Heng",0.0005915159709312151,0.0,0.0009127452980186733
"Sun, Yuntao",0.000507013689369613,0.0,8.354814305640801e-26
"Wang, Can",0.0006760182524928173,0.0,8.850423082123501e-26
"Qin, Shengyao",0.000507013689369613,0.0,8.354814305640801e-26
"Pan, Fengda",0.000507013689369613,0.0,8.354814305640801e-26
"Li, Yongyan",0.000507013689369613,0.0,8.354814305640801e-26
"Wang, Zhifeng",0.000507013689369613,0.0,8.354814305640801e-26
"Qin, Chunling",0.000507013689369613,0.0,8.354814305640801e-26
"Ganeshan, Karthik",0.0007605205340544194,0.0,2.073438964253325e-18
"Shin, Yun Kyung",0.0007605205340544194,0.0,2.073438964253325e-18
"Osti, Naresh C.",0.0007605205340544194,0.0,2.073438964253325e-18
"Sun, Yangyunli",0.0007605205340544194,0.0,2.073438964253325e-18
"Prenger, Kaitlyn",0.0007605205340544194,0.0,2.073438964253325e-18
"Naguib, Michael",0.0007605205340544194,0.0,2.073438964253325e-18
"Tyagi, Madhusudan",0.0007605205340544194,0.0,2.073438964253325e-18
"Mamontov, Eugene",0.0007605205340544194,0.0,2.073438964253325e-18
"Jiang, De-en",0.0007605205340544194,0.0,2.073438964253325e-18
"van Duin, Adri C. T.",0.0007605205340544194,0.0,2.073438964253325e-18
"Kim, Eunsoo",0.0003380091262464086,0.0,2.786044683372775e-06
"Choi, Young Moon",0.0012675342234240324,0.0,5.36253319032296e-06
"Shin, Hyunjung",0.0003380091262464086,0.0,2.786044683372775e-06
"Ni, Shangyuan",0.0003380091262464086,0.0,1.3210520034684357e-05
"Fu, Zhengrong",0.0003380091262464086,0.0,1.3210520034684357e-05
"Li, Lin",0.0015210410681088388,0.0003734106398604902,0.00023550874785622182
"Ma, Manying",0.0003380091262464086,0.0,1.3210520034684357e-05
"Liu, Yuelin",0.0003380091262464086,0.0,1.3210520034684357e-05
"Duraisamy, Shanmughasundaram",0.00042251140780801076,0.0,2.793203157953156e-29
"Ganguly, Abhijit",0.00042251140780801076,0.0,2.793203157953156e-29
"Sharma, Preetam Kumar",0.00042251140780801076,0.0,2.793203157953156e-29
"Benson, John",0.00042251140780801076,0.0,2.793203157953156e-29
"Davis, James",0.00042251140780801076,0.0,2.793203157953156e-29
"Papakonstantinou, Pagona",0.00042251140780801076,0.0,2.793203157953156e-29
"Yao, Binghua",0.00042251140780801076,0.0,9.368604227106307e-07
"Cao, Baoyue",0.00042251140780801076,0.0,9.368604227106307e-07
"Chang, Liangliang",0.00042251140780801076,0.0,9.368604227106307e-07
"Xu, Shan",0.00042251140780801076,0.0,9.368604227106307e-07
"Wang, Xiangting",0.00042251140780801076,0.0,9.368604227106307e-07
"Steffy, J. P.",0.0002535068446848065,0.0,1.6851323932974166e-07
"Alfagham, Alanoud T.",0.0002535068446848065,0.0,1.6851323932974166e-07
"Elgorban, Abdallah M.",0.0002535068446848065,0.0,1.6851323932974166e-07
"Khan, S. Sudheer",0.0009295250971776238,0.00014451111298909827,3.142986031263429e-06
"Shkir, Mohd.",8.450228156160216e-05,0.0,1.1672423683483423e-52
"Ali, Atif Mossad",8.450228156160216e-05,0.0,1.1672423683483423e-52
"Tian, Kuan",0.0006760182524928173,0.0,1.5872549824545942e-05
"Yang, Kai",0.002704073009971269,0.0034038928006650073,0.0001672029679090003
"Ren, Xuening",0.0006760182524928173,0.0,1.5872549824545942e-05
"Miao, Yuxin",0.0006760182524928173,0.0,1.5872549824545942e-05
"Liu, Mengyao",0.0006760182524928173,0.0,1.5872549824545942e-05
"Su, Mingxing",0.0006760182524928173,0.0,1.5872549824545942e-05
"Wu, Jiawen",0.0006760182524928173,0.0,1.5872549824545942e-05
"Sun, Yu'an",0.0006760182524928173,0.0,1.5872549824545942e-05
"Jourshabani, Milad",0.0007605205340544194,0.0,5.933378218809778e-25
"Yun, Seol - Hwa",0.0002535068446848065,0.0,2.232662133914245e-25
"Asrami, Mahdieh Razi",0.0002535068446848065,0.0,2.232662133914245e-25
"Lee, Byeong-Kyu",0.0007605205340544194,0.0,5.933378218809777e-25
"Dobryden, Illia",0.000507013689369613,0.0,2.456930601135863e-17
"Borgani, Riccardo",0.000507013689369613,0.0,2.456930601135863e-17
"Rigoni, Federica",0.0009295250971776238,0.0,4.2328137239297055e-17
"Ghamgosar, Pedram",0.0009295250971776238,0.0,4.2328137239297055e-17
"Concina, Isabella",0.0009295250971776238,0.0,4.2328137239297055e-17
"Almqvist, Nils",0.0009295250971776238,0.0,4.2328137239297055e-17
"Vomiero, Alberto",0.0009295250971776238,0.0,4.2328137239297055e-17
"Debow, Shaun",0.001014027378739226,0.0,9.32058475498985e-13
"Zhang, Tong",0.001014027378739226,0.0,9.32058475498985e-13
"Liu, Xusheng",0.001014027378739226,0.0,9.32058475498985e-13
"Song, Fuzhan",0.001014027378739226,0.0,9.32058475498985e-13
"Qian, Yuqin",0.001014027378739226,0.0,9.32058475498985e-13
"Han, Jian",0.0013520365049856345,0.0,9.64827044280821e-13
"Maleski, Kathleen",0.001014027378739226,0.0,9.32058475498985e-13
"Zander, Zachary B.",0.001014027378739226,0.0,9.32058475498985e-13
"Creasy, William R.",0.001014027378739226,0.0,9.32058475498985e-13
"Kuhn, Danielle L.",0.001014027378739226,0.0,9.32058475498985e-13
"Gogotsi, Yury",0.001014027378739226,0.0,9.32058475498985e-13
"DeLacy, Brendan G.",0.001014027378739226,0.0,9.32058475498985e-13
"Rao, Yi",0.001014027378739226,0.0,9.32058475498985e-13
"Liu, Hongjie",0.0009295250971776238,0.0,4.8344713558267195e-20
"Hou, Minchen",0.0006760182524928173,0.0,4.330409857681383e-20
"Fu, Hao",0.0006760182524928173,0.0,4.330409857681383e-20
"Hu, Anjie",0.0006760182524928173,0.0,4.330409857681383e-20
"Zhai, Yanliang",0.0006760182524928173,0.0,4.330409857681383e-20
"Wang, Liwei",0.0009295250971776238,0.0,4.8344713558267195e-20
"Zhai, Dong",0.0006760182524928173,0.0,4.330409857681383e-20
"Zhang, Shaolong",0.0006760182524928173,0.0,4.330409857681383e-20
"Wang, Shaopeng",0.0006760182524928173,0.0,4.330409857681383e-20
"Wageh, Swelm",0.0002535068446848065,0.0,2.7946643792696175e-05
"Ye, Kaihang",0.000507013689369613,0.0,6.728423685586591e-05
"Li, Ya",0.000507013689369613,0.0,6.728423685586591e-05
"Yang, Hao",0.000507013689369613,0.0,6.728423685586591e-05
"Huang, Yongchao",0.000507013689369613,0.0,6.728423685586591e-05
"Zhang, Shanqing",0.000507013689369613,0.0,6.728423685586591e-05
"Teh, Yee Wen",0.00042251140780801076,0.0,8.912686895807077e-07
"Goh, Yien Wei",0.00042251140780801076,0.0,8.912686895807077e-07
"Kong, Xin Ying",0.00042251140780801076,0.0,8.912686895807077e-07
"Ng, Boon-Junn",0.0007605205340544194,0.0,2.0063129308219344e-06
"Yong, Siek-Ting",0.0006760182524928173,8.120433634076934e-06,3.478956482887745e-06
"Chai, Siang-Piao",0.0013520365049856345,0.00033102244518152304,1.1210344252496344e-05
"Liu, Qiaoran",0.0005915159709312151,0.0,3.288759391495386e-05
"Tan, Xiaoyao",0.0005915159709312151,0.0,3.288759391495386e-05
"Znad, Hussin",0.0005915159709312151,0.0,3.288759391495386e-05
"Shen, Zhangfeng",0.0005915159709312151,0.0,3.288759391495386e-05
"Liu, Lihong",0.0005915159709312151,0.0,3.288759391495386e-05
"Dwivedi, Snigdha",0.0003380091262464086,0.0,3.683167485230363e-33
"Gautam, Anil Kumar",0.0003380091262464086,0.0,3.683167485230363e-33
"Gautam, Neelam",0.0003380091262464086,0.0,3.683167485230363e-33
"Singh, Kijay Bahadur",0.0003380091262464086,0.0,3.683167485230363e-33
"Pandey, Gajanan",0.0003380091262464086,0.0,3.683167485230363e-33
"Xu, Hanwen",0.0008450228156160215,0.0,2.2127524400699098e-16
"Wei, Yu",0.0008450228156160215,0.0,2.2127524400699098e-16
"Hao, Shengjie",0.0008450228156160215,0.0,2.2127524400699098e-16
"Cong, Meiyu",0.0008450228156160215,0.0,2.2127524400699098e-16
"Han, Zhenze",0.0008450228156160215,0.0,2.2127524400699098e-16
"Liu, Taolue",0.0008450228156160215,0.0,2.2127524400699098e-16
"Guo, Mingxia",0.0008450228156160215,0.0,2.2127524400699098e-16
"Li, Jialuo",0.0008450228156160215,0.0,2.2127524400699098e-16
"Liu, Jinxuan",0.0008450228156160215,0.0,2.2127524400699098e-16
"Ding, Xin",0.0008450228156160215,0.0,2.2127524400699098e-16
"Gao, Yan",0.0008450228156160215,0.0,2.2127524400699098e-16
"Khan, Azmat Ali",0.0002535068446848065,0.0,2.026535559889169e-06
"Chen, Bingcai",0.0003380091262464086,0.0,5.032135347701798e-05
"Li, Pengpeng",0.0003380091262464086,0.0,5.032135347701798e-05
"Sun, Lian",0.0008450228156160215,0.0,7.173847609876716e-05
"Wang, Yingde",0.001014027378739226,3.974349501613687e-05,0.0001235485575350364
"Wang, Bing",0.0028730775730944733,0.007898117738053784,0.0007673388369924032
"Yu, Yanlong",0.00042251140780801076,0.0,2.793203157953156e-29
"Guo, Limei",0.00042251140780801076,0.0,2.793203157953156e-29
"Cao, Han",0.00042251140780801076,0.0,2.793203157953156e-29
"Lv, Yuekai",0.00042251140780801076,0.0,2.793203157953156e-29
"Wang, Enjun",0.00042251140780801076,0.0,2.793203157953156e-29
"Cao, Yaan",0.00042251140780801076,0.0,2.793203157953156e-29
"Dong, Zhimin",0.0009295250971776238,0.0,0.00016165278100875547
"Meng, Cheng",0.0009295250971776238,0.0,0.00016165278100875547
"Li, Zifan",0.0009295250971776238,0.0,0.00016165278100875547
"Zeng, Dongling",0.0009295250971776238,0.0,0.00016165278100875547
"Wang, Yingcai",0.0009295250971776238,0.0,0.00016165278100875547
"Cheng, Zhongping",0.0009295250971776238,0.0,0.00016165278100875547
"Cao, Xiaohong",0.0009295250971776238,0.0,0.00016165278100875547
"Ren, Qiang",0.0015210410681088388,0.0005012747497534886,0.0001655618313121145
"Wang, Youqun",0.0009295250971776238,0.0,0.00016165278100875547
"Li, Xiaoyan",0.0015210410681088388,0.00033719259697456266,0.0001652275093058284
"Zhang, Zhibin",0.002028054757478452,0.0068754017786257235,0.0017428842913358028
"Liu, Yunhai",0.0009295250971776238,0.0,0.00016165278100875547
"Xue, Shengyang",0.0006760182524928173,0.0,4.9171647584625676e-08
"Wu, Chunzheng",0.0006760182524928173,0.0,4.9171647584625676e-08
"Pu, Shengyan",0.0006760182524928173,0.0,4.9171647584625676e-08
"Hou, Yaqi",0.0006760182524928173,0.0,4.9171647584625676e-08
"Tong, Tian",0.0006760182524928173,0.0,4.9171647584625676e-08
"Qin, Zhaojun",0.0006760182524928173,0.0,4.9171647584625676e-08
"Wang, Zhiming",0.0006760182524928173,0.0,4.9171647584625676e-08
"Bao, Jiming",0.0006760182524928173,0.0,4.9171647584625676e-08
"Wang, Ruyi",0.0013520365049856345,0.00033719259697456266,5.555014843443378e-05
"Zhou, Ningning",0.0007605205340544194,0.0,5.430677226667416e-05
"Jiang, Liang",0.0007605205340544194,0.0,5.430677226667416e-05
"Liu, Hancong",0.0007605205340544194,0.0,5.430677226667416e-05
"He, Qirui",0.0007605205340544194,0.0,5.430677226667416e-05
"Chu, Delin",0.0007605205340544194,0.0,5.430677226667416e-05
"Govender, Krishna Kuben",0.0002535068446848065,0.0,4.621877625833351e-32
"van Sittert, Cornelia Gertina Catharina Elizabeth",0.0002535068446848065,0.0,4.621877625833351e-32
"Govender, Penny Poomani",0.0002535068446848065,0.0,4.621877625833351e-32
"Liu, Yangqi",0.0007605205340544194,0.0,0.000228410703146467
"Liu, Jingyu",0.0007605205340544194,0.0,0.000228410703146467
"Lv, Longfeng",0.0007605205340544194,0.0,0.000228410703146467
"Hou, Yanbing",0.0007605205340544194,0.0,0.000228410703146467
"Shen, Jingling",0.0007605205340544194,0.0,0.000228410703146467
"Ma, Shiteng",0.0003380091262464086,0.0,4.9918420087331924e-05
"Guo, Jingyu",0.0003380091262464086,0.0,4.9918420087331924e-05
"Zhang, Hao",0.0023660638837248605,0.003955239619981609,0.0008143522617229894
"Shao, Xingyan",0.0003380091262464086,0.0,4.9918420087331924e-05
"Zhang, Dongzhi",0.0011830319418624302,0.0008442066700632837,9.272345413480174e-05
"Zakaria, Zaki Yamani",0.0002535068446848065,0.0,2.0205456999834665e-06
"Kobayashi, Yu",0.0002535068446848065,0.0,6.570990368930812e-38
"Mori, Shohei",0.0002535068446848065,0.0,6.570990368930812e-38
"Maniwa, Yutaka",0.0002535068446848065,0.0,6.570990368930812e-38
"Miyata, Yasumitsu",0.0002535068446848065,0.0,6.570990368930812e-38
"Ullah, Mohib",0.0023660638837248605,0.0009354517522105538,0.012843992945607764
"Makasana, Jayantilal",0.0007605205340544194,0.0,0.0010007307391779268
"Kumari, Bharti",0.0007605205340544194,0.0,0.0010007307391779268
"Rekha, M. M.",0.0007605205340544194,0.0,0.0010007307391779268
"Singh, Manmeet",0.0007605205340544194,0.0,0.0010007307391779268
"Ibrahim, Safaa Mohammed",0.0007605205340544194,0.0,0.0010007307391779268
"Mahdi, Mohammed H.",0.0007605205340544194,0.0,0.0010007307391779268
"Abduldayeva, Aigul",0.0007605205340544194,0.0,0.0010007307391779268
"Alshgari, Razan A.",0.0007605205340544194,0.0,0.0010007307391779268
"Zhengxin, Li",0.0007605205340544194,0.0,0.0010007307391779268
"Zhou, Guli",0.0007605205340544194,0.0,0.0807487602110953
"Wang, Zhaolong",0.0011830319418624302,0.0,0.10449887996416687
"Zhong, Kang",0.0011830319418624302,0.0,0.10449887996416687
"Yuan, Junjie",0.0007605205340544194,0.0,0.0807487602110953
"Cui, Bo",0.0012675342234240324,0.0008776116033639708,0.007529812584726312
"Tian, Penghui",0.001014027378739226,2.4761024159515913e-07,0.0077798259952802425
"Quyen, Vu Thi",0.000507013689369613,0.0,2.835837770409081e-22
"Ha, Le Thi Thu",0.000507013689369613,0.0,2.835837770409081e-22
"Thanh, Dang My",0.000507013689369613,0.0,2.835837770409081e-22
"Le, Quyet Van",0.0010985296603008281,0.0,6.857011621165093e-22
"Viet, Nguyen Minh",0.000507013689369613,0.0,2.835837770409081e-22
"Nham, Nguyen Thi",0.000507013689369613,0.0,2.835837770409081e-22
"Thang, Phan Quang",0.000507013689369613,0.0,2.835837770409081e-22
"Tran, Nghe My",0.0001690045631232043,0.0,1.92059692882817e-40
"Zarshad, Nighat",0.0002535068446848065,0.0,6.570990368930812e-38
"Wu, Jianghua",0.0002535068446848065,0.0,6.570990368930812e-38
"Rahman, Anis Ur",0.0002535068446848065,0.0,6.570990368930812e-38
"Ni, Henmei",0.0002535068446848065,0.0,6.570990368930812e-38
"Bansal, Tanesh",0.00042251140780801076,0.0,7.775421140856867e-24
"Durcan, Christopher A.",0.00042251140780801076,0.0,7.775421140856867e-24
"Jain, Nikhil",0.0005915159709312151,0.0,9.638702534004993e-24
"Jacobs-Gedrim, Robin B.",0.00042251140780801076,0.0,7.775421140856867e-24
"Xu, Yang",0.0005915159709312151,0.0,9.638702534004993e-24
"Yu, Bin",0.0011830319418624302,0.0,1.7980358283443217e-23
"Zhang, Shijie",0.00042251140780801076,0.0,2.793203157953156e-29
"Dai, Meng",0.00042251140780801076,0.0,2.793203157953156e-29
"Guo, Jian",0.00042251140780801076,0.0,2.793203157953156e-29
"Wang, Guangzhao",0.00042251140780801076,0.0,2.793203157953156e-29
"Wang, Shuguang",0.00042251140780801076,0.0,2.793203157953156e-29
"He, Zuoli",0.00042251140780801076,0.0,2.793203157953156e-29
"Chen, Yi",0.0005915159709312151,0.0,1.9212582388249668e-05
"Cao, Yuehan",0.0005915159709312151,0.0,1.9212582388249668e-05
"Zhang, Fengying",0.0005915159709312151,0.0,1.9212582388249668e-05
"Zou, Yanzhao",0.0005915159709312151,0.0,1.9212582388249668e-05
"Huang, Zeai",0.0005915159709312151,0.0,1.9212582388249668e-05
"Ye, Liqun",0.001014027378739226,0.0009192555498271683,2.8664357053016516e-05
"Zhao, Danxia",8.450228156160216e-05,0.0,1.1672423683483423e-52
"Cai, Chun",8.450228156160216e-05,0.0,1.1672423683483423e-52
"Hao, Jinggang",0.0005915159709312151,0.0,3.699138722121488e-23
"Zhang, Shaofeng",0.0005915159709312151,0.0,3.699138722121488e-23
"Ren, Feng",0.0005915159709312151,0.0,3.699138722121488e-23
"Wang, Zhaowu",0.0005915159709312151,0.0,3.699138722121488e-23
"Lei, Jianfei",0.0005915159709312151,0.0,3.699138722121488e-23
"Wang, Xuening",0.0005915159709312151,0.0,3.699138722121488e-23
"Cheng, Tao",0.0005915159709312151,0.0,3.699138722121488e-23
"Li, Liben",0.0005915159709312151,0.0,3.699138722121488e-23
"Aliaga, J.",0.0007605205340544194,0.0,2.073438964253325e-18
"Chamorro, N.",0.0007605205340544194,0.0,2.073438964253325e-18
"Munroe, A.",0.0007605205340544194,0.0,2.073438964253325e-18
"Alegria, M.",0.0007605205340544194,0.0,2.073438964253325e-18
"Araya, J. F.",0.0007605205340544194,0.0,2.073438964253325e-18
"Paraguay-Delgado, F.",0.0007605205340544194,0.0,2.073438964253325e-18
"Alonso-Nunez, G.",0.0007605205340544194,0.0,2.073438964253325e-18
"Antunez-Garcia, J.",0.0007605205340544194,0.0,2.073438964253325e-18
"Gonzalez, G.",0.0007605205340544194,0.0,2.073438964253325e-18
"Benavente, E.",0.0007605205340544194,0.0,2.073438964253325e-18
"Alegria, Matias",0.001014027378739226,0.0,6.016612375085729e-16
"Aliaga, Juan",0.0010985296603008281,0.0,6.243620113808892e-16
"Ballesteros, Luis",0.0005915159709312151,0.0,3.8948270657697646e-16
"Sotomayor-Torres, Clivia",0.001014027378739226,0.0,5.473779668108066e-16
"Gonzalez, Guillermo",0.0013520365049856345,0.0,7.076647395675717e-16
"Benavente, Eglantina",0.0013520365049856345,0.0,7.076647395675717e-16
"Zhang, Yili",0.0012675342234240324,0.00033719259697456266,0.0009244851868948134
"Zhang, Su",0.0006760182524928173,0.0,0.0009055442496078115
"Guo, Xingchao",0.0006760182524928173,0.0,0.0009055442496078115
"Wang, Xuebin",0.0006760182524928173,0.0,0.0009055442496078115
"Xiao, Rihong",0.0006760182524928173,0.0,0.0009055442496078115
"Zhan, Jie",0.0006760182524928173,0.0,0.0009055442496078115
"Trivedi, Ayushi",0.00042251140780801076,0.0,2.793203157953156e-29
"Choudhary, Ram Janay",0.00042251140780801076,0.0,2.793203157953156e-29
"Das, Arijeet",0.00042251140780801076,0.0,2.793203157953156e-29
"Rai, Sanjay Kumar",0.00042251140780801076,0.0,2.793203157953156e-29
"Tiwari, Manoj Kumar",0.00042251140780801076,0.0,2.793203157953156e-29
"Sinha, Anil Kumar",0.00042251140780801076,0.0,2.793203157953156e-29
"Adinaveen, T.",0.0002535068446848065,0.0,1.2972744691075455e-06
"Vijaya, J. Judith",0.0002535068446848065,0.0,1.2972744691075455e-06
"Selvam, N. Clament Sagaya",0.0002535068446848065,0.0,1.2972744691075455e-06
Kim Hang Ng,0.00042251140780801076,0.0,2.793203157953156e-29
"Minggu, Lorna Jeffery",0.00042251140780801076,0.0,2.793203157953156e-29
"Mark-Lee, Wun Fui",0.00042251140780801076,0.0,2.793203157953156e-29
"Arifin, Khuzaimah",0.00042251140780801076,0.0,2.793203157953156e-29
"Jumali, Mohammad Hafizuddin Hj",0.00042251140780801076,0.0,2.793203157953156e-29
"Kassim, Mohammad B.",0.00042251140780801076,0.0,2.793203157953156e-29
"Qian, Junchao",0.0015210410681088388,1.567413989525818e-05,0.15375959736409617
"Truong, Hai Bang",0.00042251140780801076,0.0,2.793203157953156e-29
"Huy, Bui The",0.00042251140780801076,0.0,2.793203157953156e-29
"Ray, Schindra Kumar",0.00042251140780801076,0.0,2.793203157953156e-29
"Lee, Yong-Ill",0.00042251140780801076,0.0,2.793203157953156e-29
"Cho, Jinwoo",0.00042251140780801076,0.0,2.793203157953156e-29
"Hur, Jin",0.00042251140780801076,0.0,2.793203157953156e-29
"Dong, Guomeng",0.0005915159709312151,0.0,3.699138722121488e-23
"Zhang, Yiwei",0.0005915159709312151,0.0,3.699138722121488e-23
"Wang, Yanyun",0.0005915159709312151,0.0,3.699138722121488e-23
"Deng, Qinghua",0.0005915159709312151,0.0,3.699138722121488e-23
"Qin, Chaochao",0.0005915159709312151,0.0,3.699138722121488e-23
"Hu, Yingjie",0.0005915159709312151,0.0,3.699138722121488e-23
"Zhou, Yuming",0.0005915159709312151,0.0,3.699138722121488e-23
"Tian, Guokai",0.0005915159709312151,0.0,3.699138722121488e-23
"Pan, Tao",0.0005915159709312151,0.0,6.697421433829253e-06
"Xu, Weicheng",0.0005915159709312151,0.0,6.697421433829253e-06
"Fang, Jianzhang",0.0007605205340544194,4.6558139014932985e-05,1.4337684266275054e-05
"Wu, Shuxing",0.0005915159709312151,0.0,6.697421433829253e-06
"Liu, Zhang",0.0007605205340544194,4.6558139014932985e-05,1.4337684266275054e-05
"Wu, Kun",0.001014027378739226,0.0003423988773822507,6.8068842954225435e-06
"Fang, Zhanqiang",0.0005915159709312151,0.0,6.697421433829253e-06
"Wu, Lulu",0.0003380091262464086,0.0,1.007800605245407e-05
"Shi, Shuai",0.0003380091262464086,0.0,1.007800605245407e-05
"Li, Qiaodan",0.0009295250971776238,0.00014811044536040927,1.1158350776870303e-05
"Cui, Xiaoli",0.0003380091262464086,0.0,1.007800605245407e-05
Vu Quang Hieu,0.000507013689369613,0.0,5.327153564675236e-26
Thanh Khoa Phung,0.000507013689369613,0.0,5.327153564675236e-26
Thanh-Quang Nguyen,0.000507013689369613,0.0,5.327153564675236e-26
"Khan, Afrasyab",0.000507013689369613,0.0,5.327153564675236e-26
Van Dat Doan,0.000507013689369613,0.0,5.327153564675236e-26
Vy Anh Tran,0.000507013689369613,0.0,5.327153564675236e-26
Van Thuan Le,0.000507013689369613,0.0,5.327153564675236e-26
"Song, Qinjun",0.0002535068446848065,0.0,2.731207847211065e-05
"Scuderi, Viviana",0.00042251140780801076,0.0,2.793203157953156e-29
"Amiard, Guillaume",0.00042251140780801076,0.0,2.793203157953156e-29
"Sanz, Ruy",0.00042251140780801076,0.0,2.793203157953156e-29
"Boninelli, Simona",0.00042251140780801076,0.0,2.793203157953156e-29
"Impellizzeri, Giuliana",0.00042251140780801076,0.0,2.793203157953156e-29
"Privitera, Vittorio",0.00042251140780801076,0.0,2.793203157953156e-29
"Tang, Jing",0.002028054757478452,0.003981854789769945,0.0036780345679355946
"Huang, Chao",0.0012675342234240324,0.0008689102728075227,0.05169641096263835
"Wu, Qidi",0.0003380091262464086,0.0,0.002939935286676888
"Cui, Ailin",0.0003380091262464086,0.0,0.002939935286676888
"Li, Weijun",0.0003380091262464086,0.0,0.002939935286676888
"Tsai, Po-Cheng",0.0003380091262464086,0.0,3.683167485230363e-33
"Huang, Chun-Wei",0.0003380091262464086,0.0,3.683167485230363e-33
"Chang, Shoou-Jinn",0.0003380091262464086,0.0,3.683167485230363e-33
"Chang, Shu-Wei",0.0003380091262464086,0.0,3.683167485230363e-33
"Lin, Shih-Yen",0.0003380091262464086,0.0,3.683167485230363e-33
"Bano, Amreen",8.450228156160216e-05,0.0,1.1672423683483423e-52
"Gaur, N. K.",8.450228156160216e-05,0.0,1.1672423683483423e-52
"Dong, Gang",0.0006760182524928173,0.0,0.0037812424474796477
"Zhou, Tianxiang",0.0006760182524928173,0.0,0.0037812424474796477
"Wei, Wenxuan",0.0006760182524928173,0.0,0.0037812424474796477
"Ding, Xinjie",0.0006760182524928173,0.0,0.0037812424474796477
"Zeng, Tao",0.0006760182524928173,0.0,0.0037812424474796477
"Gui, Liangqi",0.001014027378739226,0.0001521821675391387,0.0038218234974354746
"Chen, Yunxia",0.0006760182524928173,0.0,0.0037812424474796477
"Shim, Gi Woong",0.0006760182524928173,0.0,7.160503304190831e-20
"Yoo, Kwonjae",0.0006760182524928173,0.0,7.160503304190831e-20
"Seo, Seung-Bum",0.0006760182524928173,0.0,7.160503304190831e-20
"Shin, Jongwoo",0.0006760182524928173,0.0,7.160503304190831e-20
"Jung, Dae Yool",0.0006760182524928173,0.0,7.160503304190831e-20
"Kang, Il-Suk",0.0006760182524928173,0.0,7.160503304190831e-20
"Ahn, Chi Won",0.0011830319418624302,1.85920730161413e-05,9.280775492173295e-20
"Cho, Byung Jin",0.0006760182524928173,0.0,7.16050330419083e-20
"Choi, Sung-Yool",0.0006760182524928173,0.0,7.16050330419083e-20
"Guo, Chuanyu",0.0005915159709312151,0.0,0.00014928981270524329
"Xu, Yingming",0.0005915159709312151,0.0,0.00014928981270524329
"Cheng, Xiaoli",0.0005915159709312151,0.0,0.00014928981270524329
"Zhang, Fangdou",0.0005915159709312151,0.0,0.00014928981270524329
"Major, Zoltan",0.0005915159709312151,0.0,0.00014928981270524329
"Huo, Lihua",0.0005915159709312151,0.0,0.00014928981270524329
"Yang, Zhiyuan",0.000507013689369613,0.0,7.518783725174596e-05
"Chen, Lu",0.000507013689369613,0.0,7.518783725174596e-05
"Yang, Yun",0.000507013689369613,0.0,7.518783725174596e-05
"Liu, Xiaoxia",0.000507013689369613,0.0,7.518783725174596e-05
"Yang, Shuijin",0.000507013689369613,0.0,7.518783725174596e-05
"Yuan, Lan",0.0003380091262464086,0.0,2.413679880291817e-06
"Weng, Bo",0.001014027378739226,0.0005779293878577536,2.653158021359606e-06
"Colmenares, Juan Carlos",0.0003380091262464086,0.0,2.413679880291817e-06
"Sun, Yugang",0.0003380091262464086,0.0,2.413679880291817e-06
"Chen, Yue",0.0007605205340544194,0.0,0.00012725195911140658
"Zhu, Liezhen",0.0008450228156160215,6.018806618823522e-07,0.00013782390547658824
"Shen, Youliang",0.0010985296603008281,1.843841952014013e-06,0.0001622015362003348
"Xi, Jiangbo",0.0010985296603008281,1.843841952014013e-06,0.0001622015362003348
"Qiu, Lingfang",0.0013520365049856345,2.2514841384552523e-05,0.00017173088451845816
"Xu, Xun",0.0013520365049856345,2.2514841384552523e-05,0.00017173088451845816
"Men, Dandan",0.0007605205340544194,0.0,0.00012725195911140658
"Duo, Shuwang",0.0013520365049856345,2.2514841384552523e-05,0.00017173088451845816
"Zhang, Gaini",0.0007605205340544194,0.0,3.389248098015356e-06
"Liu, Jingqian",0.0007605205340544194,0.0,3.389248098015356e-06
"Shan, Hui",0.0007605205340544194,0.0,3.389248098015356e-06
"Ma, Zhengdong",0.0007605205340544194,0.0,3.389248098015356e-06
"Xu, Yuhui",0.0007605205340544194,0.0,3.389248098015356e-06
"Yang, Zihao",0.0007605205340544194,0.0,3.389248098015356e-06
"Zuo, Jiaxuan",0.0007605205340544194,0.0,3.389248098015356e-06
"Li, Shufeng",0.0007605205340544194,0.0,3.389248098015356e-06
"Liu, Ningning",0.0005915159709312151,0.0,1.2659225264814245e-05
"Yu, Lanlan",0.0005915159709312151,0.0,1.2659225264814245e-05
"Liu, Baojun",0.0005915159709312151,0.0,1.2659225264814245e-05
"Yu, Fei",0.0009295250971776238,9.634074199273219e-05,1.2929021111898223e-05
"Li, Liqing",0.0005915159709312151,0.0,1.2659225264814249e-05
"Yang, Jinhu",0.0005915159709312151,0.0,1.2659225264814249e-05
"Ma, Jie",0.0009295250971776238,9.634074199273219e-05,1.2929021111898223e-05
"Singh, Adarsh",0.00042251140780801076,0.0,4.221569943909563e-28
"Bhatnagar, Amit",0.00042251140780801076,0.0,4.221569943909563e-28
"Niu, Xinkai",0.0005915159709312151,0.0,1.0670826758790578e-05
"Lu, Xiaoyan",0.0005915159709312151,0.0,1.0670826758790578e-05
"He, Bing",0.0005915159709312151,0.0,1.0670826758790578e-05
"Xiao, Xiuchan",0.0005915159709312151,0.0,1.0670826758790578e-05
"Wang, Shuang",0.0019435524759168496,0.00048170370996366093,0.000157928822453188
"Liang, Zhiqiang",0.0005915159709312151,0.0,1.0670826758790578e-05
"Shi, Qin",0.0005915159709312151,0.0,1.0670826758790578e-05
"Ma, Lu-Fang",0.0005915159709312151,0.0,1.0670826758790578e-05
"Li, Xuelian",0.000507013689369613,0.0,4.4469137219714104e-05
"Liu, Baotong",0.000507013689369613,0.0,4.4469137219714104e-05
"Ma, Xiumei",0.000507013689369613,0.0,4.4469137219714104e-05
"Wang, Xinyu",0.000507013689369613,0.0,4.4469137219714104e-05
"Chen, Ying",0.001605543349670441,0.01160898350500963,0.0006939453427520546
"Qian, Canhui",0.0002535068446848065,0.0,0.0003658687999404453
Thanh Tai Nguyen,0.0003380091262464086,0.0,2.0740920106571098e-14
"Patel, Malkeshkumar",0.0012675342234240324,1.2676413420096341e-05,1.0317338354591922e-13
"Kim, Jin-Won",0.0003380091262464086,0.0,2.0740920106571098e-14
"Lee, Woochan",0.0003380091262464086,0.0,2.0740920106571098e-14
"Kim, Joondong",0.0012675342234240324,1.2676413420096341e-05,1.0317338354591922e-13
"Song, Tong",0.00042251140780801076,4.163950002305716e-06,4.689021417573887e-05
"Xie, Cong",0.00042251140780801076,4.163950002305716e-06,4.689021417573887e-05
"Che, Quande",0.0002535068446848065,0.0,3.732642511317307e-05
"Liu, Tong",0.001014027378739226,0.00019268148398546438,0.01016446190196792
"Geng, Xin",0.0006760182524928173,0.0,0.010060065530909212
"Yang, Changhong",0.0006760182524928173,0.0,0.010060065530909212
"Zhang, Xiaofang",0.0006760182524928173,0.0,0.010060065530909212
"Lin, Xiujuan",0.0006760182524928173,0.0,0.010060065530909212
"Lv, Panpan",0.0006760182524928173,0.0,0.010060065530909212
"Mu, Yanpeng",0.0006760182524928173,0.0,0.010060065530909212
"Huang, Shifeng",0.0006760182524928173,0.0,0.010060065530909212
"Han, Weining",0.0003380091262464086,0.0,0.00010107336162424799
"Luo, Zhanzhou",0.0003380091262464086,0.0,0.00010107336162424799
"Li, Jibiao",0.0003380091262464086,0.0,0.00010107336162424799
"Ji, Liang",0.0007605205340544194,0.0,0.00014429846144973366
"Liu, Xiaopeng",0.0007605205340544194,0.0,0.00014429846144973366
"Guan, Qinghua",0.0007605205340544194,0.0,0.00014429846144973366
"Guo, Junling",0.0007605205340544194,0.0,0.00014429846144973366
"Shen, Yonglong",0.0007605205340544194,0.0,0.00014429846144973366
"Wei, Weifeng",0.0013520365049856345,0.00101963442267831,0.00015536351773945883
"Cui, Xinwei",0.0007605205340544194,0.0,0.00014429846144973363
"Karmakar, Keshab",0.0003380091262464086,0.0,1.209519697252521e-22
"Maity, Dipanjan",0.0008450228156160215,9.85943266007493e-07,2.5329510604041993e-22
"Pal, Debashish",0.0008450228156160215,9.85943266007493e-07,2.5329510604041993e-22
"Mandal, Kalyan",0.0003380091262464086,0.0,1.209519697252521e-22
"Khan, Gobinda Gopal",0.0008450228156160215,9.85943266007493e-07,2.5329510604041993e-22
"Liu, Changhai",0.0011830319418624302,0.00016859629848728133,0.0002911228232066122
"Yin, Ge",0.0005915159709312151,0.0,0.00027851856261822865
"Zhang, Tingting",0.0008450228156160215,0.00014451111298909827,0.00028056815026827344
"Wang, Wenchang",0.0005915159709312151,0.0,0.00027851856261822865
"Ou, Guofu",0.0005915159709312151,0.0,0.00027851856261822865
"Jin, Haozhe",0.0005915159709312151,0.0,0.00027851856261822865
"Chen, Zhidong",0.0011830319418624302,0.00016859629848728133,0.0002911228232066122
"Tang, Shangfeng",0.0003380091262464086,0.0,8.611926679585709e-05
"Wang, Guanyu",0.0003380091262464086,0.0,8.611926679585709e-05
"Lu, Xiuli",0.0003380091262464086,0.0,8.611926679585709e-05
"Lu, Tongbu",0.0003380091262464086,0.0,8.611926679585709e-05
"Ye, Fei",0.0001690045631232043,0.0,6.303036634736652e-05
"Li, Wei-Dong Z.",0.0001690045631232043,0.0,6.303036634736652e-05
"Ou, Yi",0.000507013689369613,0.0,9.235902542300969e-17
"Zhou, Yong",0.000507013689369613,0.0,9.235902542300969e-17
"Guo, Yongcai",0.0009295250971776238,0.0,9.967960661949189e-17
"Niu, Wen",0.0013520365049856345,0.0,4.657041777410992e-16
"Wang, Yanjie",0.000507013689369613,0.0,9.235902542300969e-17
"Jiao, Min",0.000507013689369613,0.0,9.235902542300969e-17
"Gao, Chao",0.000507013689369613,0.0,9.235902542300969e-17
"Sun, Jiajun",0.0001690045631232043,0.0,7.499014642870287e-43
"Zhen, Wenlong",0.0001690045631232043,0.0,7.499014642870287e-43
"Han, Jae Hyo",0.000507013689369613,0.0,5.749968609087611e-20
"Lee, Sujeong",0.000507013689369613,0.0,5.749968609087611e-20
"Yoo, Dongwon",0.000507013689369613,0.0,5.749968609087611e-20
"Jeong, Sohee",0.000507013689369613,0.0,5.749968609087611e-20
"Kim, Jin-Gyu",0.000507013689369613,0.0,5.749968609087611e-20
"Cheon, Jinwoo",0.000507013689369613,0.0,5.749968609087611e-20
"Huang, Taobo",0.000507013689369613,0.0,0.00010393633259933825
"An, Rui",0.000507013689369613,0.0,0.00010393633259933825
"Liu, Wen",0.0019435524759168496,0.000659684505417983,0.00011155139070158404
"Zhu, Xiuping",0.000507013689369613,0.0,0.00010393633259933825
"Ji, Haodong",0.0009295250971776238,9.128428125524978e-05,0.0001069084101949381
"Bai, Junxian",0.00042251140780801076,0.0,0.00029026634558519535
"Jiang, Zhimin",0.00042251140780801076,0.0,0.00029026634558519535
"Zheng, Deyin",0.00042251140780801076,0.0,5.5113073652392074e-08
"Jiang, Xiufen",0.00042251140780801076,0.0,5.5113073652392074e-08
"Liu, Mengyin",0.00042251140780801076,0.0,5.5113073652392074e-08
"Wang, Weichao",0.00042251140780801076,0.0,5.5113073652392074e-08
"Sun, Guangyi",0.00042251140780801076,0.0,5.5113073652392074e-08
"Kim, Do Wan",0.0005915159709312151,0.0,3.699138722121488e-23
"Dharma, Hadi Nugraha Cipta",0.0005915159709312151,0.0,3.699138722121488e-23
"Kim, Miseon",0.0005915159709312151,0.0,3.699138722121488e-23
"Kim, Kayoung",0.0005915159709312151,0.0,3.699138722121488e-23
"Lee, Jinho",0.0005915159709312151,0.0,3.699138722121488e-23
"Ha, Yongmo",0.0005915159709312151,0.0,3.699138722121488e-23
"Lee, Jaeyong",0.0005915159709312151,0.0,3.699138722121488e-23
"Jang, Jae-Won",0.0005915159709312151,0.0,3.699138722121488e-23
"Lu, Nan",0.0008450228156160215,0.0,0.0006236307715185764
"Bao, Liang",0.0008450228156160215,0.0,0.0006236307715185764
"Tang, Rui",0.0008450228156160215,0.0,0.0006236307715185764
"Zhang, Fu-Guang",0.0008450228156160215,0.0,0.0006236307715185764
"Guan, Jie",0.0012675342234240324,0.00024085185498183047,0.0006323812025439228
"Wang, Hao-Dong",0.0008450228156160215,0.0,0.0006236307715185764
"Liu, Qing-Yu",0.0008450228156160215,0.0,0.0006236307715185764
"Cheng, Quan",0.0008450228156160215,0.0,0.0006236307715185764
"Yu, Zhen-Tao",0.0008450228156160215,0.0,0.0006236307715185764
"Gowrisankar, Aruchamy",8.450228156160216e-05,0.0,1.1672423683483423e-52
"Thangavelu, Selvaraju",8.450228156160216e-05,0.0,1.1672423683483423e-52
"Zhou, Haibo",0.0006760182524928173,0.0,3.5569825321605646e-06
"Wu, Kaili",0.0010985296603008281,0.0003853629679709287,1.766100544669376e-05
"Luo, Xunwen",0.0006760182524928173,0.0,3.5569825321605646e-06
"Cai, Qinghong",0.0006760182524928173,0.0,3.5569825321605646e-06
"Zeng, Jia",0.0006760182524928173,0.0,3.5569825321605646e-06
"He, Youzhou",0.001605543349670441,0.0005298740809600272,1.8399589282882e-05
"Liu, Xingyan",0.001605543349670441,0.0005298740809600272,1.8399589282882e-05
"Li, Siqi",0.002028054757478452,0.0008670666779345898,4.477499139958965e-06
"Wei, Siping",0.0006760182524928173,0.0,3.5569825321605654e-06
"Maiti, Kakali",0.0003380091262464086,0.0,6.409953461799015e-21
"Curnan, Matthew T.",0.0003380091262464086,0.0,6.409953461799015e-21
"Kim, Hyung Jun",0.0003380091262464086,0.0,6.409953461799015e-21
"Kim, Kyeounghak",0.0008450228156160215,3.380376912025691e-06,3.3944643565293714e-20
"Han, Jeong Woo",0.0003380091262464086,0.0,6.409953461799015e-21
"Tang, Yimin",0.000507013689369613,0.0,0.0001892857336411693
"Wang, Wenxue",0.000507013689369613,0.0,0.0001892857336411693
"Lu, Yanan",0.000507013689369613,0.0,0.0001892857336411693
"Jiang, Xin",0.000507013689369613,0.0,0.0001892857336411693
"Zhao, Bing",0.0008450228156160215,0.0001602420347906084,0.0006162822649016899
"Yang, Libin",0.000507013689369613,0.0,0.0001892857336411693
"Bu, Xiangrui",0.0007605205340544194,0.0,0.000360277879038982
"Ma, Fa",0.0007605205340544194,0.0,0.000360277879038982
"Wu, Qiang",0.002112557039040054,0.0014871375842318963,0.0003825027561228371
"Yuan, Yubin",0.0007605205340544194,0.0,0.000360277879038982
"Hu, Long",0.0007605205340544194,0.0,0.000360277879038982
"Han, Chuanyu",0.0007605205340544194,0.0,0.000360277879038982
"Wang, Xiaoli",0.0012675342234240324,0.0031594144220338377,0.000379298241038356
"Liu, Weihua",0.0007605205340544194,0.0,0.000360277879038982
"Huang, Lijia",0.00042251140780801076,0.0,1.9734911340290272e-05
"Shen, Jiao",0.00042251140780801076,0.0,1.9734911340290272e-05
"Yuan, Yi",0.00042251140780801076,0.0,1.9734911340290272e-05
"Huang, Yaoqi",0.00042251140780801076,0.0,1.9734911340290272e-05
"Liang, Ying",0.0010985296603008281,0.00024085185498183047,0.0003312496283440497
"Yuan, Shaojun",0.00042251140780801076,0.0,1.9734911340290272e-05
"Li, Siyan",0.0005915159709312151,0.0,6.262566929515687e-07
"Tang, Yiwu",0.0005915159709312151,0.0,6.262566929515687e-07
"Liu, Jiayun",0.0005915159709312151,0.0,6.262566929515687e-07
"Zhu, Jiangwei",0.0005915159709312151,0.0,6.262566929515687e-07
"Zhang, Zhenzong",0.0005915159709312151,0.0,3.699138722121488e-23
"Cao, Yuxin",0.0005915159709312151,0.0,3.699138722121488e-23
"Zhang, Fenghao",0.0005915159709312151,0.0,3.699138722121488e-23
"Li, Wenjie",0.0005915159709312151,0.0,3.699138722121488e-23
"Li, Yuanling",0.0005915159709312151,0.0,3.699138722121488e-23
"Yu, Han",0.0005915159709312151,0.0,3.699138722121488e-23
"Wang, Meiyang",0.0005915159709312151,0.0,3.699138722121488e-23
"Yu, Hongbing",0.0005915159709312151,0.0,3.699138722121488e-23
"Saadati, Maryam",0.0003380091262464086,0.0,3.683167485230363e-33
"Akhavan, Omid",0.0003380091262464086,0.0,3.683167485230363e-33
"Fazli, Hossein",0.0003380091262464086,0.0,3.683167485230363e-33
"Liu, Liming",0.0001690045631232043,0.0,1.7493305093509397e-26
"Shen, Zhurui",0.0001690045631232043,0.0,1.7493305093509397e-26
"Li, Jing-Yu",0.0009295250971776238,4.820731730598987e-05,8.980296043473084e-06
"Xin, Xin",0.00042251140780801076,0.0,5.991545946582959e-06
"Anpo, Masakazu",0.00042251140780801076,0.0,5.991545946582959e-06
"Dong, Shizhi",0.0006760182524928173,0.0,3.4201312493398684e-05
"Li, Yanshuai",0.0006760182524928173,0.0,3.4201312493398684e-05
"Zhu, Bingshuai",0.0006760182524928173,0.0,3.4201312493398684e-05
"Li, Ruichuan",0.0006760182524928173,0.0,3.4201312493398684e-05
"Shang, Wenlong",0.0006760182524928173,0.0,3.4201312493398684e-05
"Chen, Linghui",0.0006760182524928173,0.0,3.4201312493398684e-05
"Zhang, Jinyu",0.0006760182524928173,0.0,3.4201312493398684e-05
"Zhao, Zhilong",0.0006760182524928173,0.0,3.4201312493398684e-05
"Guo, Lin",0.001014027378739226,0.00038536296797092877,0.0004679952143883407
"Chen, Xingyuan",0.000507013689369613,0.0,1.6514007470234546e-05
"Xu, Xiangfu",0.000507013689369613,0.0,1.6514007470234546e-05
"Qin, Wen",0.000507013689369613,0.0,1.6514007470234546e-05
"Zhang, Haonan",0.0005915159709312151,0.0,0.0002661701118760649
"Zhang, Zhaoze",0.0005915159709312151,0.0,0.0002661701118760649
"Ma, Xiaoming",0.0005915159709312151,0.0,0.0002661701118760649
"Zhu, Yuanna",0.0005915159709312151,0.0,0.0002661701118760649
"Ren, Miaojuan",0.0005915159709312151,0.0,0.0002661701118760649
"Cao, Yongqiang",0.0005915159709312151,0.0,0.0002661701118760649
"Marriam, Fareeha",0.00042251140780801076,0.0,2.793203157953156e-29
"Arshad, Aleena",0.00042251140780801076,0.0,2.793203157953156e-29
"Munawar, Khadija",0.00042251140780801076,0.0,2.793203157953156e-29
"Mansoor, Muhammad Adil",0.00042251140780801076,0.0,2.793203157953156e-29
"Ebadi, Mehdi",0.00042251140780801076,0.0,2.793203157953156e-29
"Naeem, Rabia",0.00042251140780801076,0.0,2.793203157953156e-29
"Li, Dongdong",0.0006760182524928173,0.0,6.305794895938823e-05
"Wang, Peng",0.0026195707284096667,0.001167156165492092,0.00016418465551026754
"Tang, Junhao",0.0007605205340544194,0.0,0.07376149212940329
"Zhang, Biyang",0.0007605205340544194,0.0,0.07376149212940329
"Yang, Zhengrui",0.0007605205340544194,0.0,0.07376149212940329
"Zhang, Ru",0.0002535068446848065,0.0,0.0006686023073290416
"Yu, Yaqin",0.0002535068446848065,0.0,0.0006686023073290416
"Du, Jingjing",0.0002535068446848065,0.0,0.0006686023073290416
"Park, Sun-Young",0.0006760182524928173,0.0,9.929853194257449e-13
"Seo, Hyun Ook",0.0006760182524928173,0.0,9.929853194257449e-13
"Kim, Kwang-Dae",0.0006760182524928173,0.0,9.929853194257449e-13
"Shim, Won Hyun",0.0006760182524928173,0.0,9.929853194257449e-13
"Heo, Jinhee",0.0006760182524928173,0.0,9.929853194257449e-13
"Cho, Shinuk",0.0006760182524928173,0.0,9.929853194257449e-13
"Kim, Young Dok",0.0006760182524928173,0.0,9.929853194257449e-13
"Lee, Kyu Hwan",0.001690045631232043,0.00012845432265697626,5.355989010021155e-12
"Lim, Dong Chan",0.0006760182524928173,0.0,9.929853194257449e-13
"Shuaibu, Abubakar Saidu",0.0008450228156160215,0.0,1.2230434657366321e-18
"Hafeez, Hafeez Yusuf",0.0011830319418624302,0.0,1.4194091501095496e-18
"Din, Salah Ud",0.0006760182524928173,0.0,1.0867524227461196e-18
"Al-Ahmary, Khairia Mohammed",0.0006760182524928173,0.0,1.0867524227461196e-18
"Alnawmasi, Jawza Sh",0.0006760182524928173,0.0,1.0867524227461196e-18
"Al-Mhyawi, Saedah R.",0.0006760182524928173,0.0,1.0867524227461196e-18
"Alsaiari, Ahad Amer",0.0006760182524928173,0.0,1.0867524227461196e-18
"Mohammed, J.",0.0011830319418624302,0.0,1.4194091501095496e-18
"Ndikilar, Chifu E.",0.0008450228156160215,0.0,1.2230434657366321e-18
"Sun, Wenqian",0.00042251140780801076,0.0,0.013327679043788235
"Zhai, Linzhi",0.00042251140780801076,0.0,0.013327679043788235
"Huang, Ping",0.00042251140780801076,0.0,0.013327679043788235
"Chava, Rama Krishna",0.0001690045631232043,0.0,4.961725533464465e-44
"Do, Jeong Yeon",0.0001690045631232043,0.0,4.961725533464465e-44
"Kang, Misook",0.0001690045631232043,0.0,4.961725533464465e-44
"Hu, Taiping",0.0002535068446848065,0.0,0.0006657008649981662
"Zhang, Li-Su",0.0006760182524928173,0.0,8.171148953456315e-05
"Qiu, Sheng-You",0.0006760182524928173,0.0,8.171148953456315e-05
"Gu, Liang-Liang",0.0006760182524928173,0.0,8.171148953456315e-05
"Wang, Ke-Xin",0.0006760182524928173,0.0,8.171148953456315e-05
"Zuo, Peng-Jian",0.0006760182524928173,0.0,8.171148953456315e-05
"Sun, Ke-Ning",0.0006760182524928173,0.0,8.171148953456315e-05
"Zhu, Xiao-Dong",0.0006760182524928173,0.0,8.171148953456315e-05
"Jiang, Peng",0.0001690045631232043,0.0,4.961725533464465e-44
"Jiang, Xiangyang",0.0001690045631232043,0.0,4.961725533464465e-44
"Yu, Yang",0.0001690045631232043,0.0,4.961725533464465e-44
"Xue, Xiaoyi",0.00042251140780801076,0.0,0.0008588734973452078
"Saana, Ibrahim Amiinu",0.00042251140780801076,0.0,0.0008588734973452078
"Mu, Shichun",0.00042251140780801076,0.0,0.0008588734973452078
"Lv, Xiaoyu",0.000507013689369613,0.0,2.1635927182408496e-06
"Pan, Danrui",0.000507013689369613,0.0,2.1635927182408496e-06
"Zheng, Song",0.000507013689369613,0.0,2.1635927182408496e-06
"Shahid, Malik Zeeshan",0.000507013689369613,0.0,2.1635927182408496e-06
"Jiang, Guocan",0.000507013689369613,0.0,2.1635927182408496e-06
"Li, Zhengquan",0.0008450228156160215,2.3249459482652116e-05,6.674461081825646e-06
"Pan, Xuan",0.0002535068446848065,0.0,0.00035754899386836387
"Zheng, Yue",0.0002535068446848065,0.0,0.00035754899386836387
"Shi, Yumeng",0.0002535068446848065,0.0,0.00035754899386836387
"Zhu, Shunming",0.0008450228156160215,0.0,3.804810710774806e-05
"Shinde, Pragati A.",0.0006760182524928173,0.0,4.792450714299903e-06
"Mahamiya, Vikram",0.0006760182524928173,0.0,4.792450714299903e-06
"Safarkhani, Moein",0.0006760182524928173,0.0,4.792450714299903e-06
"Chodankar, Nilesh R.",0.001014027378739226,0.00019268148398546438,4.842455087373128e-06
"Ishii, Masaki",0.0006760182524928173,0.0,4.792450714299903e-06
"Ma, Renzhi",0.001605543349670441,0.0005780444519563931,6.606770747375589e-05
"Ghaferi, Amal Al",0.0006760182524928173,0.0,4.792450714299903e-06
"Shrestha, Lok Kumar",0.0006760182524928173,0.0,4.792450714299903e-06
"Ariga, Katsuhiko",0.0006760182524928173,0.0,4.792450714299903e-06
"Choubey, Prashant",0.0001690045631232043,0.0,1.92059692882817e-40
"Zhao, Fenfen",0.00042251140780801076,0.0,4.783669744782987e-05
"Rong, Yuefei",0.00042251140780801076,0.0,4.783669744782987e-05
"Wan, Junmin",0.0007605205340544194,0.0030524803515591986,4.890050868620647e-05
"Hu, Zhiwen",0.0007605205340544194,0.0030524803515591986,4.890050868620647e-05
"Peng, Zhiqin",0.00042251140780801076,0.0,4.783669744782988e-05
"Li, Jin-Kun",0.00042251140780801076,0.0,2.793203157953156e-29
"Wang, Ao",0.00042251140780801076,0.0,2.793203157953156e-29
"Dong, Xin-Yue",0.00042251140780801076,0.0,2.793203157953156e-29
"Huang, Sai",0.00042251140780801076,0.0,2.793203157953156e-29
"Meng, Yan",0.00042251140780801076,0.0,2.793203157953156e-29
"Song, Jun-Ling",0.00042251140780801076,0.0,2.793203157953156e-29
"Jia, Zirui",0.0005915159709312151,5.5023484595444364e-05,5.5714620591207975e-05
"Zhou, Jixi",0.0002535068446848065,0.0,5.7715465621746496e-06
"Wu, Guanglei",0.0005915159709312151,5.5023484595444364e-05,5.5714620591207975e-05
"Dabir, M. P.",0.0001690045631232043,0.0,4.961725533464465e-44
"Masoudpanah, S. M.",0.0001690045631232043,0.0,4.961725533464465e-44
"Mamizadeh, M.",0.0001690045631232043,0.0,4.961725533464465e-44
"Wang, Yongcheng",0.0007605205340544194,0.0,0.00010233403611932139
"Jiang, Kun",0.0007605205340544194,0.0,0.00010233403611932139
"Wang, Jiwei",0.0007605205340544194,0.0,0.00010233403611932139
"Wei, Wei",0.0029575798546560756,0.005386282029380041,0.00039680786199957106
"Yang, Zhongqin",0.0007605205340544194,0.0,0.00010233403611932139
"Sun, Xuhui",0.0007605205340544194,0.0,0.00010233403611932139
"Cai, Wen-Bin",0.0007605205340544194,0.0,0.00010233403611932139
"Zheng, Gengfeng",0.0007605205340544194,0.0,0.00010233403611932139
"Wu, Xinxiang",0.0007605205340544194,0.0,2.4451644022950784e-07
"Li, Jijiang",0.0007605205340544194,0.0,2.4451644022950784e-07
"Liang, Qianying",0.0007605205340544194,0.0,2.4451644022950784e-07
"Wu, Zena",0.0007605205340544194,0.0,2.4451644022950784e-07
"Wan, Fang",0.0007605205340544194,0.0,2.4451644022950784e-07
"Wu, Zhenguo",0.0007605205340544194,0.0,2.4451644022950784e-07
"Zhong, Benhe",0.0007605205340544194,0.0,2.4451644022950784e-07
"Chen, Yanxiao",0.0007605205340544194,0.0,2.4451644022950784e-07
"Guo, Xiaodong",0.0007605205340544194,0.0,2.4451644022950784e-07
"Lin, Songyun",0.0007605205340544194,0.0,0.006652148620269411
"Abbas, Qasim",0.0006760182524928173,0.0,1.905881544746831e-15
"Mateen, Abdul",0.0006760182524928173,0.0,1.905881544746831e-15
"Siyal, Sajid Hussain",0.0006760182524928173,0.0,1.905881544746831e-15
"Ul Hassan, Najam",0.0006760182524928173,0.0,1.905881544746831e-15
"Ouladsmane, Mohamed",0.0006760182524928173,0.0,1.905881544746831e-15
"Eldin, Sayed M.",0.0006760182524928173,0.0,1.905881544746831e-15
"Ansari, Mohd Zahid",0.0006760182524928173,0.0,1.905881544746831e-15
"Javed, Muhammad Sufyan",0.0006760182524928173,0.0,1.905881544746831e-15
"Jia, Dandan",0.000507013689369613,0.0,0.000504931953802715
"Gao, Hongyi",0.0007605205340544194,0.00014544982200387436,0.0022264892951747253
"Xing, Liwen",0.000507013689369613,0.0,0.000504931953802715
"Dong, Wenjun",0.0014365387865472366,0.006337886835088433,0.0023135184175129865
"Huang, Xiubing",0.0007605205340544194,0.00014544982200387436,0.0022264892951747253
"Yu, Jing",0.0009295250971776238,0.001967472042813757,0.00020636289529549448
"Sun, Bing",0.0003380091262464086,0.0,2.5030935596479307e-05
"Shang, Hong",0.0003380091262464086,0.0,2.5030935596479307e-05
"Guo, Yun",0.0003380091262464086,0.0,0.002190695187684273
"Xiong, Yuhan",0.0003380091262464086,0.0,0.002190695187684273
"Zhou, Dandan",0.0003380091262464086,0.0,0.002190695187684273
"Dong, Shuangshi",0.0003380091262464086,0.0,0.002190695187684273
"Zhang, Yijiao",0.0007605205340544194,0.0,7.213957167243276e-05
"Wang, Yanming",0.0007605205340544194,0.0,7.213957167243276e-05
"Huo, Haiying",0.0007605205340544194,0.0,7.213957167243276e-05
"Zhang, Pu",0.0007605205340544194,0.0,7.213957167243276e-05
"Zhang, Xiaoliang",0.0007605205340544194,0.0,7.213957167243276e-05
"Che, Hongwei",0.0007605205340544194,0.0,7.213957167243276e-05
"Zhang, Zhixiao",0.0007605205340544194,0.0,7.213957167243276e-05
"Wu, Chunxia",0.0007605205340544194,0.0,7.213957167243276e-05
"Zhang, Qian",0.0007605205340544194,0.00010234257094090733,0.0010570012962997587
"Wang, Yingdi",0.0003380091262464086,0.0,0.0009332860724526041
"Zhu, Xiangmiao",0.0003380091262464086,0.0,0.0009332860724526041
"Liu, Xiang",0.0010985296603008281,0.0003494592806369194,0.01368255173790543
"Li, Hexing",0.0017745479127936454,0.0013851295871285224,0.003743720746345814
"Huang, Lijuan",0.0005915159709312151,0.0,3.699138722121488e-23
"Li, Bifang",0.0005915159709312151,0.0,3.699138722121488e-23
"Su, Bo",0.0005915159709312151,0.0,3.699138722121488e-23
"Xiong, Zhuang",0.0005915159709312151,0.0,3.699138722121488e-23
"Zhang, Chunjie",0.0005915159709312151,0.0,3.699138722121488e-23
"Hou, Yidong",0.0005915159709312151,0.0,3.699138722121488e-23
"Ding, Zhengxin",0.0005915159709312151,0.0,3.699138722121488e-23
"Wang, Sibo",0.0005915159709312151,0.0,3.699138722121488e-23
"Verma, Arpit",8.450228156160216e-05,0.0,1.1672423683483423e-52
"Yadav, Bal Chandra",8.450228156160216e-05,0.0,1.1672423683483423e-52
"Son, Suji",0.0009295250971776238,0.0,3.4584219534184853e-13
"Lee, Jang Mee",0.0009295250971776238,0.0,3.4584219534184853e-13
"Kim, Se-Jun",0.0009295250971776238,0.0,3.4584219534184853e-13
"Kim, Hyejin",0.0009295250971776238,0.0,3.4584219534184853e-13
"Jin, Xiaoyan",0.0009295250971776238,0.0,3.4584219534184853e-13
"Wang, Kang Kyun",0.0009295250971776238,0.0,3.4584219534184853e-13
"Kim, Minho",0.0009295250971776238,0.0,3.4584219534184853e-13
"Hwang, Jeong Wook",0.0009295250971776238,0.0,3.4584219534184853e-13
"Choi, Wonyong",0.0021970593206016562,8.788979971266797e-05,6.973619541977669e-13
"Kim, Yong-Rok",0.0009295250971776238,0.0,3.4584219534184853e-13
"Kim, Hyungjun",0.0009295250971776238,0.0,3.4584219534184853e-13
"Hwang, Seong-Ju",0.0009295250971776238,0.0,3.4584219534184853e-13
"Xin, Zijian",0.0001690045631232043,0.0,5.528520003390543e-33
"Zheng, Haizhao",0.0001690045631232043,0.0,5.528520003390543e-33
"Hao, Hongjuan",0.0009295250971776238,8.009097018646583e-06,0.001287513269910397
"Pu, Hongbin",0.0006760182524928173,0.0,0.0007815788770637359
"Lu, Dingze",0.0025350684468480648,0.006413799619746408,0.005320152474646341
"Zhou, Min",0.0023660638837248605,0.0007741332963329985,0.005246530091304333
"Wang, Qiuping",0.0009295250971776238,8.009097018646583e-06,0.001287513269910397
"Wang, Jiuxin",0.0006760182524928173,0.0,0.0007815788770637359
"Su, Yaoheng",0.0006760182524928173,0.0,0.0007815788770637359
"Li, Lianbi",0.0006760182524928173,0.0,0.0007815788770637359
"Tian, Mengqi",0.0006760182524928173,0.0,0.0007815788770637359
"Wu, Qinfang",0.0005915159709312151,0.0,0.0001907920174172765
"Zhao, Yunhe",0.0005915159709312151,0.0,0.0001907920174172765
"Song, Dalei",0.0005915159709312151,0.0,0.0001907920174172765
"Chen, Rongrong",0.0005915159709312151,0.0,0.0001907920174172765
"Li, Rumin",0.0005915159709312151,0.0,0.0001907920174172765
"Fan, Meiqing",0.0005915159709312151,0.0,0.0001907920174172765
"Mousavi-Zadeh, S. H.",0.0001690045631232043,0.0,4.961725533464465e-44
"Poursalehi, R.",0.0001690045631232043,0.0,4.961725533464465e-44
"Yourdkhani, A.",0.0001690045631232043,0.0,4.961725533464465e-44
"Li, Xiaohong",8.450228156160216e-05,0.0,1.7262658587567472e-05
"Ahmad, Mujeeb",0.0001690045631232043,0.0,2.0754594440623848e-26
"Mehta, B. R.",0.0001690045631232043,0.0,2.0754594440623848e-26
"Wang, Xinglin",0.0009295250971776238,1.2742123367920273e-05,0.0006325158416688871
"Huang, Yamei",0.0009295250971776238,1.2742123367920273e-05,0.0006325158416688871
"Zhang, Huihui",0.0007605205340544194,0.0,0.0006118262567333714
"Gao, Linlin",0.0007605205340544194,0.0,0.0006118262567333714
"Gu, Huajun",0.0009295250971776238,1.2742123367920273e-05,0.0006325158416688871
"Liao, Yifan",0.0009295250971776238,1.2742123367920273e-05,0.0006325158416688871
"Meng, Jiayi",0.0009295250971776238,1.2742123367920273e-05,0.0006325158416688871
"Dai, Wei-Lin",0.0012675342234240324,0.0006540580197600464,0.0013007948509046413
"Liu, Tianxia",0.0001690045631232043,0.0,2.0377412513310452e-05
"Sengele, Armelle",0.0002535068446848065,0.0,3.813245445882349e-23
"Keller, Nicolas",0.0002535068446848065,0.0,3.813245445882349e-23
"Zhang, Haifeng",0.0014365387865472366,0.0002023607067712881,6.83553961336197e-05
"Sun, Wenxuan",0.0007605205340544194,0.0,4.830233726810606e-05
"Jiang, Yingnan",0.0007605205340544194,0.0,4.830233726810606e-05
"Wang, Xinyue",0.0007605205340544194,0.0,4.830233726810606e-05
"Dong, Yao",0.0007605205340544194,0.0,4.830233726810606e-05
"Jia, Fuchao",0.0011830319418624302,0.0005846886616689365,0.00015369085854122463
"Wang, Xiaomei",0.0011830319418624302,0.0005846886616689365,0.00015369085854122463
"Sun, Meiling",0.0012675342234240324,0.00010601996477855589,6.803362925316629e-05
"Yin, Guangchao",0.001605543349670441,0.0008105318493188848,0.0001644943618682034
"Goyal, Naveen",0.0002535068446848065,0.0,6.570990368930812e-38
"Raj, Gokul",0.0002535068446848065,0.0,6.570990368930812e-38
"Nanda, Karuna Kar",0.0002535068446848065,0.0,6.570990368930812e-38
"Ravishankar, N.",0.0002535068446848065,0.0,6.570990368930812e-38
"Shen, Hongqiang",0.0003380091262464086,0.0,2.51008034506659e-05
"Shang, DanDan",0.0003380091262464086,0.0,2.51008034506659e-05
"Li, Longhua",0.0003380091262464086,0.0,2.51008034506659e-05
"Liu, Dongni",0.000507013689369613,0.0,3.5565762241097054e-07
"Chen, Zhanfen",0.0007605205340544194,0.0,2.5577476454836138e-05
"Mei, Jie",0.0007605205340544194,0.0,2.5577476454836138e-05
"Yu, Qi",0.0007605205340544194,0.0,2.5577476454836138e-05
"Wang, Panhong",0.0007605205340544194,0.0,2.5577476454836138e-05
"Wang, Peipei",0.0007605205340544194,0.0,2.5577476454836138e-05
"Zhou, Yue",0.000507013689369613,0.0,0.00014368353350358335
"Zhou, Chaozheng",0.0008450228156160215,0.00019767257508846125,0.0001654385420928958
"Liu, Yingguo",0.000507013689369613,0.0,0.00014368353350358335
"Bhatt, Vishwa",0.00042251140780801076,0.0,2.793203157953156e-29
"Sahare, Sanjay",0.00042251140780801076,0.0,2.793203157953156e-29
"Kumar, Manjeet",0.00042251140780801076,0.0,2.793203157953156e-29
"Lee, Shern-Long",0.00042251140780801076,0.0,2.793203157953156e-29
"Kumar, Sunil",0.00042251140780801076,0.0,2.793203157953156e-29
"Yun, Ju-Hyung",0.00042251140780801076,0.0,2.793203157953156e-29
"Feng, Xinliang",0.0001690045631232043,0.0,2.513435740000094e-05
"Li, Gaofeng",0.0001690045631232043,0.0,1.7493305093509397e-26
"Chen, Lingling",0.0001690045631232043,0.0,1.7493305093509397e-26
"Wu, Wenjia",0.00042251140780801076,0.0,3.1122800783975015e-18
"Wan, Shungang",0.00042251140780801076,0.0,3.1122800783975015e-18
"Chen, Mingxu",0.00042251140780801076,0.0,3.1122800783975015e-18
"Yuan, Dan",0.00042251140780801076,0.0,3.1122800783975015e-18
"Yu, Zebin",0.0010985296603008281,0.0,9.776717812304775e-18
"Sun, Lei",0.0010985296603008281,0.0,9.776717812304775e-18
"Shanmugam, Mariyappan",0.00042251140780801076,0.0,7.259098087263114e-24
"Durcan, Chris A.",0.0002535068446848065,0.0,4.785014541465357e-24
"Jacobs-Gedrim, Robin",0.00042251140780801076,0.0,7.259098087263114e-24
"Yan, Bingdong",0.0006760182524928173,0.0,2.782379306691194e-05
"Cheng, Zike",0.0006760182524928173,0.0,2.782379306691194e-05
"Lai, Caiyan",0.0006760182524928173,0.0,2.782379306691194e-05
"Qiao, Bin",0.0006760182524928173,0.0,2.782379306691194e-05
"Yuan, Run",0.0006760182524928173,0.0,2.782379306691194e-05
"Zhang, Chide",0.0006760182524928173,0.0,2.782379306691194e-05
"Pei, Hua",0.0006760182524928173,0.0,2.782379306691194e-05
"Tu, Jinchun",0.0006760182524928173,0.0,2.782379306691194e-05
"Yao, Ziyu",0.0002535068446848065,0.0,6.570990368930812e-38
"Sun, Huajun",0.0002535068446848065,0.0,6.570990368930812e-38
"Sui, Huiting",0.0002535068446848065,0.0,6.570990368930812e-38
"Liu, Xiaofang",0.0002535068446848065,0.0,6.570990368930812e-38
"Chen, Kai",0.002704073009971269,0.0010272710066274342,0.0026991530740217056
"Guan, Yunfeng",0.0007605205340544194,0.0,0.00022160191936151043
"Tan, Lidan",0.0007605205340544194,0.0,0.00022160191936151043
"Zhu, Hui",0.001014027378739226,0.0,0.00025043789890393306
"Zhang, Qin",0.0007605205340544194,0.0,0.00022160191936151043
"Guo, Jianguang",0.0007605205340544194,0.0,0.00022160191936151043
"Dong, Zhijun",0.001014027378739226,0.0,0.00025043789890393306
"Yuan, Guanming",0.001014027378739226,0.0,0.00025043789890393306
"Li, Xuanke",0.001014027378739226,0.0,0.00025043789890393306
"Cong, Ye",0.001014027378739226,0.0,0.00025043789890393306
"Han, Qingzhi",0.0003380091262464086,0.0,7.682360531088662e-06
"Wang, Hanyu",0.0003380091262464086,0.0,7.682360531088662e-06
"Qi, Yanting",0.0003380091262464086,0.0,7.682360531088662e-06
"Wu, Dan",0.0012675342234240324,0.00027164413752768355,6.883089492765702e-05
"He, Jian",0.0002535068446848065,0.0,6.570990368930812e-38
"Ling, Zhaoheng",0.0002535068446848065,0.0,6.570990368930812e-38
"Gao, Pingqi",0.0002535068446848065,0.0,6.570990368930812e-38
"Ye, Jichun",0.0002535068446848065,0.0,6.570990368930812e-38
"Fkiri, Anis",0.0002535068446848065,0.0,6.570990368930812e-38
"Saidani, Mohamed Ali",0.0002535068446848065,0.0,6.570990368930812e-38
"Altalhi, Tariq",0.0002535068446848065,0.0,6.570990368930812e-38
"Mezni, Amine",0.0002535068446848065,0.0,6.570990368930812e-38
"Wang, Yuanyuan",0.0006760182524928173,0.0,2.9567893423679476e-05
"Yin, Li",0.0006760182524928173,0.0,2.9567893423679476e-05
"Wu, Jie",0.0011830319418624302,0.0006727312071484698,5.1480277580594186e-05
"Li, Nan",0.0015210410681088388,0.0004174765486351732,3.077687936822667e-05
"He, Na",0.0006760182524928173,0.0,2.9567893423679476e-05
"Zhao, Haixin",0.0008450228156160215,3.2113580664244066e-05,2.9991365416757682e-05
"Li, Xiaotian",0.0008450228156160215,3.2113580664244066e-05,2.9991365416757682e-05
"Lai, Xiaoyong",0.0006760182524928173,0.0,2.9567893423679476e-05
"Nam, Jungtae",0.000507013689369613,0.0,5.327153564675236e-26
"Lee, Gil Yong",0.000507013689369613,0.0,5.327153564675236e-26
"Lee, Dong Yun",0.000507013689369613,0.0,5.327153564675236e-26
"Sung, Dongchul",0.000507013689369613,0.0,5.327153564675236e-26
"Hong, Suklyun",0.000507013689369613,0.0,5.327153564675236e-26
"Jang, A-Rang",0.000507013689369613,0.0,5.327153564675236e-26
"Kim, Keun Soo",0.000507013689369613,0.0,5.327153564675236e-26
"Zhu, Chenguang",0.0017745479127936454,5.489147175751268e-05,0.00011193280584386853
"Zheng, Biyuan",0.0017745479127936454,5.489147175751268e-05,0.00011193280584386853
"Sun, Xingxia",0.0017745479127936454,5.489147175751268e-05,0.00011193280584386853
"Shuai, Qin",0.0008450228156160215,0.0,6.562183626404032e-05
"Liu, Huawei",0.0017745479127936454,0.0011327815441770372,0.00012588707667506797
"Xiong, Xiong",0.0008450228156160215,0.0,6.562183626404032e-05
"Chen, Zuxin",0.0008450228156160215,0.0,6.562183626404032e-05
"Zhao, Min",0.0008450228156160215,0.0,4.322718739701241e-05
"Wang, Jingkun",0.0008450228156160215,0.0,4.322718739701241e-05
"Wang, Chengqiang",0.0008450228156160215,0.0,4.322718739701241e-05
"Sun, Ying",0.0008450228156160215,0.0,4.322718739701241e-05
"Liu, Peizhi",0.0008450228156160215,0.0,4.322718739701241e-05
"Du, Xiaoqiang",0.0008450228156160215,0.0,4.322718739701241e-05
"Pan, Hongge",0.0008450228156160215,0.0,4.322718739701241e-05
"Liang, Haojie",0.0008450228156160215,0.0,4.322718739701241e-05
"Guo, Junjie",0.0008450228156160215,0.0,4.322718739701241e-05
"Ma, Tianyi",0.0008450228156160215,0.0,4.322718739701241e-05
"Wu, Zhaohui",0.0002535068446848065,0.0,1.366069498376038e-05
"Liu, Jun",0.0002535068446848065,0.0,1.366069498376038e-05
"Manjunatha, Kuri",0.000507013689369613,0.0,5.327153564675236e-26
"Alagarasan, Devarajan",0.000507013689369613,0.0,5.327153564675236e-26
"Das, Shreyasi",0.000507013689369613,0.0,5.327153564675236e-26
"Ganesan, R.",0.000507013689369613,0.0,5.327153564675236e-26
"Naik, R.",0.000507013689369613,0.0,5.327153564675236e-26
"Purohit, Dayakrishn",0.000507013689369613,0.0,5.327153564675236e-26
"Ramudu, M.",0.000507013689369613,0.0,5.327153564675236e-26
"Alhaddad, Maha",0.0003380091262464086,0.0,1.3638156916077462e-25
"Abdel-Haleem, Fatehy M.",0.0003380091262464086,2.8169807600214087e-07,1.8493278418743124e-25
"Mohamed, Reda M.",0.0006760182524928173,2.8169807600214087e-07,4.345716591711496e-25
"Khedr, Tamer M.",0.00042251140780801076,3.6620749880278313e-06,1.9276499901757144e-25
"Tian, Jingru",0.00042251140780801076,0.0,2.793203157953156e-29
"Ma, Shuai",0.00042251140780801076,0.0,2.793203157953156e-29
"Xia, Fengjin",0.00042251140780801076,0.0,2.793203157953156e-29
"Wang, Zhuoyue",0.00042251140780801076,0.0,2.793203157953156e-29
"Zhang, Yanxu",0.00042251140780801076,0.0,2.793203157953156e-29
"Dong, Lifeng",0.00042251140780801076,0.0,2.793203157953156e-29
"Bai, Xue",0.0011830319418624302,0.0005018569858047716,0.011984239796028815
"Chen, Junkun",0.0007605205340544194,0.0,0.01180862393558391
"Fuchs, Dirk",0.00042251140780801076,0.0,2.793203157953156e-29
"Schaefer, Roland",0.00042251140780801076,0.0,2.793203157953156e-29
"Sleem, Ahmed",0.00042251140780801076,0.0,2.793203157953156e-29
"Schneider, Rudolf",0.00042251140780801076,0.0,2.793203157953156e-29
"Thelen, Richard",0.00042251140780801076,0.0,2.793203157953156e-29
"von Loehneysen, Hilbert",0.00042251140780801076,0.0,2.793203157953156e-29
"Jia, Xuerui",0.00042251140780801076,0.0,0.00018156822871854346
"Shao, Xinxin",0.0008450228156160215,7.894223785575421e-05,0.0008456600988517932
"Li, Kangpeng",0.0008450228156160215,7.894223785575421e-05,0.0008456600988517932
"Lu, Huidan",0.0008450228156160215,7.894223785575421e-05,0.0008456600988517932
"Liu, Yongping",0.0008450228156160215,7.894223785575421e-05,0.0008456600988517932
"Kasbe, Pratik S.",0.00042251140780801076,0.0,2.793203157953156e-29
"Yang, Muxuan",0.00042251140780801076,0.0,2.793203157953156e-29
"Bosch, Juan",0.00042251140780801076,0.0,2.793203157953156e-29
"Bu, Jinyu",0.00042251140780801076,0.0,2.793203157953156e-29
"DellaCorte, Christopher",0.00042251140780801076,0.0,2.793203157953156e-29
"Xu, Weinan",0.00042251140780801076,0.0,2.793203157953156e-29
"Zhou, Qi",0.00042251140780801076,0.0,4.19391376774626e-05
"Zhang, Kaijia",0.00042251140780801076,0.0,4.19391376774626e-05
"Gao, Tengyuan",0.00042251140780801076,0.0,4.19391376774626e-05
"Ye, Lin-Lin",0.000507013689369613,0.0,1.9204140731741098e-05
"Wu, Shao-Chun",0.000507013689369613,0.0,1.9204140731741098e-05
"Chen, Yan",0.000507013689369613,0.0,1.9204140731741098e-05
"Yan, Xi",0.0013520365049856345,0.00026851714649871357,7.041692047489787e-05
"Guo, Xiao-Jing",0.000507013689369613,0.0,1.9204140731741098e-05
"Lang, Wan-Zhong",0.000507013689369613,0.0,1.9204140731741098e-05
"Khanlary, Mohammad Reza",0.0001690045631232043,0.0,4.961725533464465e-44
"Parhizkari, Milad",0.0001690045631232043,0.0,4.961725533464465e-44
"Heydari, Negar",0.0001690045631232043,0.0,4.961725533464465e-44
"Liao, Wanru",0.000507013689369613,0.0,2.40523952397113e-07
"Lu, Suwei",0.0010985296603008281,3.421728744977287e-05,5.50821587589065e-07
"Chen, Weihang",0.000507013689369613,0.0,2.40523952397113e-07
"Zhu, Shuying",0.000507013689369613,0.0,2.40523952397113e-07
"Yang, Min-Quan",0.0015210410681088388,0.0002750691424316034,5.584859606016763e-07
"Sun, Tongming",0.0005915159709312151,0.0,2.285822333086795e-06
"Zhong, Weiting",0.0005915159709312151,0.0,2.285822333086795e-06
"Zhang, Mengke",0.0005915159709312151,0.0,2.285822333086795e-06
"Tang, Yanfeng",0.0005915159709312151,0.0,2.285822333086795e-06
"Xu, Chen",0.0005915159709312151,0.0,2.285822333086795e-06
"Hu, Lanping",0.0005915159709312151,0.0,2.285822333086795e-06
"Ashokan, Gunasekaran",0.0003380091262464086,0.0,3.683167485230363e-33
"Subramani, Sadhasivam",0.0003380091262464086,0.0,3.683167485230363e-33
"Vellingiri, Gowthambabu",0.0003380091262464086,0.0,3.683167485230363e-33
"Nallathambi, Anbarasan",0.0003380091262464086,0.0,3.683167485230363e-33
"Kulandaivel, Jeganathan",0.0003380091262464086,0.0,3.683167485230363e-33
"Zhou, Qianfan",0.00042251140780801076,0.0,2.793203157953156e-29
"Qian, Kunpeng",0.00042251140780801076,0.0,2.793203157953156e-29
"Fang, Jianhui",0.00042251140780801076,0.0,2.793203157953156e-29
"Miao, Miao",0.00042251140780801076,0.0,2.793203157953156e-29
"Cao, Shaomei",0.00042251140780801076,0.0,2.793203157953156e-29
"Feng, Xin",0.00042251140780801076,0.0,2.793203157953156e-29
"Hua, Jie",0.0005915159709312151,0.0,2.003660850684363e-06
"Li, Jiaxin",0.0011830319418624302,0.006849488717992056,2.0511583947962694e-06
"Zhan, Zhuolin",0.0005915159709312151,0.0,2.003660850684363e-06
"Chai, Yuan",0.0005915159709312151,0.0,2.003660850684363e-06
"Cheng, Zeyuan",0.0005915159709312151,0.0,2.003660850684363e-06
"Li, Peiding",0.0005915159709312151,0.0,2.003660850684363e-06
"Dong, He",0.0005915159709312151,0.0,2.003660850684363e-06
"Raheem, Abdur",0.0001690045631232043,0.0,4.961725533464465e-44
"Kumar, Ravi",0.0001690045631232043,0.0,4.961725533464465e-44
"Dutta, Suman",0.0001690045631232043,0.0,4.961725533464465e-44
"Kimura, Masatoshi",0.0010985296603008281,0.0,1.954324433351461e-05
"Katase, Takayoshi",0.0010985296603008281,0.0,1.954324433351461e-05
"Tadano, Terumasa",0.0010985296603008281,0.0,1.954324433351461e-05
"Tomczak, Jan M.",0.0010985296603008281,0.0,1.954324433351461e-05
"Minohara, Makoto",0.0010985296603008281,0.0,1.954324433351461e-05
"Aso, Ryotaro",0.0010985296603008281,0.0,1.954324433351461e-05
"Yoshida, Hideto",0.0010985296603008281,0.0,1.954324433351461e-05
"Ide, Keisuke",0.0010985296603008281,0.0,1.954324433351461e-05
"Ueda, Shigenori",0.0010985296603008281,0.0,1.954324433351461e-05
"Hiramatsu, Hidenori",0.0010985296603008281,0.0,1.954324433351461e-05
"Kumigashira, Hiroshi",0.0010985296603008281,0.0,1.954324433351461e-05
"Hosono, Hideo",0.0010985296603008281,0.0,1.954324433351461e-05
"Kamiya, Toshio",0.0010985296603008281,0.0,1.954324433351461e-05
"Xu, Yifeng",0.0006760182524928173,0.0,1.1873375919844751e-20
"Hu, Bingkun",0.0006760182524928173,0.0,1.1873375919844751e-20
"Liu, Jining",0.0006760182524928173,0.0,1.1873375919844751e-20
"Tao, Kai",0.0006760182524928173,0.0,1.1873375919844751e-20
"Wang, Ranran",0.0006760182524928173,0.0,1.1873375919844751e-20
"Ren, Yang",0.0006760182524928173,0.0,1.1873375919844751e-20
"Zhao, Xiaofeng",0.0006760182524928173,0.0,1.1873375919844751e-20
"Xu, Jijin",0.0006760182524928173,0.0,1.1873375919844751e-20
"Song, Xuefeng",0.0006760182524928173,0.0,1.1873375919844751e-20
"Wang, Longfei",0.00042251140780801076,0.0,6.524203044837307e-06
"Gao, Xueyou",0.00042251140780801076,0.0,6.524203044837307e-06
"Li, Wenlong",0.00042251140780801076,0.0,6.524203044837307e-06
"He, Hui-Kai",0.000507013689369613,0.0,3.08555760932668e-05
"Yang, Rui",0.001605543349670441,0.0005256798053270773,0.00017696728308079192
"Huang, He-Ming",0.000507013689369613,0.0,3.08555760932668e-05
"Yang, Fan-Fan",0.000507013689369613,0.0,3.08555760932668e-05
"Wu, Ya-Zhou",0.000507013689369613,0.0,3.08555760932668e-05
"Shaibo, Jamal",0.000507013689369613,0.0,3.08555760932668e-05
"Xin, Jiangang",0.0006760182524928173,0.0,2.4043322622791833e-06
"Wang, Wenxing",0.0006760182524928173,0.0,2.4043322622791833e-06
"Yang, Yan",0.0006760182524928173,0.0,2.4043322622791833e-06
"Shi, Quan",0.0006760182524928173,0.0,2.4043322622791833e-06
"Wang, Xiaolan",0.0006760182524928173,0.0,2.4043322622791833e-06
"Kurajica, Stanislav",0.0011830319418624302,3.3803769120256905e-06,2.895759731015396e-06
"Shi, Huihui",0.0007605205340544194,0.0,0.01095368835315705
"Yu, Haihan",0.0007605205340544194,0.0,0.01095368835315705
"Tan, Xiaoran",0.0007605205340544194,0.0,0.01095368835315705
"Wang, Yanhu",0.0007605205340544194,0.0,0.01095368835315705
"Ge, Shenguang",0.0007605205340544194,0.0,0.01095368835315705
"Wang, Aizhu",0.0007605205340544194,0.0,0.01095368835315705
"Cui, Kang",0.0007605205340544194,0.0,0.01095368835315705
"Yu, Jinghua",0.0014365387865472366,0.000616297498486682,0.011254011774909617
"Guo, Chengbin",0.0003380091262464086,0.0,0.0004871772234088901
"Duan, Chenguang",0.0003380091262464086,0.0,0.0004871772234088901
"Du, Bowen",0.0006760182524928173,0.0,0.000625383748412493
"Jiang, Meiling",0.0006760182524928173,0.0,0.000625383748412493
"Zhang, Hongbo",0.0006760182524928173,0.0,0.000625383748412493
"Wu, Lishu",0.0006760182524928173,0.0,0.000625383748412493
"Wen, Wen",0.0006760182524928173,0.0,0.000625383748412493
"Liu, Zheng",0.00312658441777928,0.0038423162710244404,0.0032225828905020864
"Fang, Zheyu",0.0011830319418624302,0.0020682127446739213,0.0007535330406139469
"Fu, Fang-Yu",0.0009295250971776238,0.0,1.5724335876659903e-14
"Fan, Chi-Chan",0.0009295250971776238,0.0,1.5724335876659903e-14
"Qorbani, Mohammad",0.0009295250971776238,0.0,1.5724335876659903e-14
"Huang, Chih-Yang",0.0009295250971776238,0.0,1.5724335876659903e-14
"Kuo, Ping-Chun",0.0009295250971776238,0.0,1.5724335876659903e-14
"Hwang, Jih-Shang",0.0009295250971776238,0.0,1.5724335876659903e-14
"Shu, Guo-Jiun",0.0009295250971776238,0.0,1.5724335876659903e-14
"Chang, Sue-Min",0.0009295250971776238,0.0,1.5724335876659903e-14
"Wu, Heng-Liang",0.0009295250971776238,0.0,1.5724335876659903e-14
"Wu, Chih-, I",0.0009295250971776238,0.0,1.5724335876659903e-14
"Chen, Kuei-Hsien",0.0009295250971776238,0.0,1.5724335876659903e-14
"Chen, Li-Chyong",0.0009295250971776238,0.0,1.5724335876659903e-14
"Wang, Yanwen",0.00042251140780801076,0.0,3.2308257279788557e-07
"Liang, Rong",0.00042251140780801076,0.0,3.2308257279788557e-07
"Qin, Chao",0.00042251140780801076,0.0,3.2308257279788557e-07
"Ren, Lei",0.00042251140780801076,0.0,3.2308257279788557e-07
"Dogra, Nitesh",0.0001690045631232043,0.0,2.3193694062752026e-32
"Kushvaha, Sunil Singh",0.0001690045631232043,0.0,2.3193694062752026e-32
"Sharma, Sandeep",0.00042251140780801076,0.0,7.780684353962229e-32
"Reddy, Nagappagari Lakshmana",0.0003380091262464086,0.0,6.5323087088180265e-21
"Adabala, Snehith",0.0001690045631232043,0.0,1.343675274961841e-32
"Shen, Yuegang",0.0002535068446848065,0.0,6.570990368930812e-38
"Liu, Yangsi",0.0002535068446848065,0.0,6.570990368930812e-38
"Xi, Xiaoli",0.0002535068446848065,0.0,6.570990368930812e-38
"Nie, Zuoren",0.0002535068446848065,0.0,6.570990368930812e-38
"Deng, Zhixiong",0.0007605205340544194,0.0,0.00021218567169356193
"Liu, Junhua",0.0007605205340544194,0.0,0.00021218567169356193
"Hong, Yuhao",0.0007605205340544194,0.0,0.00021218567169356193
"Wei, Long",0.0007605205340544194,0.0,0.00021218567169356193
"Hu, Shilin",0.0007605205340544194,0.0,0.00021218567169356193
"Xiao, Wen",0.0007605205340544194,0.0,0.00021218567169356193
"Wang, Lingfei",0.0007605205340544194,0.0,0.00021218567169356193
"Liao, Zhaoliang",0.0007605205340544194,0.0,0.00021218567169356193
"Bhatt, Abhinav",0.0006760182524928173,0.0,2.102040163505849e-15
"Singh, Vishal",0.0006760182524928173,0.0,2.102040163505849e-15
"Aswal, Deepali",0.0006760182524928173,0.0,2.102040163505849e-15
"Rana, Shilpa",0.0006760182524928173,0.0,2.102040163505849e-15
"Singh, Bharti",0.0006760182524928173,0.0,2.102040163505849e-15
"Modwi, A.",0.0009295250971776238,0.0,1.1595792469052246e-24
"Basith, N. M.",0.000507013689369613,0.0,8.319904282544326e-25
"Ghoniem, M. G.",0.000507013689369613,0.0,8.319904282544326e-25
"Ismail, M.",0.000507013689369613,0.0,8.319904282544326e-25
"Ben Aissa, M. A.",0.000507013689369613,0.0,8.319904282544326e-25
"Khezami, L.",0.000507013689369613,0.0,8.319904282544326e-25
"Bououdina, M.",0.000507013689369613,0.0,8.319904282544326e-25
"Hasan, Md Rezaul",0.0005915159709312151,0.0,8.2684196295739e-05
"Xie, Ting",0.0009295250971776238,4.8170370996366096e-05,0.00036863429279621474
"Barron, Sara C.",0.0005915159709312151,0.0,8.2684196295739e-05
"Liu, Guannan",0.0005915159709312151,0.0,8.2684196295739e-05
"Nguyen, Nhan V.",0.0009295250971776238,4.8170370996366096e-05,0.00036863429279621474
"Motayed, Abhishek",0.0009295250971776238,4.8170370996366096e-05,0.00036863429279621474
"Rao, Mulpuri V.",0.0005915159709312151,0.0,8.2684196295739e-05
"Debnath, Ratan",0.0009295250971776238,4.8170370996366096e-05,0.00036863429279621474
"Liu, Ye",0.00042251140780801076,0.0,0.00012148356039380741
"Xu, Jing",0.0019435524759168496,0.001596924583604625,0.0020435007145272292
"Liu, Zhenlu",0.00042251140780801076,0.0,0.00012148356039380738
"Li, Xuanhao",0.00042251140780801076,0.0,0.00012148356039380738
"Ma, Lijun",0.00042251140780801076,0.0,0.00012148356039380738
"Hu, Linying",0.00042251140780801076,0.0,0.00012148356039380738
"Zhang, Ze-Nong",0.00042251140780801076,0.0,9.02098063287236e-05
"Hong, Qing-Ling",0.00042251140780801076,0.0,9.02098063287236e-05
"Wang, Xiao-Hui",0.00042251140780801076,0.0,9.02098063287236e-05
"Huang, Hao",0.0023660638837248605,0.0038094449826643574,0.0014595823835386282
"Li, Shu-Ni",0.00042251140780801076,0.0,9.02098063287236e-05
"Li, Linbo",0.0006760182524928173,0.0,7.85872807065071e-06
"Ruan, Miao",0.0006760182524928173,0.0,7.85872807065071e-06
"Tian, Donghua",0.0006760182524928173,0.0,7.85872807065071e-06
"Zhang, Xuefeng",0.0012675342234240324,0.00039832449227455085,0.00010568992514958147
"Hou, Xueyang",0.0006760182524928173,0.0,7.85872807065071e-06
"Zhong, Kenan",0.0006760182524928173,0.0,7.85872807065071e-06
"Cheng, Fan",0.0006760182524928173,0.0,7.85872807065071e-06
"Tong, Yun",0.0006760182524928173,0.0,7.85872807065071e-06
"Fang, Zhao",0.0006760182524928173,0.0,7.85872807065071e-06
"Ma, Sainan",0.001014027378739226,0.0,2.596717229247036e-06
"Zeng, Longlui",0.001014027378739226,0.0,2.596717229247036e-06
"Tao, Lili",0.0013520365049856345,0.0002479358133240484,3.344988118407403e-06
"Tang, Chun Yin",0.001014027378739226,0.0,2.596717229247036e-06
"Yuan, Huiyu",0.001605543349670441,0.0005115175658121692,2.4528827538764368e-05
"Long, Hui",0.001014027378739226,0.0,2.5967172292470365e-06
"Cheng, Ping Kwong",0.001014027378739226,0.0,2.5967172292470365e-06
"Chai, Yang",0.001014027378739226,0.0,2.5967172292470365e-06
"Chen, Chuansheng",0.001014027378739226,0.0,2.5967172292470365e-06
"Fung, Kin Hung",0.001014027378739226,0.0,2.5967172292470365e-06
"Zhang, Xuming",0.001014027378739226,0.0,2.5967172292470365e-06
"Lau, Shu Ping",0.001014027378739226,0.0,2.5967172292470365e-06
"Tsang, Yuen Hong",0.001014027378739226,0.0,2.5967172292470365e-06
"Yan, Jia",0.0011830319418624302,0.0,0.12491016588925818
"Tian, Hongwei",0.0001690045631232043,0.0,7.845026130642483e-14
"Liu, Ming",0.0011830319418624302,0.0,8.622302885348072e-13
"Zheng, Weitao",0.00042251140780801076,0.0,8.029861055414343e-14
"Ling, C. C.",0.000507013689369613,0.0,5.327153564675236e-26
"Guo, T. C.",0.000507013689369613,0.0,5.327153564675236e-26
"Lu, W. B.",0.000507013689369613,0.0,5.327153564675236e-26
"Li, X. F.",0.000507013689369613,0.0,5.327153564675236e-26
"Zhu, L.",0.000507013689369613,0.0,5.327153564675236e-26
"Ma, M.",0.000507013689369613,0.0,5.327153564675236e-26
"Xue, Q. Z.",0.000507013689369613,0.0,5.327153564675236e-26
"Zeng, Guangjian",0.00042251140780801076,0.0,6.909716790192131e-06
"Zhao, Chunyan",0.0006760182524928173,0.0,1.1873375919844751e-20
"Fu, Jinwen",0.0006760182524928173,0.0,1.1873375919844751e-20
"Shen, Ao",0.0006760182524928173,0.0,1.1873375919844751e-20
"Zhang, Lingsheng",0.0006760182524928173,0.0,1.1873375919844751e-20
"Kong, Shuo",0.0006760182524928173,0.0,1.1873375919844751e-20
"Feng, Yongbao",0.0006760182524928173,0.0,1.1873375919844751e-20
"Gong, Wenbin",0.0006760182524928173,0.0,1.1873375919844751e-20
"Tian, Konghu",0.0006760182524928173,0.0,1.1873375919844751e-20
"Li, Qiulong",0.0006760182524928173,0.0,1.1873375919844751e-20
"Chen, Yingying",0.00042251140780801076,0.0,2.793203157953156e-29
"Dong, Qimei",0.00042251140780801076,0.0,2.793203157953156e-29
"Wang, Lingli",0.00042251140780801076,0.0,2.793203157953156e-29
"Guo, Xu",0.00042251140780801076,0.0,2.793203157953156e-29
"Ai, Shasha",0.00042251140780801076,0.0,2.793203157953156e-29
"Ding, Hanming",0.00042251140780801076,0.0,2.793203157953156e-29
"Song, Haoran",0.0006760182524928173,0.0,7.29691672421867e-06
"Wang, Yuwei",0.0006760182524928173,0.0,7.29691672421867e-06
"Ling, Zheng",0.0006760182524928173,0.0,7.29691672421867e-06
"Zu, Daoyuan",0.0006760182524928173,0.0,7.29691672421867e-06
"Shen, Yongming",0.000507013689369613,0.0,6.654983648900945e-06
"Li, Changping",0.0006760182524928173,0.0,7.29691672421867e-06
"Basaleh, Amal S.",0.0005915159709312151,0.0,4.160909213793527e-25
"Bawazir, Huda A.",0.0002535068446848065,0.0,3.2205561262299143e-25
"Zhu, Yisong",0.0005915159709312151,0.0,4.094933593583103e-05
"Xie, Guanshun",0.0005915159709312151,0.0,4.094933593583103e-05
"Li, Guohao",0.0005915159709312151,0.0,4.094933593583103e-05
"Song, Fei",0.0005915159709312151,0.0,4.094933593583103e-05
"Yu, Changqiang",0.0005915159709312151,0.0,4.094933593583103e-05
"Wu, Zhenjun",0.0005915159709312151,0.0,4.094933593583103e-05
"Xie, Xiuqiang",0.0005915159709312151,0.0,4.094933593583103e-05
"Zhang, Bei",0.0003380091262464086,0.0,2.8270769681145735e-05
"Zhuang, Jinyang",0.0003380091262464086,0.0,2.8270769681145735e-05
"Guan, Shiyou",0.0003380091262464086,0.0,2.8270769681145735e-05
"Li, Bing",0.0006760182524928173,0.00019268148398546438,2.856612889386814e-05
"Gao, Pan",0.0006760182524928173,0.0,9.268479242264837e-06
"Shi, Haiting",0.0006760182524928173,0.0,9.268479242264837e-06
"Ma, Tianshuai",0.0006760182524928173,0.0,9.268479242264837e-06
"Liang, Shuaitong",0.0006760182524928173,0.0,9.268479242264837e-06
"Xia, Yuanhua",0.0006760182524928173,0.0,9.268479242264837e-06
"Xu, Zhiwei",0.0006760182524928173,0.0,9.268479242264837e-06
"Min, Chunying",0.0006760182524928173,0.0,9.268479242264837e-06
"Liu, Liyan",0.0006760182524928173,0.0,9.268479242264837e-06
"Noman, Muhammad",0.0008450228156160215,0.0,9.782183344753056e-16
"Saqib, Qazi Muhammad",0.0008450228156160215,0.0,9.782183344753056e-16
"Patil, Swapnil R.",0.0008450228156160215,0.0,9.782183344753056e-16
"Patil, Chandrashekhar S.",0.0008450228156160215,0.0,9.782183344753056e-16
"Kim, Jungmin",0.0008450228156160215,0.0,9.782183344753056e-16
"Ko, Youngbin",0.0008450228156160215,0.0,9.782183344753056e-16
"Lee, Eunho",0.0008450228156160215,0.0,9.782183344753056e-16
"Hwang, Jinwoo",0.0008450228156160215,0.0,9.782183344753056e-16
"Bae, Jinho",0.0008450228156160215,0.0,9.782183344753056e-16
"Dong, Chengjun",0.0008450228156160215,0.00044088967081445734,7.526359148736928e-06
"Zhao, Rongjun",0.0007605205340544194,6.422716132848813e-05,5.326103671855364e-07
"Yao, Lijia",0.0007605205340544194,6.422716132848813e-05,5.326103671855364e-07
"Ran, Yan",0.00042251140780801076,0.0,5.159481221501646e-07
"Zhang, Xu",0.0015210410681088388,0.00024008027053746653,1.5654679646640644e-06
"Wang, Yude",0.0007605205340544194,6.422716132848813e-05,5.326103671855364e-07
"Han, Hongsong",0.000507013689369613,0.0,9.099199417150955e-07
"Hao, Chenchun",0.000507013689369613,0.0,9.099199417150955e-07
"Zeng, Pengbo",0.000507013689369613,0.0,9.099199417150955e-07
"Chen, Hui",0.0014365387865472366,0.0013322017407554458,0.00019005573670165637
"Liao, Luliang",0.0008450228156160215,0.0,0.0001441357744487341
"Liu, Jingjing",0.0012675342234240324,0.0005740265482754513,0.00019549247684662243
"Clites, Mallory",0.0003380091262464086,0.0,3.683167485230363e-33
"Andris, Ryan",0.0003380091262464086,0.0,3.683167485230363e-33
"Cullen, David A.",0.0003380091262464086,0.0,3.683167485230363e-33
"More, Karren L.",0.0003380091262464086,0.0,3.683167485230363e-33
"Pomerantsev, Ekaterina",0.0003380091262464086,0.0,3.683167485230363e-33
"Ju, Peng",0.0005915159709312151,0.0,0.00014681098841547895
"Cao, Jiazhen",0.0005915159709312151,0.0,0.00014681098841547895
"Zhai, Xiaofan",0.0005915159709312151,0.0,0.00014681098841547895
"Dou, Kunpeng",0.0005915159709312151,0.0,0.00014681098841547895
"Jiang, Fenghua",0.0005915159709312151,0.0,0.00014681098841547895
"Sun, Chengjun",0.0005915159709312151,0.0,0.00014681098841547895
"Cifuentes, Nasla",0.0003380091262464086,0.0,2.539556424982606e-16
"Guan, Rong-Feng",0.0003380091262464086,0.0,0.000841335341569181
"Huang, Xiaokun",0.00042251140780801076,0.0,5.556767538859653e-05
"Hu, Ziyang",0.00042251140780801076,0.0,5.556767538859653e-05
"Xu, Jie",0.00042251140780801076,0.0,5.556767538859653e-05
"Zhu, Yuejin",0.00042251140780801076,0.0,5.556767538859653e-05
"Fei, Weihua",0.0006760182524928173,6.881481570909449e-06,1.0594929907140979e-06
"Zhu, Chenxuan",0.0007605205340544194,0.0,2.073438964253325e-18
"Guo, Mingnv",0.0007605205340544194,0.0,2.073438964253325e-18
"Wang, Ziqi",0.0007605205340544194,0.0,2.073438964253325e-18
"He, Jiang",0.0007605205340544194,0.0,2.073438964253325e-18
"Qiu, Jiaqi",0.0007605205340544194,0.0,2.073438964253325e-18
"Guo, Yuxuan",0.0007605205340544194,0.0,2.073438964253325e-18
"Yan, Yunfei",0.0007605205340544194,0.0,2.073438964253325e-18
"Ran, Jingyu",0.0007605205340544194,0.0,2.073438964253325e-18
"Yang, Zhongqing",0.0007605205340544194,0.0,2.073438964253325e-18
"Kubacka, Anna",0.0007605205340544194,0.0,2.073438964253325e-18
"Li, Hong-Peng",0.0007605205340544194,0.0,0.00033557791062714643
"Wen, Jie",0.0007605205340544194,0.0,0.00033557791062714643
"Ding, Shu-Mei",0.0007605205340544194,0.0,0.00033557791062714643
"Ding, Jia-Bao",0.0007605205340544194,0.0,0.00033557791062714643
"Song, Zi-Hao",0.0007605205340544194,0.0,0.00033557791062714643
"Ge, Zhen",0.0007605205340544194,0.0,0.00033557791062714643
"Zhao, Rui-Zheng",0.0007605205340544194,0.0,0.00033557791062714643
"Li, Feng-Chao",0.0007605205340544194,0.0,0.00033557791062714643
"Zhao, Wen Kang",0.0006760182524928173,0.0,1.1873375919844751e-20
"Ma, Zi Qiang",0.0006760182524928173,0.0,1.1873375919844751e-20
"Zheng, Jia Yu",0.0006760182524928173,0.0,1.1873375919844751e-20
"Han, Chang Bao",0.0006760182524928173,0.0,1.1873375919844751e-20
"Zhou, Kai Ling",0.0006760182524928173,0.0,1.1873375919844751e-20
"Hao, Ming Yang",0.0006760182524928173,0.0,1.1873375919844751e-20
"Fang, De Cai",0.0006760182524928173,0.0,1.1873375919844751e-20
"Xia, Yi",0.0006760182524928173,0.0,1.1873375919844751e-20
"Yan, Hui",0.0006760182524928173,0.0,1.1873375919844751e-20
"Liu, Guangjian",0.000507013689369613,0.0,8.893758633376043e-06
"Luo, Jinzhi",0.000507013689369613,0.0,8.893758633376043e-06
"Zhang, Huifeng",0.000507013689369613,0.0,8.893758633376043e-06
"Fei, Linfeng",0.000507013689369613,0.0,8.893758633376043e-06
"Yuan, Jiaren",0.0010985296603008281,0.00028902222597819655,0.00014068404675928066
"Liao, Xiaxia",0.000507013689369613,0.0,8.893758633376043e-06
"Zhou, Yangbo",0.000507013689369613,0.0,8.893758633376043e-06
"Wang, Dehui",0.0003380091262464086,0.0,0.0193597423237056
"Hu, Jinwu",0.0010985296603008281,0.00011229913411960299,0.022592709755234974
"Wang, Ding",0.0010985296603008281,0.00011229913411960299,0.022592709755234974
"Li, Guisheng",0.0019435524759168496,0.002839436469640487,0.023907126055208144
"Singh, Jaspal",0.0009295250971776238,0.0,9.048371388462505e-28
"Soni, R. K.",0.0002535068446848065,0.0,2.6735309874707956e-28
"Han, Liping",0.0003380091262464086,0.0,0.00047977146256198165
"Wen, Hao",0.0003380091262464086,0.0,0.00047977146256198165
"Guo, Yuxi",0.0013520365049856345,0.0006926314166369263,0.002623127625980192
"Lin, Zhan",0.0003380091262464086,0.0,0.00047977146256198165
"Luo, Bin",0.0005915159709312151,0.00021852992201139404,0.00016857520393290717
"Zhao, Chuanxi",0.0013520365049856345,0.00031310741147637963,7.788673674829727e-09
"Liang, Zhimin",0.00042251140780801076,0.0,7.225306253237547e-09
"Su, Mingze",0.00042251140780801076,0.0,7.225306253237547e-09
"Liu, Pengyi",0.0008450228156160215,0.0004094481534691118,6.310096870291034e-08
"Mai, Wenjie",0.0013520365049856345,0.00031310741147637963,7.788673674829727e-09
"Xie, Weiguang",0.0008450228156160215,0.0004094481534691118,6.310096870291034e-08
"Li, Yanqiong",0.001014027378739226,7.483966496896438e-05,0.0017663657131918177
"Wang, Pan",0.000507013689369613,0.0,0.0017026058112730876
"Jin, Yongli",0.000507013689369613,0.0,0.0017026058112730876
"Huang, Xiaolong",0.000507013689369613,0.0,0.0017026058112730876
"Wei, Guodong",0.000507013689369613,0.0,0.0017026058112730876
"Zhao, Yuli",0.00042251140780801076,0.0,3.804634800704832e-15
"Wang, Mingyuan",0.0008450228156160215,0.0,6.866836648879436e-15
"Liu, Siwei",0.0008450228156160215,0.0,6.866836648879436e-15
"Zhang, Xiangzhao",0.0008450228156160215,0.0,6.866836648879436e-15
"Cho, Byungjin",0.0014365387865472366,8.450942280064228e-06,4.984598337680949e-12
"Kim, Ah Ra",0.001014027378739226,0.0,4.762901885528968e-12
"Kim, Dong Jae",0.001014027378739226,0.0,4.762901885528968e-12
"Chung, Hee-Suk",0.002112557039040054,0.00022479506464970846,5.819967929298993e-12
"Choi, Sun Young",0.001014027378739226,0.0,4.762901885528968e-12
"Kwon, Jung-Dae",0.001014027378739226,0.0,4.762901885528968e-12
"Park, Sang Won",0.001014027378739226,0.0,4.762901885528968e-12
"Kim, Yonghun",0.001014027378739226,0.0,4.762901885528968e-12
"Lee, Byoung Hun",0.001014027378739226,0.0,4.762901885528968e-12
"Kim, Dong-Ho",0.001014027378739226,0.0,4.762901885528968e-12
"Nam, Jaewook",0.001014027378739226,0.0,4.762901885528968e-12
"Hahm, Myung Gwan",0.001014027378739226,0.0,4.762901885528968e-12
"Wu, Keqi",0.000507013689369613,0.0,2.357890556573021e-06
"Ye, Zhiguo",0.000507013689369613,0.0,2.357890556573021e-06
"Ding, Yi",0.0012675342234240324,0.00028902222597819655,3.70873996860352e-05
"Zhu, Zhixiang",0.000507013689369613,0.0,2.357890556573021e-06
"Peng, Xinyuan",0.000507013689369613,0.0,2.357890556573021e-06
"Li, Duosheng",0.000507013689369613,0.0,2.357890556573021e-06
"Ma, Guang",0.000507013689369613,0.0,2.357890556573021e-06
"Gong, Hanqin",0.0007605205340544194,0.0,3.9342699376015384e-05
"Zheng, Feng",0.0007605205340544194,0.0,3.9342699376015384e-05
"Xu, Jiahe",0.0007605205340544194,0.0,3.9342699376015384e-05
"Sun, Chencen",0.0007605205340544194,0.0,3.9342699376015384e-05
"Gao, Liangchao",0.0007605205340544194,0.0,3.9342699376015384e-05
"Hu, Pengfei",0.0007605205340544194,0.0,3.9342699376015384e-05
"Gong, Yu",0.0007605205340544194,0.0,3.9342699376015384e-05
"Zhen, Qiang",0.0007605205340544194,0.0,3.9342699376015384e-05
"Bashir, Sajid",0.0007605205340544194,0.0,3.9342699376015384e-05
"Wang, Dandan",0.0013520365049856345,0.0002391686871441923,1.24210914761365e-05
"Yu, Bo",0.0005915159709312151,0.0,1.1289157823894714e-05
"Li, Hongji",0.0005915159709312151,0.0,1.1289157823894714e-05
"Liu, Qianyu",0.0005915159709312151,0.0,1.1289157823894714e-05
"Sun, Dongshu",0.0005915159709312151,0.0,1.1289157823894714e-05
"Wang, Jia",0.0010985296603008281,0.00019357662104568647,1.3579555002737258e-05
"Jamila, Ghulam Sughra",0.000507013689369613,0.0,2.4685571724024183e-21
"Amin, Mohammed A.",0.000507013689369613,0.0,2.4685571724024183e-21
"Ibrahim, Mohamed M.",0.000507013689369613,0.0,2.4685571724024183e-21
"Gao, X. Y.",0.0002535068446848065,0.0,6.570990368930812e-38
"Lu, P.",0.0002535068446848065,0.0,6.570990368930812e-38
"Xu, Z. M.",0.0002535068446848065,0.0,6.570990368930812e-38
"Tang, G. G.",0.0002535068446848065,0.0,6.570990368930812e-38
"Ran, Xinxin",0.0005915159709312151,0.0,1.4201041702565064e-07
"Chen, Ziyan",0.0005915159709312151,0.0,1.4201041702565064e-07
"Yan, Zerui",0.0005915159709312151,0.0,1.4201041702565064e-07
"Su, Jingyang",0.0002535068446848065,0.0,6.570990368930812e-38
"Geng, Ping",0.0002535068446848065,0.0,6.570990368930812e-38
"Li, Xinyong",0.0002535068446848065,0.0,6.570990368930812e-38
"Chen, Guohua",0.0002535068446848065,0.0,6.570990368930812e-38
"Murtaza, Maida",0.0001690045631232043,0.0,4.961725533464465e-44
"Shah, Waqas Ali",0.0001690045631232043,0.0,4.961725533464465e-44
"Waseem, Amir",0.0001690045631232043,0.0,4.961725533464465e-44
"Kang, Lixing",0.001014027378739226,0.0,0.0022640963021884498
"Song, Pin",0.0012675342234240324,0.002215599767287668,0.019512994969028804
"Zeng, Qingsheng",0.0019435524759168496,0.00037963128754860923,0.002688866039044123
"Tang, Bijun",0.0019435524759168496,0.00037963128754860923,0.002688866039044123
"Yang, Jiefu",0.001014027378739226,0.0,0.00226409630218845
"Tian, Dan",0.001014027378739226,0.0,0.00226409630218845
"Xu, Manzhang",0.001014027378739226,0.0,0.00226409630218845
"Zhao, Wu",0.001690045631232043,0.0001815494142795717,0.002392297607329675
"Qi, Xiaofei",0.001014027378739226,0.0,0.00226409630218845
"Rostami, Mojtaba",0.000507013689369613,0.0,4.511833119781916e-25
"Ziarani, Ghodsi Mohammadi",0.000507013689369613,0.0,4.511833119781916e-25
"Badiei, Alireza",0.000507013689369613,0.0,4.511833119781916e-25
"Ghasemi, Jahan bakhsh",0.000507013689369613,0.0,4.511833119781916e-25
"Khazaei, Mohammad",0.000507013689369613,0.0,4.511833119781916e-25
"Lee, Byeong Kyu",0.000507013689369613,0.0,4.511833119781916e-25
"Kafadi, Adamu David Gaima",0.00042251140780801076,0.0,4.841899601040337e-19
"Ndikilar, Chifu Ebenezer",0.00042251140780801076,0.0,4.841899601040337e-19
"Suleiman, Abdusallam Balarabe",0.00042251140780801076,0.0,4.841899601040337e-19
"Isah, Abubakar T.",0.00042251140780801076,0.0,4.841899601040337e-19
"Ovezmyradov, Bayrammyrat",0.0005915159709312151,0.0,3.891496589347934e-07
"Chen, Huiyuan",0.0005915159709312151,0.0,3.891496589347934e-07
"Duan, Shouzhen",0.0005915159709312151,0.0,3.891496589347934e-07
"Xue, Caihong",0.0005915159709312151,0.0,3.891496589347934e-07
"Ovezmyradov, Movlamberdi",0.0005915159709312151,0.0,3.891496589347934e-07
"Lyu, Fucong",0.0009295250971776238,0.0,1.8250764987911253e-05
"Jia, Zhe",0.0009295250971776238,0.0,1.8250764987911253e-05
"Zeng, Shanshan",0.0014365387865472366,0.0006743851939491253,1.8582096654652695e-05
"Ma, Fei-Xiang",0.0009295250971776238,0.0,1.8250764987911253e-05
"Pan, Lulu",0.0009295250971776238,0.0,1.8250764987911253e-05
"Cheng, Lizi",0.0009295250971776238,0.0,1.8250764987911253e-05
"Bao, Yan",0.0009295250971776238,0.0,1.8250764987911253e-05
"Sun, Ligang",0.0009295250971776238,0.0,1.8250764987911253e-05
"Ou, Weihui",0.0009295250971776238,0.0,1.8250764987911253e-05
"Du, Peng",0.001690045631232043,0.0008611066616284862,0.00012267169735571043
"Li, Yang Yang",0.0009295250971776238,0.0,1.8250764987911253e-05
"Lu, Jian",0.0014365387865472366,0.0008600904551276186,9.033217355612996e-05
"Peng, Huarong",0.0005915159709312151,0.0,2.3142954266434782e-05
"Li, Yanhong",0.0005915159709312151,0.0,2.3142954266434782e-05
"Liu, Chunli",0.0005915159709312151,0.0,2.3142954266434782e-05
"Wei, Xijun",0.0005915159709312151,0.0,2.3142954266434782e-05
"Dong, Hongmei",0.0005915159709312151,0.0,2.3142954266434782e-05
"Yang, Lin",0.002028054757478452,0.0011127462199738538,0.00019613277437692105
"Xie, Haiyan",0.0002535068446848065,0.0,0.00022874032125737715
"Li, Songling",0.0002535068446848065,0.0,0.00022874032125737715
"Zhang, Guoju",0.0006760182524928173,0.0,9.397816411770273e-07
"Yin, Kuibo",0.0006760182524928173,0.0,9.397816411770273e-07
"Zheng, Anqi",0.0006760182524928173,0.0,9.397816411770273e-07
"Pan, Rui",0.0006760182524928173,0.0,9.397816411770273e-07
"Cui, Fuhan",0.0006760182524928173,0.0,9.397816411770273e-07
"Jiang, Zhenjing",0.0006760182524928173,0.0,9.397816411770273e-07
"Huang, Yuheng",0.0006760182524928173,0.0,9.397816411770273e-07
"Tan, Zhiyuan",0.0006760182524928173,0.0,9.397816411770273e-07
"Ding, Chenfeng",0.0006760182524928173,0.0,2.2124202662928688e-10
"Xie, Peitao",0.0006760182524928173,0.0,2.2124202662928688e-10
"Yan, Xiaodong",0.0006760182524928173,0.0,2.2124202662928688e-10
"Feng, Mei",0.0006760182524928173,0.0,2.2124202662928688e-10
"Liu, Yaochun",0.0006760182524928173,0.0,2.2124202662928688e-10
"Liu, Chunzhao",0.0006760182524928173,0.0,2.2124202662928688e-10
"Yu, Yunhua",0.0006760182524928173,0.0,2.2124202662928688e-10
"Shi, Xiaowei",0.000507013689369613,0.0,0.00011480784283000777
"Zheng, Huajun",0.0008450228156160215,0.0005367664326981787,0.00015554009756215182
"Fujitsuka, Mamoru",0.000507013689369613,0.0,0.00011480784283000777
"Majima, Tetsuro",0.000507013689369613,0.0,0.00011480784283000777
"Zhu, Xi",0.0002535068446848065,0.0,2.6145496050246673e-05
"Wu, Yutong",0.0008450228156160215,2.8169807600214087e-07,7.247411195680353e-05
"Pan, Ziwei",0.0002535068446848065,0.0,2.6145496050246673e-05
"Lu, Wenqiang",0.0011830319418624302,0.0005716208615143917,0.0004443121437717375
"Lee, Junhee",0.000507013689369613,0.0,5.327153564675236e-26
"Hong, Nari",0.000507013689369613,0.0,5.327153564675236e-26
"Hong, Woongki",0.000507013689369613,0.0,5.327153564675236e-26
"Kim, Duhee",0.000507013689369613,0.0,5.327153564675236e-26
"Hwang, Yujin",0.000507013689369613,0.0,5.327153564675236e-26
"Jang, Jaewon",0.000507013689369613,0.0,5.327153564675236e-26
"Kang, Hongki",0.000507013689369613,0.0,5.327153564675236e-26
"Peng, Xiaomin",0.00042251140780801076,0.0,1.1188626004222905e-06
"Ayoko, Godwin A.",0.00042251140780801076,0.0,1.1188626004222905e-06
"Manikandan, S.",0.00042251140780801076,0.0,2.793203157953156e-29
"Sasikumar, D.",0.00042251140780801076,0.0,2.793203157953156e-29
"Dhinesh, S.",0.00042251140780801076,0.0,2.793203157953156e-29
"Seenivasan, S.",0.00042251140780801076,0.0,2.793203157953156e-29
"Manonmani, R.",0.00042251140780801076,0.0,2.793203157953156e-29
"Vijayakumar, P.",0.00042251140780801076,0.0,2.793203157953156e-29
"Zhang, Mutian",0.0007605205340544194,0.0,0.00014943357060269216
"Zhang, Chenyang",0.0007605205340544194,0.0,0.00014943357060269216
"Cao, Lin",0.0007605205340544194,0.0,0.00014943357060269216
"Zhang, Chunfeng",0.0007605205340544194,0.0,0.00014943357060269216
"Liu, Tengfei",0.0007605205340544194,0.0,0.00014943357060269216
"Kong, Debao",0.0007605205340544194,0.0,0.00014943357060269216
"Li, Wen",0.0007605205340544194,0.0,0.00014943357060269216
"Chen, Shougang",0.0007605205340544194,0.0,0.00014943357060269216
"Thomas, S.",0.0002535068446848065,0.0,6.570990368930812e-38
"Jose, A.",0.0002535068446848065,0.0,6.570990368930812e-38
"Thanveer, T.",0.0002535068446848065,0.0,6.570990368930812e-38
"Anantharaman, M. R.",0.0002535068446848065,0.0,6.570990368930812e-38
"Guo, Tianchao",0.0007605205340544194,4.592221070624975e-06,5.7524775616516624e-05
"Ling, Cuicui",0.0007605205340544194,4.592221070624975e-06,5.7524775616516624e-05
"Zhang, Teng",0.0007605205340544194,4.592221070624975e-06,5.7524775616516624e-05
"Li, Xiaofang",0.0006760182524928173,0.0,5.673646978773811e-05
"Chang, Xiao",0.0006760182524928173,0.0,5.673646978773811e-05
"Zhao, Lin",0.0014365387865472366,0.002195299632969619,0.00012489824386322247
"Xue, Qingzhong",0.0007605205340544194,4.592221070624975e-06,5.7524775616516624e-05
"Zhang, Jin",0.0029575798546560756,0.002794984168605681,0.0010074585375574217
"Zhu, Gangqiang",0.000507013689369613,0.0,6.416650450531134e-05
"Liu, Weiguo",0.000507013689369613,0.0,6.416650450531134e-05
"Xi, Yingxue",0.000507013689369613,0.0,6.416650450531134e-05
"Golosov, D. A.",0.000507013689369613,0.0,6.416650450531134e-05
"Zavadski, S. M.",0.000507013689369613,0.0,6.416650450531134e-05
"Melnikov, S. N.",0.000507013689369613,0.0,6.416650450531134e-05
"Sadhasivam, S.",0.00042251140780801076,0.0,2.793203157953156e-29
"Anbarasan, N.",0.00042251140780801076,0.0,2.793203157953156e-29
"Gunasekaran, A.",0.00042251140780801076,0.0,2.793203157953156e-29
"Sadhasivam, T.",0.00042251140780801076,0.0,2.793203157953156e-29
"Jeganathan, K.",0.00042251140780801076,0.0,2.793203157953156e-29
"Oh, T. H.",0.00042251140780801076,0.0,2.793203157953156e-29
"Chen, Qianyuan",0.0005915159709312151,0.0,4.4631792464730176e-05
"Wang, Zhongchi",0.0005915159709312151,0.0,4.4631792464730176e-05
"Chen, Keqiang",0.001014027378739226,0.00014451111298909827,0.00035104291791050155
"Fu, Qiang",0.0005915159709312151,0.0,4.4631792464730176e-05
"Liu, Yueli",0.0011830319418624302,0.0001664820995506367,0.0003546363238306854
"Zhang, Yupeng",0.0005915159709312151,0.0,4.4631792464730176e-05
"Li, Delong",0.0005915159709312151,0.0,4.4631792464730176e-05
"Pan, Chunxu",0.0005915159709312151,0.0,4.4631792464730176e-05
"Sun, Haoming",0.0012675342234240324,9.21903640455467e-06,3.512885821054659e-05
"Cao, Meng",0.0005915159709312151,0.0,1.4363694083066318e-05
"Zhang, Pinhua",0.001605543349670441,0.0016309775031962206,6.366063631865987e-05
"Tian, Xiaojing",0.0009295250971776238,2.1251319890079173e-06,3.075648283981053e-05
"Lu, Manli",0.0012675342234240324,9.126846040509123e-06,3.512885821054659e-05
"Du, Lulu",0.0012675342234240324,9.126846040509123e-06,3.512885821054659e-05
"Xue, Kaifeng",0.0012675342234240324,9.126846040509123e-06,3.512885821054659e-05
"Cui, Guangliang",0.001605543349670441,0.0016309775031962206,6.366063631865988e-05
"Raheman, Shakeelur A. R.",0.0002535068446848065,0.0,6.570990368930812e-38
"Mane, Rupali S.",0.0002535068446848065,0.0,6.570990368930812e-38
"Wilson, Higgins M.",0.0002535068446848065,0.0,6.570990368930812e-38
"Jha, Neetu",0.0002535068446848065,0.0,6.570990368930812e-38
"Zhao, Shirong",0.0008450228156160215,0.0,3.898171554623811e-07
"Liu, Yunjie",0.0008450228156160215,0.0,3.898171554623811e-07
"Wu, Yupeng",0.0008450228156160215,0.0,3.898171554623811e-07
"Liu, Yingming",0.0008450228156160215,0.0,3.898171554623811e-07
"Guo, Fuhai",0.0008450228156160215,0.0,3.898171554623811e-07
"Yu, Weizhuo",0.0008450228156160215,0.0,3.898171554623811e-07
"Liu, Guanchu",0.0008450228156160215,0.0,3.898171554623811e-07
"Hao, Jingyi",0.0008450228156160215,0.0,3.898171554623811e-07
"Wang, Han",0.0015210410681088388,0.00038536296797092877,4.0092711429646973e-07
"Hao, Lanzhong",0.0008450228156160215,0.0,3.898171554623811e-07
"Zheng, Rui",0.0005915159709312151,0.0,0.00036259511550525294
"Huang, Kelei",0.0008450228156160215,0.0,0.0004119104043971788
"Guan, Ying",0.0005915159709312151,0.0,0.00036259511550525294
"Sun, Bo",0.0011830319418624302,0.0006626146878380246,0.00039175850474029884
"Shi, Quanquan",0.0012675342234240324,0.00026398250913024784,0.027463068051955964
"Zhang, Xinyu",0.002112557039040054,0.005624773787509515,0.03054094596382129
"Li, Zhiwen",0.0003380091262464086,0.0,0.004773096029565784
"Raza, Ali",0.0003380091262464086,0.0,0.004773096029565784
"Tao, Yinan",0.0008450228156160215,0.0,3.0097044318876792e-05
"Liu, Xiaona",0.0008450228156160215,0.0,3.0097044318876792e-05
"Han, Ruiqi",0.0006760182524928173,0.0,5.862419274685818e-05
"Wu, Zhenting",0.0006760182524928173,0.0,5.862419274685818e-05
"Tan, Xin",0.0006760182524928173,0.0,5.862419274685818e-05
"Meng, ShuangYan",0.0006760182524928173,0.0,5.862419274685818e-05
"Korcoban, Dilek",0.00042251140780801076,0.0,2.793203157953156e-29
"Kandjani, Ahmad E.",0.00042251140780801076,0.0,2.793203157953156e-29
"Coyle, Victoria E.",0.00042251140780801076,0.0,2.793203157953156e-29
"Alenezy, Ebtsam K.",0.00042251140780801076,0.0,2.793203157953156e-29
"Bhargava, Suresh K.",0.00042251140780801076,0.0,2.793203157953156e-29
"Sabri, Ylias",0.00042251140780801076,0.0,2.793203157953156e-29
"Kim, Eugene",0.0010985296603008281,0.0,5.1070264176775e-06
"Kim, Yongchul",0.0010985296603008281,0.0,5.1070264176775e-06
"Hamkins, Kiran",0.0010985296603008281,0.0,5.1070264176775e-06
"Baek, Jihyun",0.0010985296603008281,0.0,5.1070264176775e-06
"Kim, Minjoong",0.0010985296603008281,0.0,5.1070264176775e-06
"Liu, Tae-Kyung",0.0010985296603008281,0.0,5.1070264176775e-06
"Lee, Jung Hwan",0.0010985296603008281,0.0,5.1070264176775e-06
"Jang, Gyu Yong",0.0010985296603008281,0.0,5.1070264176775e-06
"Lee, Kug-Seung",0.0010985296603008281,0.0,5.1070264176775e-06
"Lee, Geunsik",0.0010985296603008281,0.0,5.1070264176775e-06
"Zheng, Xiaolin",0.0010985296603008281,0.0,5.1070264176775e-06
Hang Nguyen Thai Phung,0.00042251140780801076,0.0,2.793203157953156e-29
Van Nguyen Khanh Tran,0.00042251140780801076,0.0,2.793203157953156e-29
Lam Thanh Nguyen,0.00042251140780801076,0.0,2.793203157953156e-29
Loan Kieu Thi Phan,0.00042251140780801076,0.0,2.793203157953156e-29
Phuong Ai Duong,0.00042251140780801076,0.0,2.793203157953156e-29
Hung Vu Tuan Le,0.00042251140780801076,0.0,2.793203157953156e-29
"Zhang, Zihang",0.00042251140780801076,0.0,0.0002172455711986755
"Sun, Chenxi",0.00042251140780801076,0.0,0.0002172455711986755
"Han, Weiguang",0.00042251140780801076,0.0,0.0002172455711986755
"Zhen, Mengmeng",0.00042251140780801076,0.0,0.0002172455711986755
"Liu, Huiling",0.00042251140780801076,0.0,0.0002172455711986755
"Xie, Lijia",0.0005915159709312151,0.0,1.1425665845264265e-05
"Wu, Piaopiao",0.0005915159709312151,0.0,1.1425665845264265e-05
"Lei, Qiong",0.0005915159709312151,0.0,1.1425665845264265e-05
"Xu, Chong",0.0009295250971776238,1.0466166977618004e-05,1.3322798515182691e-05
"Huang, Weiya",0.0005915159709312151,0.0,1.1425665845264265e-05
"Chen, Xunjun",0.0005915159709312151,0.0,1.1425665845264265e-05
"He, Hua",0.0005915159709312151,0.0,1.1425665845264265e-05
"Gao, Liping",0.0003380091262464086,0.0,1.551299805651769e-20
"Cao, Jincheng",0.0003380091262464086,0.0,1.551299805651769e-20
"Wang, Junhai",0.0003380091262464086,0.0,1.551299805651769e-20
"Jung, Byung Oh",0.0003380091262464086,0.0,4.5145701518426696e-21
"Kwon, Yong Hun",0.0003380091262464086,0.0,4.5145701518426696e-21
"Seo, Dong Ju",0.0003380091262464086,0.0,4.5145701518426696e-21
"Lee, Dong Seon",0.0003380091262464086,0.0,4.5145701518426696e-21
"Cho, Hyung Koun",0.001014027378739226,0.0,2.299943965847094e-20
"Li, Na",0.0006760182524928173,0.0,1.1873375919844751e-20
"Han, Lu",0.0006760182524928173,0.0,1.1873375919844751e-20
"Zhang, Hainan",0.0006760182524928173,0.0,1.1873375919844751e-20
"Huang, Juntong",0.0006760182524928173,0.0,1.1873375919844751e-20
"Luo, Xudong",0.0006760182524928173,0.0,1.1873375919844751e-20
"Li, Xibao",0.0006760182524928173,0.0,1.1873375919844751e-20
"Wang, Yuanhao",0.0006760182524928173,0.0,1.1873375919844751e-20
"Qian, Weiqi",0.0006760182524928173,0.0,1.1873375919844751e-20
"Yang, Ya",0.0006760182524928173,0.0,1.1873375919844751e-20
"Verma, Atul",0.000507013689369613,0.0,5.327153564675236e-26
"Dhanaraman, Esakkinaveen",0.000507013689369613,0.0,5.327153564675236e-26
"Zhang, Yi-Jing",0.000507013689369613,0.0,5.327153564675236e-26
"Gonzalez-Julian, Jesus",0.000507013689369613,0.0,5.327153564675236e-26
"Chiang, Cheng-Kang",0.000507013689369613,0.0,5.327153564675236e-26
"Lee, Chuan-Pei",0.000507013689369613,0.0,5.327153564675236e-26
"Fu, Yen-Pei",0.000507013689369613,0.0,5.327153564675236e-26
"Shen, Zhenjiang",0.0010985296603008281,7.85614442811826e-05,0.008009437314194439
"Zheng, Zhaoke",0.0003380091262464086,0.0,2.669087966114003e-07
"Xie, Wen",0.0003380091262464086,0.0,2.669087966114003e-07
"Lim, Zhi Shiuh",0.0003380091262464086,0.0,2.669087966114003e-07
"You, Lu",0.0003380091262464086,0.0,2.669087966114003e-07
"Wang, Junling",0.0007605205340544194,0.00019268148398546438,4.72605364782332e-06
"Littlejohn, Aaron J.",0.0008450228156160215,0.0,2.2127524400699098e-16
"Yang, Yunbo",0.0008450228156160215,0.0,2.2127524400699098e-16
"Lu, Zonghuan",0.0008450228156160215,0.0,2.2127524400699098e-16
"Shin, Eunsung",0.0008450228156160215,0.0,2.2127524400699098e-16
"Pan, KuanChang",0.0008450228156160215,0.0,2.2127524400699098e-16
"Subramanyam, Guru",0.0008450228156160215,0.0,2.2127524400699098e-16
"Vasilyev, Vladimir",0.0008450228156160215,0.0,2.2127524400699098e-16
"Leedy, Kevin",0.0008450228156160215,0.0,2.2127524400699098e-16
"Quach, Tony",0.0008450228156160215,0.0,2.2127524400699098e-16
"Lu, Toh-Ming",0.0008450228156160215,0.0,2.2127524400699098e-16
"Wang, Gwo-Ching",0.0008450228156160215,0.0,2.2127524400699098e-16
"Kwon, Hyunguk",0.000507013689369613,0.0,3.1186352441719587e-20
"Lee, Yonghee",0.000507013689369613,0.0,3.1186352441719587e-20
"Ravi, Parnapalli",0.000507013689369613,0.0,3.1186352441719587e-20
"Yang, Jun-Mo",0.000507013689369613,0.0,3.1186352441719587e-20
"Bafaqeer, Abdullah",0.0008450228156160215,0.00033719259697456266,2.067182917576285e-06
"Guo, Jinghe",0.000507013689369613,0.0,8.778781712024362e-17
"Wang, Yanxiang",0.0013520365049856345,0.0,4.492873653052662e-16
"Li, Yingfan",0.000507013689369613,0.0,8.778781712024362e-17
"Dai, Shichao",0.000507013689369613,0.0,8.778781712024362e-17
"Ding, Bohan",0.000507013689369613,0.0,8.778781712024362e-17
"Liu, Dongming",0.000507013689369613,0.0,8.778781712024362e-17
"Sun, Yue",0.000507013689369613,0.0,8.778781712024362e-17
"Ma, Jun",0.0010985296603008281,9.634074199273219e-05,3.841565059675343e-06
"Zhou, Yuanming",0.0009295250971776238,0.0,3.823716358135684e-06
"Ma, Dong",0.0009295250971776238,0.0,3.823716358135684e-06
"Deng, Zhihan",0.0006760182524928173,0.0,3.138237728985165e-06
"Luo, Mingming",0.0006760182524928173,0.0,3.138237728985165e-06
"Hu, Kang",0.0005915159709312151,0.0,3.699138722121488e-23
"Li, Ruiqi",0.0005915159709312151,0.0,3.699138722121488e-23
"Ye, Chenlu",0.0005915159709312151,0.0,3.699138722121488e-23
"Wang, Anqi",0.0005915159709312151,0.0,3.699138722121488e-23
"Wei, Weiqi",0.0005915159709312151,0.0,3.699138722121488e-23
"Hu, Di",0.0005915159709312151,0.0,3.699138722121488e-23
"Qiu, Rongliang",0.0005915159709312151,0.0,3.699138722121488e-23
"Yan, Kai",0.0005915159709312151,0.0,3.699138722121488e-23
"Tang, Zhen-Kun",0.0003380091262464086,0.0,3.683167485230363e-33
"Luo, Lin-Tao",0.0003380091262464086,0.0,3.683167485230363e-33
"Deng, Xiao-Hui",0.0003380091262464086,0.0,3.683167485230363e-33
"Zhang, Deng-Yu",0.0003380091262464086,0.0,3.683167485230363e-33
"Chen, Mingyang",0.0003380091262464086,0.0,3.683167485230363e-33
"Zhu, Hongmin",0.0013520365049856345,0.00043712891050844225,2.9778780846511425e-05
"Yuan, Zhenyu",0.0007605205340544194,0.0,2.1531946744604542e-06
"Shen, Yanbai",0.0003380091262464086,0.0,1.7235807240524367e-06
"Gao, Hongliang",0.00042251140780801076,0.0,1.8025724815910218e-06
"Meng, Fanli",0.0007605205340544194,0.0,2.1531946744604542e-06
"Huang, Fujiang",0.00042251140780801076,0.0,0.013235381221920143
"Shi, Xiang",0.00042251140780801076,0.0,0.013235381221920143
"Xu, Hangmin",0.00042251140780801076,0.0,0.013235381221920143
"Xu, Liangliang",0.0013520365049856345,0.00038536296797092877,0.027377570626274432
"Liu, Baocang",0.0006760182524928173,0.0,0.02665184379588044
"Han, Zhongkan",0.0006760182524928173,0.0,0.02665184379588044
"Zhan, Wenwen",0.000507013689369613,0.0,2.4791706564579174e-05
"Zhao, Jianwei",0.0009295250971776238,0.002309870772803793,8.791988566483612e-05
"Sun, Liming",0.000507013689369613,0.0,2.479170656457917e-05
"Wang, Xiaojun",0.001014027378739226,0.0003714798545915497,2.5786492504741315e-05
"Han, Xiguang",0.000507013689369613,0.0,2.479170656457917e-05
"Gan, Guangmei",0.00042251140780801076,0.0,3.933540286302295e-06
"Yin, Lin",0.00042251140780801076,0.0,3.933540286302295e-06
"Wang, Xiaotian",0.00042251140780801076,0.0,3.933540286302295e-06
"Xing, Juyuan",0.00042251140780801076,0.0,3.933540286302295e-06
"Li, Yuan",0.0014365387865472366,0.00033719259697456266,6.567468037272322e-05
"Zhang, Gaoke",0.0005915159709312151,0.0,4.258323187541285e-06
"Kohan, Mojtaba Gilzad",0.0007605205340544194,0.0,3.769854584149849e-17
"You, Shujie",0.0007605205340544194,0.0,3.769854584149849e-17
"Morales, Edgar Abarca",0.0007605205340544194,0.0,3.769854584149849e-17
"Mazzaro, Raffaello",0.0007605205340544194,0.0,3.769854584149849e-17
"Morandi, Vittorio",0.0007605205340544194,0.0,3.769854584149849e-17
"Ren, Juanjuan",0.0006760182524928173,0.0,3.3611415049404256e-05
"Wang, Lili",0.001014027378739226,0.0005866174009872357,9.674960199157655e-05
"Gong, Qianqian",0.0006760182524928173,0.0,3.3611415049404256e-05
"Xuan, Jingyue",0.0006760182524928173,0.0,3.3611415049404256e-05
"Zhang, Qi",0.0011830319418624302,0.00027697809395735014,3.491147740068191e-05
"Liu, Bo",0.0026195707284096667,0.0013995930824552342,0.00019365081839197603
"Chen, Li",0.001014027378739226,0.0013651264316876769,0.00016892307451439018
"Li, Jianfu",0.000507013689369613,0.0,3.645411565297736e-05
"Shi, Changmin",0.000507013689369613,0.0,3.645411565297736e-05
"Wang, Dongchao",0.0010985296603008281,0.0009457023841604477,4.519746481924079e-05
"Vikraman, Dhanasekaran",0.0012675342234240324,0.0,1.6919496621598434e-11
"Liu, Hailiang",0.0012675342234240324,0.0,1.6919496621598434e-11
"Hussain, Sajjad",0.0012675342234240324,0.0,1.6919496621598434e-11
"Karuppasamy, K.",0.0010985296603008281,0.0,1.5674012302841632e-11
"Youi, Hae-Kyung",0.0005915159709312151,0.0,9.15063071571414e-12
"Jung, Jongwan",0.0012675342234240324,0.0,1.6919496621598434e-11
"Kang, Jungwon",0.0012675342234240324,0.0,1.6919496621598434e-11
"Kim, Hyun-Seok",0.0012675342234240324,0.0,1.6919496621598434e-11
"Zhang, Runzhi",0.0007605205340544194,0.0,8.566028602968465e-18
"Huang, Lirong",0.0007605205340544194,0.0,8.566028602968465e-18
"Jiang, Ronghua",0.0007605205340544194,0.0,8.566028602968465e-18
"Hou, Yanping",0.0007605205340544194,0.0,8.566028602968465e-18
"Zhang, Boge",0.0007605205340544194,0.0,8.566028602968465e-18
"Huang, Yiyi",0.0007605205340544194,0.0,8.566028602968465e-18
"Ye, Bo",0.0007605205340544194,0.0,8.566028602968465e-18
"Zhang, Yalan",0.0007605205340544194,0.0,8.566028602968465e-18
"Lin, Ting-Han",0.0003380091262464086,0.0,3.6219868545081154e-28
"Chang, Yin-Hsuan",0.0003380091262464086,0.0,3.6219868545081154e-28
"Chiang, Kuo-Ping",0.0003380091262464086,0.0,3.6219868545081154e-28
"Wang, Jer-Chyi",0.0003380091262464086,0.0,3.6219868545081154e-28
"Xiong, Jun",0.0002535068446848065,0.0,0.01814262595087476
"Di, Jun",0.0007605205340544194,2.802805484074053e-05,0.03178225975131544
"Tripathi, Satyam",0.0003380091262464086,0.0,3.683167485230363e-33
"Singh, Surya Prakash",0.0003380091262464086,0.0,3.683167485230363e-33
"Tripathi, Shubham",0.0003380091262464086,0.0,3.683167485230363e-33
"Kumar, Atul",0.0003380091262464086,0.0,3.683167485230363e-33
"Chauhan, Pratima",0.0003380091262464086,0.0,3.683167485230363e-33
"Xiong, Ge",0.0005915159709312151,0.0,0.000460781987637005
"Shen, Shuling",0.0005915159709312151,0.0,0.000460781987637005
"Xiao, Shuning",0.0012675342234240324,0.001395771067903044,0.0012840496599088134
"Cai, Cong",0.0005915159709312151,0.0,0.00046078198763700506
"Zhang, Pengfei",0.0011830319418624302,0.0007272130378968221,0.0004711965941906909
"Tang, Zhihong",0.0005915159709312151,0.0,0.00046078198763700506
"Yang, Junhe",0.0005915159709312151,0.0,0.00046078198763700506
"Aggarwal, Maansi",0.0003380091262464086,0.0,1.3328591821302038e-13
"Basu, Soumen",0.0003380091262464086,0.0,1.3328591821302038e-13
"Shetti, Nagaraj P.",0.0003380091262464086,0.0,1.3328591821302038e-13
"Nadagouda, Mallikarjuna N.",0.0003380091262464086,0.0,1.3328591821302038e-13
"Jia, Huimin",0.0003380091262464086,0.0,8.17537548275011e-09
"Wang, Ya",0.0003380091262464086,0.0,8.17537548275011e-09
"Yang, Yiting",0.0003380091262464086,0.0,8.17537548275011e-09
"Liu, Chuang",0.0003380091262464086,0.0,8.17537548275011e-09
"He, Weiwei",0.0007605205340544194,0.00019268148398546438,1.454055984378577e-07
"Sheng, Minhao",0.0010985296603008281,1.6056790332122033e-05,0.00014789553225197174
"Bin, Xiaoqing",0.0010985296603008281,1.6056790332122033e-05,0.00014789553225197174
"Huang, Liqian",0.001014027378739226,0.0,0.00014691549746637128
"Fu, Lei",0.001014027378739226,0.0,0.00014691549746637128
"Liu, Xiangyang",0.001014027378739226,0.0,0.00014691549746637128
"Zhao, Yingji",0.001014027378739226,0.0,0.00014691549746637128
"Que, Wenxiu",0.0010985296603008281,1.6056790332122033e-05,0.00014789553225197174
"Zhang, Liying",0.001014027378739226,0.0,0.00014691549746637128
"Yamauchi, Yusuke",0.0038871049518336993,0.0034914475858266246,0.0006885901529451883
"Asakura, Yusuke",0.001014027378739226,0.0,0.00014691549746637128
"Bano, Tahira",0.0003380091262464086,0.0,1.3128208030879891e-21
"Murtaza, Maria",0.0003380091262464086,0.0,1.3128208030879891e-21
"Riaz, Rehana",0.0003380091262464086,0.0,1.3128208030879891e-21
"Deka, Himangshu",0.0001690045631232043,0.0,4.961725533464465e-44
"Sunaniya, Arun Kumar",0.0001690045631232043,0.0,4.961725533464465e-44
"Agarwal, Pratima",0.0001690045631232043,0.0,4.961725533464465e-44
"Ding, Yanhua",0.000507013689369613,0.0,3.6251084712731203e-05
"Zhang, Jianyong",0.000507013689369613,0.0,3.6251084712731203e-05
"Fu, Bin",0.000507013689369613,0.0,3.6251084712731203e-05
"Zheng, Xinfeng",0.000507013689369613,0.0,3.6251084712731203e-05
"Fang, Yongzheng",0.000507013689369613,0.0,3.6251084712731203e-05
"Liu, Rui",0.0009295250971776238,0.0,4.298057730147682e-06
"Sun, Mingzi",0.0009295250971776238,0.0,4.298057730147682e-06
"Liu, Xiangjian",0.0009295250971776238,0.0,4.298057730147682e-06
"Lv, Zunhang",0.0009295250971776238,0.0,4.298057730147682e-06
"Yu, Xinyu",0.0009295250971776238,0.0,4.298057730147682e-06
"Liu, Yarong",0.0009295250971776238,0.0,4.298057730147682e-06
"Li, Liuhua",0.0009295250971776238,0.0,4.298057730147682e-06
"Feng, Xiao",0.0009295250971776238,0.0,4.298057730147682e-06
"Yang, Wenxiu",0.0009295250971776238,0.0,4.298057730147682e-06
"Huang, Bolong",0.0009295250971776238,0.0,4.298057730147682e-06
"Malik, Ritu",0.0002535068446848065,0.0,6.570990368930812e-38
"Tomer, Vijay K.",0.0002535068446848065,0.0,6.570990368930812e-38
"Sain, Mohini",0.0002535068446848065,0.0,6.570990368930812e-38
"Chen, Zhongwei",0.0002535068446848065,0.0,6.570990368930812e-38
"Chen, Lijun",0.0003380091262464086,0.0,3.683167485230363e-33
"Su, Guanwen",0.0003380091262464086,0.0,3.683167485230363e-33
"Wang, Chenguang",0.0003380091262464086,0.0,3.683167485230363e-33
"Dang, Leping",0.0003380091262464086,0.0,3.683167485230363e-33
"Wei, Hongyuan",0.0003380091262464086,0.0,3.683167485230363e-33
"Liu, Jianfeng",0.0003380091262464086,0.0,9.022419812636761e-07
"He, Junshan",0.0003380091262464086,0.0,9.022419812636761e-07
"Yadav, Anjali",0.0001690045631232043,0.0,4.961725533464465e-44
"Varshney, Shailendra K.",0.0001690045631232043,0.0,4.961725533464465e-44
"Lahiri, Basudev",0.0001690045631232043,0.0,4.961725533464465e-44
"Zhou, Fanxiang",0.0005915159709312151,0.0,0.0002201388192555302
"Ding, Xingchen",0.0005915159709312151,0.0,0.0002201388192555302
"Feng, Mengmeng",0.0005915159709312151,0.0,0.0002201388192555302
"Sun, Le",0.0005915159709312151,0.0,0.0002201388192555302
"Lu, Jiali",0.0005915159709312151,0.0,0.0002201388192555302
"Xue, Xiaoqiang",0.0005915159709312151,0.0,0.0002201388192555302
"Li, Yi-Lei",0.000507013689369613,0.0,0.0016895396842150053
"Wang, Xiao-Jing",0.000507013689369613,0.0,0.0016895396842150053
"Hao, Ying-Juan",0.000507013689369613,0.0,0.0016895396842150053
"Zhao, Jun",0.001014027378739226,0.0009972957110331803,0.0017496097898881328
"Mu, Hui-Ying",0.000507013689369613,0.0,0.0016895396842150053
"Li, Fa-Tang",0.000507013689369613,0.0,0.0016895396842150053
"Liu, Wenyi",0.0008450228156160215,0.0,6.718967676523409e-07
"Huang, Haoliang",0.0008450228156160215,0.0,6.718967676523409e-07
"Jiang, Zhongyuan",0.0008450228156160215,0.0,6.718967676523409e-07
"Wang, Jianlin",0.0008450228156160215,0.0,6.718967676523409e-07
"Yang, Yuanjun",0.0008450228156160215,0.0,6.718967676523409e-07
"Chen, Zezhi",0.0008450228156160215,0.0,6.718967676523409e-07
"Liu, Huan",0.001690045631232043,0.0006743851939491253,7.942296924382496e-06
"Huang, Qiuping",0.0008450228156160215,0.0,6.71896767652341e-07
"Peng, Ranran",0.0008450228156160215,0.0,6.71896767652341e-07
"Fu, Zhengping",0.0008450228156160215,0.0,6.71896767652341e-07
"Lu, Yalin",0.0008450228156160215,0.0,6.71896767652341e-07
"Li, Feihu",0.0012675342234240324,0.0,2.513902499141922e-05
"Yang, Bowen",0.0012675342234240324,0.0,2.513902499141922e-05
"Li, Jingkun",0.0012675342234240324,0.0,2.513902499141922e-05
"Long, Yangyang",0.0012675342234240324,0.0,2.513902499141922e-05
"Zhang, Zichang",0.0012675342234240324,0.0,2.513902499141922e-05
"Wang, Zhipeng",0.0012675342234240324,0.0,2.513902499141922e-05
"Wang, Jiabao",0.0012675342234240324,0.0,2.513902499141922e-05
"Chen, Guangqiang",0.0012675342234240324,0.0,2.513902499141922e-05
"Zhang, Ziqiang",0.0012675342234240324,0.0,2.513902499141922e-05
"Yang, Ruiming",0.0012675342234240324,0.0,2.513902499141922e-05
"Wang, Kan",0.0012675342234240324,0.0,2.513902499141922e-05
"Zou, Weihua",0.0012675342234240324,0.0,2.513902499141922e-05
"Fang, Fang",0.0012675342234240324,0.0,2.513902499141922e-05
"Zhang, Yeguang",0.0012675342234240324,0.0,2.513902499141922e-05
"Zhan, Zili",0.0012675342234240324,0.0,2.513902499141922e-05
"Huang, Chuqi",0.0006760182524928173,0.0,1.1873375919844751e-20
"Nie, Jianhang",0.0006760182524928173,0.0,1.1873375919844751e-20
"Xu, Zhenyang",0.0006760182524928173,0.0,1.1873375919844751e-20
"Zhang, Xiaohua",0.0006760182524928173,0.0,1.1873375919844751e-20
"Tang, Jie",0.0006760182524928173,0.0,1.1873375919844751e-20
"Wang, Biao",0.0006760182524928173,0.0,1.1873375919844751e-20
"Huang, Junlin",0.0006760182524928173,0.0,1.1873375919844751e-20
"Du, Cuicui",0.0006760182524928173,0.0,1.1873375919844751e-20
"Chen, Jinhua",0.0006760182524928173,0.0,1.1873375919844751e-20
"Gao, Caitian",0.001014027378739226,7.41757422843093e-05,0.0004058984086372907
"Zhang, Zemin",0.0007605205340544194,0.0,0.00035632970767600765
"Li, Xiaodong",0.001605543349670441,0.004434872879684996,0.0014281281849892905
"Chen, Lulu",0.0012675342234240324,8.75229754612861e-05,0.00043685789978024036
"Wang, Youqing",0.0012675342234240324,8.75229754612861e-05,0.00043685789978024036
"He, Yongmin",0.0007605205340544194,0.0,0.00035632970767600765
"Teng, Feng",0.001690045631232043,0.0013560949367634333,0.00048235770089863903
"Zhou, Jinyuan",0.001014027378739226,8.043437334233212e-06,0.00038728919881895736
"Xie, Erqing",0.00312658441777928,0.0033850091438682793,0.0021031408469945273
"Kannan, Karthik",0.00042251140780801076,0.0,2.793203157953156e-29
"Gautam, Jagadis",0.00042251140780801076,0.0,2.793203157953156e-29
"Chanda, Debabrata",0.00042251140780801076,0.0,2.793203157953156e-29
"Meshesha, Mikiyas Mekete",0.00042251140780801076,0.0,2.793203157953156e-29
"Jang, Seok Guyon",0.00042251140780801076,0.0,2.793203157953156e-29
"Yang, Bee Lyong",0.00042251140780801076,0.0,2.793203157953156e-29
"Wang, Haiyan",0.0003380091262464086,0.0,3.683167485230363e-33
"Jiang, Hao",0.0003380091262464086,0.0,3.683167485230363e-33
"Hu, Yanjie",0.0003380091262464086,0.0,3.683167485230363e-33
"Deng, Zongnan",0.0003380091262464086,0.0,3.683167485230363e-33
"Li, Chunzhong",0.0003380091262464086,0.0,3.683167485230363e-33
"Shi, Hongfei",0.0006760182524928173,0.0,1.2861217671907955e-05
"Jin, Tao",0.0006760182524928173,0.0,1.2861217671907955e-05
"Li, Jianping",0.0006760182524928173,0.0,1.2861217671907955e-05
"Li, Yanlin",0.0006760182524928173,0.0,1.2861217671907955e-05
"Chang, Yuqing",0.0006760182524928173,0.0,1.2861217671907955e-05
"Jin, Zhaohui",0.0006760182524928173,0.0,1.2861217671907955e-05
"Jiang, Wei",0.0010985296603008281,0.0003409038761770757,1.931589901766184e-05
"Qu, Xiaoshu",0.0006760182524928173,0.0,1.2861217671907955e-05
"Chen, Zhe",0.0011830319418624302,0.0006573705372097811,0.0001707802788097073
"Ahmad, Jahangir",0.0001690045631232043,0.0,4.961725533464465e-44
"Majid, Kowsar",0.0001690045631232043,0.0,4.961725533464465e-44
"Dar, M. Abdullah",0.0001690045631232043,0.0,4.961725533464465e-44
"Ke, Tao",0.0003380091262464086,0.0,3.683167485230363e-33
"Shen, Shuyi",0.0003380091262464086,0.0,3.683167485230363e-33
"Yang, Kun",0.0003380091262464086,0.0,3.683167485230363e-33
"Lin, Daohui",0.0003380091262464086,0.0,3.683167485230363e-33
"Huang, Yufei",0.0005915159709312151,0.0,1.4657991730703468e-05
"Wei, Ding",0.0005915159709312151,0.0,1.4657991730703468e-05
"Li, Ziyi",0.0005915159709312151,0.0,1.4657991730703468e-05
"Mao, Yu",0.0005915159709312151,0.0,1.4657991730703468e-05
"Huang, Yangqiang",0.0005915159709312151,0.0,1.4657991730703468e-05
"Jin, Bo",0.0005915159709312151,0.0,1.4657991730703468e-05
"Luo, Xiao",0.001605543349670441,0.00033719259697456266,0.00021641695566221495
"Liang, Zhiwu",0.0005915159709312151,0.0,1.465799173070347e-05
"Niu, Mang",0.0001690045631232043,0.0,5.038410698413211e-07
"Cheng, Daojian",0.0001690045631232043,0.0,5.038410698413211e-07
"Li, Teng",0.0003380091262464086,0.0,3.7151212635648195e-05
"Zhang, Lijun",0.0003380091262464086,0.0,3.7151212635648195e-05
"Yan, Teng",0.0003380091262464086,0.0,3.7151212635648195e-05
"Zhang, Jingjing",0.00042251140780801076,0.0,0.0016320489242677954
"Xiong, Qi",0.00042251140780801076,0.0,0.0016320489242677954
"Ping, Guichen",0.00042251140780801076,0.0,0.0016320489242677954
"Qian, Qingyi",0.00042251140780801076,0.0,0.0016320489242677954
"Yan, Xiaolin",0.00042251140780801076,0.0,0.0016320489242677954
"Chen, Zhuoyuan",0.0008450228156160215,4.911607168008757e-05,2.4295254431402874e-05
"Ma, Li",0.0005915159709312151,0.0,2.24340627483691e-05
"Hou, Jian",0.001014027378739226,0.00024085185498183047,2.2746843696361312e-05
"Feng, Chang",0.0007605205340544194,9.457006837214731e-07,2.4241345835848193e-05
"Jing, Jiangping",0.0007605205340544194,9.457006837214731e-07,2.4241345835848193e-05
"Sun, Mengmeng",0.0025350684468480648,0.0013245037328435251,0.0003154602622815338
"Chen, Dongchu",0.0005915159709312151,0.0,2.24340627483691e-05
"Lu, Xingxin",0.0005915159709312151,0.0,3.283048914977191e-07
"Peng, Shenghang",0.0005915159709312151,0.0,3.283048914977191e-07
"Li, Rong",0.0005915159709312151,0.0,3.283048914977191e-07
"Zhang, Qifan",0.0005915159709312151,0.0,3.283048914977191e-07
"Zou, Jian-Ping",0.0005915159709312151,0.0,3.283048914977191e-07
"Chen, Xuxing",0.0005915159709312151,0.0,3.283048914977191e-07
"Itoh, Eiji",0.0002535068446848065,0.0,2.4598552326558998e-40
"Sakai, Shota",0.0001690045631232043,0.0,1.92059692882817e-40
"Fukuda, Katsutoshi",0.0002535068446848065,0.0,2.4598552326558998e-40
"Tang, Can",0.00042251140780801076,0.0,2.8957096986065115e-05
"Lu, Shun",0.0007605205340544194,2.4085185498183048e-05,0.00014309823366661473
"Zeng, Yi",0.00042251140780801076,0.0,2.8957096986065115e-05
"Hua, Qingsong",0.0007605205340544194,2.4085185498183048e-05,0.00014309823366661473
"Zhang, Yongxing",0.0007605205340544194,2.4085185498183048e-05,0.00014309823366661473
"Shen, Boyuan",0.000507013689369613,0.0,5.045678275523671e-05
"Xie, Huanhuan",0.000507013689369613,0.0,5.045678275523671e-05
"Bai, Yunxiang",0.000507013689369613,0.0,5.045678275523671e-05
"Zhu, Zhenxing",0.000507013689369613,0.0,5.045678275523671e-05
"Wei, Fei",0.000507013689369613,0.0,5.045678275523671e-05
"Kuo, Mingtao",0.00042251140780801076,0.0,2.6367846144812517e-06
"Chen, Shentao",0.00042251140780801076,0.0,2.6367846144812517e-06
"Holm, Alexander",0.000507013689369613,0.0,5.095898626364579e-06
"Park, Joonsuk",0.000507013689369613,0.0,5.095898626364579e-06
"Goodman, Emmett D.",0.000507013689369613,0.0,5.095898626364579e-06
"Sinclair, Robert",0.000507013689369613,0.0,5.095898626364579e-06
"Cargnello, Matteo",0.000507013689369613,0.0,5.095898626364579e-06
"Frank, Curtis W.",0.000507013689369613,0.0,5.095898626364579e-06
"Rajeswari, M.",0.0002535068446848065,0.0,6.570990368930812e-38
"Vanasundari, K.",0.0002535068446848065,0.0,6.570990368930812e-38
"Mahalakshmi, G.",0.0002535068446848065,0.0,6.570990368930812e-38
"Ponnarasi, P.",0.0002535068446848065,0.0,6.570990368930812e-38
"Liu, Jiarong",0.0005915159709312151,0.0,1.224540042880225e-06
"Le, Pho Thi",0.0002535068446848065,0.0,6.570990368930812e-38
"Nguyen, Khanh Quang",0.0002535068446848065,0.0,6.570990368930812e-38
"Doan, Tin Chanh Duc",0.0002535068446848065,0.0,6.570990368930812e-38
"Pham, Viet Van",0.0002535068446848065,0.0,6.570990368930812e-38
"Wang, Zihan",0.00042251140780801076,0.0,1.4623859606478725e-06
"Tian, Xinyao",0.00042251140780801076,0.0,1.4623859606478725e-06
"Si, Jilei",0.0005915159709312151,0.0,1.591618029583878e-06
"Melo, Mauricio A.",0.00042251140780801076,0.0,1.4623859606478723e-06
"Shi, Yantian",0.0006760182524928173,0.0,7.311680325107e-05
"Liu, Yaojia",0.0006760182524928173,0.0,7.311680325107e-05
"Ding, Kexin",0.0006760182524928173,0.0,7.311680325107e-05
"Jiang, Degang",0.0006760182524928173,0.0,7.311680325107e-05
"Zhou, Hong",0.0021970593206016562,0.006329612109436478,0.00022021577998122642
"Wang, Guojie",0.000507013689369613,0.0,4.879642539031374e-05
"Jiu, Tonggang",0.000507013689369613,0.0,4.879642539031374e-05
"Li, Pandeng",0.000507013689369613,0.0,4.879642539031374e-05
"Sun, Chunming",0.000507013689369613,0.0,4.879642539031374e-05
"Lu, Fushen",0.000507013689369613,0.0,4.879642539031374e-05
"Fang, Junfeng",0.000507013689369613,0.0,4.879642539031374e-05
"Xu, Yuanhong",0.0003380091262464086,0.0,1.720721791262798e-07
"Wang, Xiaoxia",0.0008450228156160215,0.00019268148398546438,3.065461114647364e-06
"Zhang, Wen Ling",0.0003380091262464086,0.0,1.720721791262798e-07
"Lv, Fan",0.0003380091262464086,0.0,1.720721791262798e-07
"Guo, Shaojun",0.0003380091262464086,0.0,1.720721791262798e-07
"Kong, Xiangchen",0.00042251140780801076,0.0,6.5977433025373475e-18
"Huang, Huiming",0.00042251140780801076,0.0,6.5977433025373475e-18
"Li, Zhaoyang",0.001014027378739226,8.450942280064227e-07,1.6269040535508285e-17
"Liang, Yanqin",0.001014027378739226,8.450942280064227e-07,1.6269040535508285e-17
"Li, Zhenguo",0.00042251140780801076,0.0,6.5977433025373475e-18
"Zhu, Shengli",0.001014027378739226,8.450942280064227e-07,1.6269040535508282e-17
"Sun, Xingjun",0.0009295250971776238,0.0,0.00010691570407826486
"Zhang, Rui",0.002028054757478452,0.004306912104058309,0.0005216547567423009
"Feng, Deqiang",0.0009295250971776238,0.0,0.00010691570407826486
"Chen, Changzhao",0.0009295250971776238,0.0,0.00010691570407826486
"Fan, Lingling",0.0009295250971776238,0.0,0.00010691570407826486
"Liu, Hui",0.0011830319418624302,0.00014451111298909827,0.00010772193013277607
"Cheng, Yahui",0.0009295250971776238,0.0,0.00010691570407826486
"Wei, Pingping",0.000507013689369613,0.0,5.655549808808836e-05
"Cai, Hanyong",0.000507013689369613,0.0,5.655549808808836e-05
"Chen, Jialiang",0.000507013689369613,0.0,5.327153564675236e-26
"Liao, Ya",0.000507013689369613,0.0,5.327153564675236e-26
"Wan, Xia",0.000507013689369613,0.0,5.327153564675236e-26
"Tie, Shaolong",0.000507013689369613,0.0,5.327153564675236e-26
"Zhang, Binglin",0.000507013689369613,0.0,5.327153564675236e-26
"Lan, Sheng",0.000507013689369613,0.0,5.327153564675236e-26
"Gao, Xingsen",0.000507013689369613,0.0,5.327153564675236e-26
"Bera, Susmita",0.0002535068446848065,0.0,1.304333910491517e-33
"Kumari, Ankita",0.0002535068446848065,0.0,1.304333910491517e-33
"Ghosh, Srabanti",0.000507013689369613,0.0,2.511394403694978e-33
"Basu, Rajendra N.",0.0002535068446848065,0.0,1.3043339104915174e-33
"Jin, Juncheng",0.0007605205340544194,0.0,7.217321545929112e-05
"Chen, Ruixin",0.001014027378739226,1.354901440891058e-05,0.00017204364447545944
"Cao, Yan-Qiang",0.0005915159709312151,0.0,1.149443044006895e-05
"Zi, Tao-Qing",0.0005915159709312151,0.0,1.149443044006895e-05
"Zhao, Xi-Rui",0.0005915159709312151,0.0,1.149443044006895e-05
"Liu, Chang",0.001014027378739226,0.0002787769877898258,1.6341460104148366e-05
"Fang, Jia-Bin",0.0005915159709312151,0.0,1.149443044006895e-05
"Li, Wei-Ming",0.0005915159709312151,0.0,1.149443044006895e-05
"Li, Ai-Dong",0.0005915159709312151,0.0,1.149443044006895e-05
"Liu, Jingjun",0.0002535068446848065,0.0,5.199322268950388e-06
"Zhou, Haiping",0.0002535068446848065,0.0,5.199322268950388e-06
"Wang, Chongze",0.0006760182524928173,0.0,0.00015277737802471403
"Jia, Yu",0.0006760182524928173,0.0,0.00015277737802471403
"Qi, Yuhang",0.0013520365049856345,0.00038536296797092877,0.0001569651069304234
"Yang, Xinan",0.0006760182524928173,0.0,0.00015277737802471403
"Wang, Yingyi",0.0005915159709312151,0.0,1.5597546067642513e-05
"Dai, Yanbing",0.0005915159709312151,0.0,1.5597546067642513e-05
"Li, Guanghui",0.0005915159709312151,0.0,1.5597546067642513e-05
"Wang, Shuqi",0.0005915159709312151,0.0,1.5597546067642513e-05
"Li, Tie",0.0005915159709312151,0.0,1.5597546067642513e-05
"Zhang, Ting",0.0005915159709312151,0.0,1.5597546067642513e-05
"Qin, Sujie",0.0005915159709312151,0.0,1.5597546067642513e-05
"Er, Pei Wen",0.000507013689369613,0.0,3.321381346562375e-05
"Siraj, Mohammad",0.0006760182524928173,2.6569879834834664e-06,3.6221451757191996e-05
"Alias, Hajar",0.0006760182524928173,0.00015896433491295318,3.354859986656185e-05
"Fatehmulla, Amanullah",0.0018590501943552475,0.0016472665574774805,0.0005135990780970589
"Liang, Yuan-Chang",0.0001690045631232043,0.0,4.961725533464465e-44
"Chang, Yen-Cheng",0.0001690045631232043,0.0,4.961725533464465e-44
"Zhao, Wei-Cheng",0.0001690045631232043,0.0,4.961725533464465e-44
"Ray, Rajeev",0.0001690045631232043,0.0,4.961725533464465e-44
"Nakka, Nagaraju",0.0001690045631232043,0.0,4.961725533464465e-44
"Pal, Suman Kalyan",0.0001690045631232043,0.0,4.961725533464465e-44
"Cui, Junyan",0.0005915159709312151,0.0,2.3059724564435686e-05
"Bai, Xiaosong",0.0005915159709312151,0.0,2.3059724564435686e-05
"Liu, Ruichao",0.0005915159709312151,0.0,2.3059724564435686e-05
"Yang, Daoyuan",0.0005915159709312151,0.0,2.3059724564435686e-05
"Xu, Tingting",0.0005915159709312151,0.0,2.3059724564435686e-05
"Shan, Chongxin",0.0005915159709312151,0.0,2.3059724564435686e-05
"Liu, ZhangSheng",8.450228156160216e-05,0.0,1.1672423683483423e-52
"Xu, JiaWei",8.450228156160216e-05,0.0,1.1672423683483423e-52
"Baharvand, Hossein",0.0003380091262464086,0.0,3.683167485230363e-33
"Nemati, Shiva",0.0003380091262464086,0.0,3.683167485230363e-33
"Zhu, Yu-Xun",0.00042251140780801076,0.0,2.5383441830331477e-05
"Jiang, Mei-Yan",0.00042251140780801076,0.0,2.5383441830331477e-05
"Wu, Lian-Kui",0.00042251140780801076,0.0,2.5383441830331477e-05
"Hou, Guang-Ya",0.00042251140780801076,0.0,2.5383441830331477e-05
"Tang, Yi-Ping",0.00042251140780801076,0.0,2.5383441830331477e-05
"Wang, Yijun",0.0003380091262464086,0.0,5.440689356590074e-06
"Li, Jinhua",0.0017745479127936454,0.000597312600354939,9.678498088654858e-05
"Shi, Kaixi",0.0003380091262464086,0.0,5.440689356590074e-06
"Tan, Fengxue",0.0003380091262464086,0.0,5.440689356590074e-06
"Wang, Wanyu",0.0003380091262464086,0.0,5.440689356590074e-06
"Li, Jianan",0.0005915159709312151,0.0,1.3572549730419623e-05
"Wang, Lijuan",0.001014027378739226,0.0023136456577417365,1.7447411136944626e-05
"Jia, Xinglin",0.0005915159709312151,0.0,1.3572549730419623e-05
"Zhang, Yuanyuan",0.0010985296603008281,0.00784151958964141,0.00017146030633437322
"Yang, Hang",0.0005915159709312151,0.0,1.3572549730419623e-05
"Zhou, Qing",0.0005915159709312151,0.0,1.3572549730419623e-05
"Chen, Jiaxin",0.0008450228156160215,0.0,1.1289440059296015e-06
"Qu, Xuanxuan",0.0008450228156160215,0.0,1.1289440059296015e-06
"Zhao, Peng",0.0003380091262464086,0.0,5.278512022204308e-07
"Wang, Huanhuan",0.000507013689369613,0.0,5.719884324057026e-07
"Xu, Ruiqi",0.000507013689369613,0.0,5.719884324057026e-07
"Niu, Hushan",0.000507013689369613,0.0,5.719884324057026e-07
"Wang, Yameng",0.0008450228156160215,0.0,0.00041593342088677037
"Lang, Jihui",0.0008450228156160215,0.0,0.00041593342088677037
"Zuo, Bin",0.0008450228156160215,0.0,0.00041593342088677037
"Yu, Zihan",0.0008450228156160215,0.0,0.00041593342088677037
"Cui, Keyu",0.0008450228156160215,0.0,0.00041593342088677037
"Li, Xuefei",0.0008450228156160215,0.0,0.00041593342088677037
"Yu, Jianmin",0.0007605205340544194,0.0,2.073438964253325e-18
"Seo, Sohyeon",0.0007605205340544194,0.0,2.073438964253325e-18
"Luo, Yongguang",0.0007605205340544194,0.0,2.073438964253325e-18
"Sun, Yan",0.0007605205340544194,0.0,2.073438964253325e-18
"Oh, Simgeon",0.0007605205340544194,0.0,2.073438964253325e-18
"Nguyen, Chau T. K.",0.0007605205340544194,0.0,2.073438964253325e-18
"Seo, Changwon",0.0007605205340544194,0.0,2.073438964253325e-18
"Kim, Ji-Hee",0.0007605205340544194,0.0,2.073438964253325e-18
"Kim, Joonsoo",0.0007605205340544194,0.0,2.073438964253325e-18
"Lee, Hyoyoung",0.0007605205340544194,0.0,2.073438964253325e-18
"Jang, Ji-Soo",0.0008450228156160215,2.112735570016057e-06,1.0966560353514805e-23
"Choi, Seon-Jin",0.00042251140780801076,0.0,5.8382099379077556e-24
"Koo, Won-Tae",0.00042251140780801076,0.0,5.8382099379077556e-24
"Kim, Sang-Joon",0.00042251140780801076,0.0,5.8382099379077556e-24
"Cheong, Jun Young",0.00042251140780801076,0.0,5.8382099379077556e-24
"Kim, Il-Doo",0.0008450228156160215,2.112735570016057e-06,1.0966560353514805e-23
"Fernando, Niranjala",0.0009295250971776238,0.0,0.008437276507823237
"Swaminathan, Jayashree",0.0009295250971776238,0.0,0.008437276507823237
"Hernandez, Francisco Carlos Robles",0.0009295250971776238,0.0,0.008437276507823237
"Priyadarshana, Gayan",0.0009295250971776238,0.0,0.008437276507823237
"Sandaruwan, Chanaka",0.0009295250971776238,0.0,0.008437276507823237
"Yang, Wenli",0.0009295250971776238,0.0,0.008437276507823237
"Karunaratne, Veranja",0.0009295250971776238,0.0,0.008437276507823237
"Wang, Zixing",0.0009295250971776238,0.0,0.008437276507823237
"Amaratunga, Gehan A. J.",0.0009295250971776238,0.0,0.008437276507823237
"Kottegoda, Nilwala",0.0009295250971776238,0.0,0.008437276507823237
"Meiyazhagan, Ashokkumar",0.0009295250971776238,0.0,0.008437276507823237
"Su, Ke",0.0006760182524928173,3.78819889932879e-06,2.0629062757132568e-05
"Lamkaouane, Hind",0.0008450228156160215,0.0,2.2127524400699098e-16
"Ftouhi, Hajar",0.0008450228156160215,0.0,2.2127524400699098e-16
"Richard-Plouet, Mireille",0.0008450228156160215,0.0,2.2127524400699098e-16
"Gautier, Nicolas",0.0008450228156160215,0.0,2.2127524400699098e-16
"Stephant, Nicolas",0.0008450228156160215,0.0,2.2127524400699098e-16
"Zazoui, Mimoun",0.0008450228156160215,0.0,2.2127524400699098e-16
"Addou, Mohammed",0.0008450228156160215,0.0,2.2127524400699098e-16
"Cattin, Linda",0.0008450228156160215,0.0,2.2127524400699098e-16
"Bernede, Jean Christian",0.0008450228156160215,0.0,2.2127524400699098e-16
"Mir, Yamina",0.0008450228156160215,0.0,2.2127524400699098e-16
"Louarn, Guy",0.0008450228156160215,0.0,2.2127524400699098e-16
"Lin, Yalan",0.000507013689369613,0.0,9.969868863059843e-07
"Huang, Bingqian",0.000507013689369613,0.0,9.969868863059843e-07
"Chen, Yixie",0.000507013689369613,0.0,9.969868863059843e-07
"Fu, Qingwei",0.000507013689369613,0.0,9.969868863059843e-07
"Huang, Haoyang",0.000507013689369613,0.0,9.969868863059843e-07
"Zhuang, Zanyong",0.000507013689369613,0.0,9.969868863059843e-07
"Zhang, Mingxin",0.0006760182524928173,0.0,3.535595400798574e-05
"Zhao, Zhihui",0.0006760182524928173,0.0,3.535595400798574e-05
"Hui, Bin",0.0006760182524928173,0.0,3.535595400798574e-05
"Sun, Jianhua",0.0006760182524928173,0.0,3.535595400798574e-05
"Sun, Jianxin",0.0006760182524928173,0.0,3.535595400798574e-05
"Tian, Weiliang",0.0006760182524928173,0.0,3.535595400798574e-05
"Zhang, Ziqi",0.0006760182524928173,0.0,3.535595400798574e-05
"Xia, Yanzhi",0.0006760182524928173,0.0,3.535595400798574e-05
"Lu, Chunhui",0.0012675342234240324,3.380376912025691e-06,1.1968621971483683e-16
"Yang, Dan",0.0006760182524928173,4.2254711400321136e-07,6.055284179314101e-17
"Ma, Jingyao",0.0006760182524928173,4.2254711400321136e-07,6.055284179314101e-17
"Luo, Mingwei",0.001014027378739226,0.0,1.0683762714852876e-16
"Jin, Yanping",0.00042251140780801076,0.0,4.770424922683295e-17
"Xu, Xinlong",0.0012675342234240324,3.380376912025691e-06,1.1968621971483683e-16
"Lin, Wei",0.000507013689369613,0.0,2.3862099425348823e-05
"Hu, Hao",0.000507013689369613,0.0,2.3862099425348823e-05
"Liu, Chunxia",0.000507013689369613,0.0,2.3862099425348823e-05
"Cai, Qiong",0.000507013689369613,0.0,2.3862099425348823e-05
"Zhou, Shijian",0.000507013689369613,0.0,2.3862099425348823e-05
"Kong, Yan",0.000507013689369613,0.0,2.3862099425348823e-05
"Peng, Jingjun",0.000507013689369613,0.0,1.1889538968429803e-06
"Yang, Jianying",0.000507013689369613,0.0,1.1889538968429803e-06
"Chen, Bei",0.000507013689369613,0.0,1.1889538968429803e-06
"Zheng, Delun",0.000507013689369613,0.0,1.1889538968429803e-06
"Chen, Yaowen",0.000507013689369613,0.0,1.1889538968429803e-06
"Zhang, Shu",0.000507013689369613,0.0,5.216056450885531e-05
"Lei, Yong",0.001605543349670441,0.0011782485176181526,0.00010089009904540848
"Zhong, Xin",0.00042251140780801076,0.0,6.175366111288603e-06
"Liang, Xinmeng",0.00042251140780801076,0.0,6.175366111288603e-06
"Lin, Xinyu",0.0009295250971776238,0.0020221821391615885,7.878835174335259e-05
"Zeeshan Shahid, Malik",0.00042251140780801076,0.0,6.175366111288603e-06
"Ao, Yanhui",0.0013520365049856345,0.001525149806256999,8.904453586217611e-05
"Xu, Junling",0.000507013689369613,0.0,1.702320801459338e-05
"Wang, Peifang",0.0007605205340544194,0.00035071349370231937,7.650649119488188e-05
"Hou, Jun",0.000507013689369613,0.0,1.702320801459338e-05
"Qian, Jin",0.0014365387865472366,0.0009848511094259127,8.007897652666545e-05
"Umer, Muhammad",0.0002535068446848065,0.0,2.0246914146359734e-06
"Azam, Muhammad Usman",0.0002535068446848065,0.0,2.0246914146359734e-06
"Jaffar, Mohammad Musaab",0.0002535068446848065,0.0,2.0246914146359734e-06
"Liang, Feng-Xia",0.000507013689369613,0.0,1.8647363358595246e-05
"Zhang, Deng-Yue",0.000507013689369613,0.0,1.8647363358595246e-05
"Wang, Jiu-Zhen",0.000507013689369613,0.0,1.8647363358595246e-05
"Kong, Wei-Yu",0.000507013689369613,0.0,1.8647363358595246e-05
"Zhang, Zhi-Xiang",0.0006760182524928173,3.2011145000243283e-06,2.093413535282887e-05
"Luo, Lin-Bao",0.0006760182524928173,3.2011145000243283e-06,2.093413535282887e-05
"Nguyen, Thanh Tai",0.00042251140780801076,0.0,8.628563667065764e-14
"Murali, G.",0.0012675342234240324,1.6056790332122033e-05,3.7021614823961023e-13
"Park, Seongmin",0.00042251140780801076,0.0,8.628563667065764e-14
"In, Insik",0.0012675342234240324,1.6056790332122033e-05,3.7021614823961023e-13
"Zhao, Xianfeng",0.0006760182524928173,1.1744405299490773e-05,0.0008190478734888638
"Yan, Xiaoxu",0.0006760182524928173,1.1744405299490773e-05,0.0008190478734888638
"Sun, Minghong",0.0005915159709312151,0.0,0.0002531791010336761
"Ji, Xinpeng",0.0005915159709312151,0.0,0.0002531791010336761
"Gan, Xiaoyan",0.00042251140780801076,0.0,2.793203157953156e-29
"Wang, Ou",0.00042251140780801076,0.0,2.793203157953156e-29
"Liu, Keyong",0.00042251140780801076,0.0,2.793203157953156e-29
"Du, Xiangjun",0.00042251140780801076,0.0,2.793203157953156e-29
"Guo, Liling",0.00042251140780801076,0.0,2.793203157953156e-29
"Liu, Hanxing",0.00042251140780801076,0.0,2.793203157953156e-29
"Wang, Hong-En",0.0014365387865472366,0.00018286319537646738,0.0006301913043270154
"Zhao, Xu",0.0005915159709312151,0.0,8.597119852987331e-05
"Li, Xuecheng",0.0005915159709312151,0.0,8.597119852987331e-05
"Wang, Zhenyu",0.0005915159709312151,0.0,8.597119852987331e-05
"Liu, Chaofeng",0.0005915159709312151,0.0,8.597119852987331e-05
"Lu, Zhouguang",0.0005915159709312151,0.0,8.597119852987331e-05
"Zhang, Wenjun",0.0005915159709312151,0.0,8.597119852987331e-05
"Cao, Guozhong",0.001690045631232043,0.0013223263355279429,0.0006768294927748308
"Huang, Guangyu",0.0005915159709312151,0.0,0.02311283530843204
"Yin, Xiaoshuang",0.0005915159709312151,0.0,0.02311283530843204
"Yang, Wenzhong",0.0005915159709312151,0.0,0.02311283530843204
"Feng, Chao",0.0005915159709312151,0.0,0.02311283530843204
"Chen, Yun",0.0005915159709312151,0.0,0.02311283530843204
"Ashraf, Waseem",0.0001690045631232043,0.0,4.961725533464465e-44
"Parvez, Syed Hasan",0.0001690045631232043,0.0,4.961725533464465e-44
"Khanuja, Manika",0.0001690045631232043,0.0,4.961725533464465e-44
"Duan, Xiaoyang",0.000507013689369613,0.0,8.159708685925544e-24
"Xu, Dan",0.000507013689369613,0.0,8.159708685925544e-24
"Jia, Wenjun",0.000507013689369613,0.0,8.159708685925544e-24
"Li, Ran",0.000507013689369613,0.0,8.159708685925544e-24
"Sun, Bohao",0.000507013689369613,0.0,8.159708685925544e-24
"Yan, Ruitian",0.000507013689369613,0.0,8.159708685925544e-24
"Deng, Wei",0.0003380091262464086,0.0,3.435896103889955e-05
"Shao, Yifan",0.00042251140780801076,0.0,3.5859655487002035e-05
"Guo, Siyu",0.0003380091262464086,0.0,3.435896103889955e-05
"Wu, Quanxuan",0.00042251140780801076,0.0,2.793203157953156e-29
"Dong, Anqi",0.00042251140780801076,0.0,2.793203157953156e-29
"Yang, Chuncheng",0.00042251140780801076,0.0,2.793203157953156e-29
"Ye, Lin",0.00042251140780801076,0.0,2.793203157953156e-29
"Zhao, Lijun",0.00042251140780801076,0.0,2.793203157953156e-29
"Jiang, Qing",0.00042251140780801076,0.0,2.793203157953156e-29
"Han, Bin",0.0002535068446848065,0.0,3.965377011396235e-06
"Liu, Siqi",0.0002535068446848065,0.0,3.965377011396235e-06
"Xu, Xiaohui",0.00042251140780801076,0.0,3.2742859727564327e-06
"Ma, Shuyi",0.0010985296603008281,0.00024085185498183047,5.4729835488190856e-05
"Xu, Xiaoli",0.00042251140780801076,0.0,3.2742859727564327e-06
"Pei, Shitu",0.00042251140780801076,0.0,3.2742859727564327e-06
"Han, Ting",0.00042251140780801076,0.0,3.2742859727564327e-06
"Liu, Wangwang",0.00042251140780801076,0.0,3.2742859727564327e-06
"Jiang, Chuanxing",0.0002535068446848065,0.0,4.502351120556786e-05
"Sun, Yan'e",0.0002535068446848065,0.0,4.502351120556786e-05
"Song, Jun",0.0005915159709312151,0.0,0.00037562920374221753
"Yu, Jianyong",0.0005915159709312151,0.0,0.00037562920374221753
"Sun, Gang",0.0005915159709312151,0.0,0.00037562920374221753
"Si, Yang",0.0005915159709312151,0.0,0.00037562920374221753
"Ding, Bin",0.0005915159709312151,0.0,0.00037562920374221753
"Alruqi, Adel",0.0002535068446848065,0.0,1.3347144816047702e-23
"Jasinski, Jacek",0.0002535068446848065,0.0,1.3347144816047702e-23
"Sumanasekera, Gamini",0.0002535068446848065,0.0,1.3347144816047702e-23
"Zhang, Ran",0.00042251140780801076,0.0,1.463814118463484e-06
"Wu, Jiaming",0.00042251140780801076,0.0,1.463814118463484e-06
"An, Sufeng",0.00042251140780801076,0.0,1.463814118463484e-06
"Monny, Sabiha Akter",0.000507013689369613,0.0,5.604392050989181e-05
"Wang, Zhiliang",0.000507013689369613,0.0,5.604392050989181e-05
"Konarova, Muxina",0.000507013689369613,0.0,5.604392050989181e-05
"Du, Aijun",0.001014027378739226,0.00031474984434763154,5.729198932261271e-05
"Besra, S.",0.000507013689369613,0.0,5.327153564675236e-26
"Belakroum, K.",0.000507013689369613,0.0,5.327153564675236e-26
"Iaiche, S.",0.000507013689369613,0.0,5.327153564675236e-26
"Aouf, D.",0.000507013689369613,0.0,5.327153564675236e-26
"Rahmani, Y.",0.000507013689369613,0.0,5.327153564675236e-26
"Belkhalfa, H.",0.000507013689369613,0.0,5.327153564675236e-26
"Henni, A.",0.000507013689369613,0.0,5.327153564675236e-26
"Fu, Yong",0.001014027378739226,0.0,1.2850890129364822e-09
"Liu, Yujin",0.00042251140780801076,0.0,9.079381741819524e-10
"Ma, Kun",0.00042251140780801076,0.0,9.079381741819524e-10
"Ji, Zhong",0.00042251140780801076,0.0,9.079381741819524e-10
"Morinson-Negrete, Juan David",0.0001690045631232043,0.0,4.961725533464465e-44
"Ortega-Lopez, Cesar",0.0001690045631232043,0.0,4.961725533464465e-44
"Espitia-Rico, Miguel J.",0.0001690045631232043,0.0,4.961725533464465e-44
"Pan, Jing",0.0003380091262464086,0.0,3.683167485230363e-33
"Wang, Hongxia",0.0003380091262464086,0.0,3.683167485230363e-33
"Xu, Lina",0.0003380091262464086,0.0,3.683167485230363e-33
"Zhang, Jingjia",0.0003380091262464086,0.0,3.683167485230363e-33
"Zhao, Jingxiang",0.0003380091262464086,0.0,3.683167485230363e-33
"Hu, Hanmei",0.00042251140780801076,0.0,2.844250032024631e-05
"Ye, Fang",0.00042251140780801076,0.0,2.844250032024631e-05
"Wang, Tao",0.00312658441777928,0.010004968509337651,0.0003745325796656568
"Xu, Rui",0.0015210410681088388,0.002354339143648966,7.820682884194608e-05
"Zhu, Yibin",0.00042251140780801076,0.0,2.844250032024631e-05
"Girish Kumar, S.",8.450228156160216e-05,0.0,1.4219283044179462e-07
"Wang, Yilin",0.0026195707284096667,0.0013924822261450114,0.0001809959030842693
"Zhao, Zhenlong",0.00042251140780801076,0.0,9.094010137463375e-05
"Sun, Rui",0.00042251140780801076,0.0,9.094010137463375e-05
"Zhang, Ziqing",0.0009295250971776238,0.00012036234172564409,0.00038613240163824975
"Lu, Chunlin",0.0002535068446848065,0.0,1.5676344400441067e-08
"Zhang, Yunwang",0.0002535068446848065,0.0,1.5676344400441067e-08
"Liu, Shenye",0.0002535068446848065,0.0,1.5676344400441067e-08
"Wang, Siyuan",0.000507013689369613,0.0,6.170999049293599e-08
"Lai, Haojie",0.000507013689369613,0.0,6.170999049293599e-08
"Lv, Xinyue",0.000507013689369613,0.0,6.170999049293599e-08
"Chen, Qiulan",0.000507013689369613,0.0,6.170999049293599e-08
"Kim, Seong Hwan",0.0008450228156160215,0.0,3.3502841770204437e-12
"Park, Ji-Yong",0.0006760182524928173,0.0,3.109066483975816e-12
"Lee, Minseong",0.0002535068446848065,0.0,1.5140032413221452e-36
"Lee, Hyun-Jae",0.0002535068446848065,0.0,1.5140032413221452e-36
"Lee, Jun Hee",0.0002535068446848065,0.0,1.5140032413221452e-36
"Nejat, Razieh",8.450228156160216e-05,0.0,1.1672423683483423e-52
"Zandi, Sara",8.450228156160216e-05,0.0,1.1672423683483423e-52
"Zhang, Xiyue",0.0006760182524928173,0.0,1.7861048252621166e-06
"Shi, Yige",0.0006760182524928173,0.0,1.7861048252621166e-06
"Tao, Jiale",0.0006760182524928173,0.0,1.7861048252621166e-06
"Zhen, Changze",0.0006760182524928173,0.0,1.7861048252621166e-06
"Wang, Yunyi",0.0006760182524928173,0.0,1.7861048252621166e-06
"Yu, Hongxiu",0.0006760182524928173,0.0,1.7861048252621166e-06
"Fernandez, Susana",0.0001690045631232043,0.0,4.961725533464465e-44
"Torres, Ignacio",0.0001690045631232043,0.0,4.961725533464465e-44
"Javier Gandia, Jose",0.0001690045631232043,0.0,4.961725533464465e-44
"Feng, Kai",0.00042251140780801076,0.0,1.439040637877256e-07
"Luo, Yumian",0.00042251140780801076,0.0,1.439040637877256e-07
"Wang, Xuejin",0.00042251140780801076,0.0,1.439040637877256e-07
"Le, Huirong",0.00042251140780801076,0.0,1.439040637877256e-07
"Tayebi, Meysam",0.000507013689369613,0.0,4.511833119781916e-25
"Masoumi, Zohreh",0.000507013689369613,0.0,4.511833119781916e-25
"Nan, Wei",0.0009295250971776238,0.0,0.004407561280606577
"Zhang, Jiawei",0.0009295250971776238,0.0,0.004407561280606577
"Wang, Fan",0.0009295250971776238,0.0,0.004407561280606577
"Chen, Zhen",0.0009295250971776238,0.0,0.004407561280606577
"Xiang, Jiayuan",0.0009295250971776238,0.0,0.004407561280606577
"Savilov, Serguei V.",0.0009295250971776238,0.0,0.004407561280606577
"Sobolev, Alexey V.",0.0009295250971776238,0.0,0.004407561280606577
"Li, Zhongyuan",0.0009295250971776238,0.0,0.004407561280606577
"Chen, Minghua",0.0013520365049856345,0.001727607253031446,0.004499388512709746
"Zhu, Xupeng",0.0013520365049856345,0.002465751729980135,0.00033092616380263806
"Zhang, Zhenxing",0.0015210410681088388,0.00015331634971807863,0.00040768815623761965
"Duan, Huigao",0.001605543349670441,0.001670954486985261,0.0003425065546180296
"Batool, Syeda Sitwat",0.00042251140780801076,0.0,1.8805590945536132e-16
"Hassan, Muhammad Umair",0.00042251140780801076,0.0,1.8805590945536132e-16
"Oduor, Peter G.",0.00042251140780801076,0.0,1.8805590945536132e-16
"Batool, Syeda Maria",0.00042251140780801076,0.0,1.8805590945536132e-16
"Zhang, Xiaoming",0.0011830319418624302,0.0,6.788063571550791e-16
"Li, Chuanbo",0.0011830319418624302,0.0,6.788063571550791e-16
"Xiao, Zirui",0.0005915159709312151,0.0,4.97026945406366e-20
"Zhang, Yunshu",0.0005915159709312151,0.0,4.97026945406366e-20
"Xu, Zili",0.0005915159709312151,4.035011862697152e-06,1.8618814543479827e-06
"Zhuang, Chuansheng",0.0005915159709312151,4.035011862697152e-06,1.8618814543479827e-06
"Zou, Zhijuan",0.00042251140780801076,0.0,1.1369463148929052e-06
"Zheng, Guangwei",0.0003380091262464086,0.0,3.683167485230363e-33
"Jiang, Shukang",0.0003380091262464086,0.0,3.683167485230363e-33
"Zhang, Fengqing",0.0003380091262464086,0.0,3.683167485230363e-33
"Yu, Hongwen",0.0003380091262464086,0.0,3.683167485230363e-33
"Zhang, Yanli L.",0.0003380091262464086,0.0,3.683167485230363e-33
"Sun, Hao",0.0001690045631232043,0.0,7.499014642870287e-43
"Meng, Yunji",0.0001690045631232043,0.0,7.499014642870287e-43
"Bao, Sarenqiqige",0.0003380091262464086,0.0,4.4564496251790624e-07
"Liang, Haiou",0.0003380091262464086,0.0,4.4564496251790624e-07
"Li, Chunping",0.0003380091262464086,0.0,4.4564496251790624e-07
"Bai, Jie",0.0003380091262464086,0.0,4.4564496251790624e-07
"Pan, Jianhui",0.0006760182524928173,0.0,1.1873375919844751e-20
"Liang, Junhui",0.0006760182524928173,0.0,1.1873375919844751e-20
"Xu, Zhenxia",0.0006760182524928173,0.0,1.1873375919844751e-20
"Yao, Xin",0.0006760182524928173,0.0,1.1873375919844751e-20
"Qiu, Jia",0.0006760182524928173,0.0,1.1873375919844751e-20
"Chen, Huayu",0.0006760182524928173,0.0,1.1873375919844751e-20
"Qin, Laishun",0.0006760182524928173,0.0,1.1873375919844751e-20
"Chen, Da",0.0006760182524928173,0.0,1.1873375919844751e-20
"Huang, Yuexiang",0.0006760182524928173,0.0,1.1873375919844751e-20
"Khan, Haritham",0.0001690045631232043,0.0,4.961725533464465e-44
"Charles, Hazina",0.0001690045631232043,0.0,4.961725533464465e-44
"Lee, Caroline Sunyong",0.0001690045631232043,0.0,4.961725533464465e-44
"Shen, Miaowen",0.0003380091262464086,0.0,5.015069586843389e-07
"Zhai, Mengyao",0.0003380091262464086,0.0,5.015069586843389e-07
"Zhao, Shumin",0.0003380091262464086,0.0,5.015069586843389e-07
"Liu, Zhanpeng",0.0003380091262464086,0.0,5.015069586843389e-07
"Luo, Yanni",0.00042251140780801076,0.0,1.306222092536749e-06
"Mi, Yan",0.001014027378739226,0.00024085185498183047,2.1940101117318535e-05
"Tan, Xuecai",0.00042251140780801076,0.0,1.306222092536749e-06
"Chen, Quanyou",0.00042251140780801076,0.0,1.306222092536749e-06
"Feng, Defen",0.00042251140780801076,0.0,1.306222092536749e-06
"Ai, Chenhao",0.00042251140780801076,0.0,1.306222092536749e-06
"Yu, A. R.",0.0005915159709312151,0.0,3.699138722121488e-23
"Yi, R. C.",0.0005915159709312151,0.0,3.699138722121488e-23
"Zhang, J. W.",0.0005915159709312151,0.0,3.699138722121488e-23
"Qin, J. J.",0.0005915159709312151,0.0,3.699138722121488e-23
"Yu, H. M.",0.0005915159709312151,0.0,3.699138722121488e-23
"Tang, Y. J.",0.0005915159709312151,0.0,3.699138722121488e-23
"Shi, R. C.",0.0005915159709312151,0.0,3.699138722121488e-23
"Hou, X. Y.",0.0005915159709312151,0.0,3.699138722121488e-23
"Chu, Shuai",0.000507013689369613,0.0,1.0171485254177931e-05
"Zhai, Wei",0.000507013689369613,0.0,1.0171485254177931e-05
"Li, Xiaoru",0.000507013689369613,0.0,1.0171485254177931e-05
"Jiao, Zhengbo",0.000507013689369613,0.0,1.0171485254177931e-05
"Liu, Xiqing",0.0008450228156160215,9.366461027071186e-07,0.0002524903358616809
"Zhou, Zhiping",0.000507013689369613,0.0,0.0002052878533062116
"Han, Donglai",0.000507013689369613,0.0,0.0002052878533062116
"Ma, Changchang",0.0008450228156160215,9.366461027071186e-07,0.0002524903358616809
"Yan, Yongsheng",0.0018590501943552475,0.0033628571480951042,0.0004295064261936326
"Ran, Mengran",0.0003380091262464086,0.0,1.7235807240524367e-06
"Li, Dong Jun",0.00042251140780801076,0.0,2.793203157953156e-29
"Huang, Zhegang",0.00042251140780801076,0.0,2.793203157953156e-29
"Hwang, Tae Hoon",0.00042251140780801076,0.0,2.793203157953156e-29
"Narayan, Rekha",0.00042251140780801076,0.0,2.793203157953156e-29
"Choi, Jang Wook",0.00042251140780801076,0.0,2.793203157953156e-29
"Kim, Sang Ouk",0.00042251140780801076,0.0,2.793203157953156e-29
"Sheikh, Zulfqar Ali",0.001014027378739226,0.0,1.5011253342856694e-11
"Aftab, Sikandar",0.001014027378739226,0.0,1.5011253342856694e-11
"Al-Enizi, Abdullah M.",0.001014027378739226,0.0,1.5011253342856694e-11
"Maiyalagan, T.",0.001014027378739226,0.0,1.5011253342856694e-11
"Alfantazi, Akram",0.001014027378739226,0.0,1.5011253342856694e-11
"Kim, Deok-Kee",0.001014027378739226,0.0,1.5011253342856694e-11
"Riaz, Shafaq",0.0003380091262464086,0.0,6.068167633768183e-25
"Gul, Maiman",0.0003380091262464086,0.0,6.068167633768183e-25
"Khan, Fawad",0.0007605205340544194,0.0,1.3481215269543093e-24
"Ahmad, Iftikhar",0.0003380091262464086,0.0,6.068167633768183e-25
"Ilyas, Muhammad",0.0007605205340544194,0.0,1.3481215269543092e-24
"Yuan, Yujie",0.0001690045631232043,0.0,1.942548038492481e-07
"Sun, Ping",0.0001690045631232043,0.0,1.942548038492481e-07
"Zhao, Biao",0.000507013689369613,0.0,6.113214205590176e-05
"Deng, Jiushuai",0.000507013689369613,0.0,6.113214205590176e-05
"Bai, Zhongyi",0.000507013689369613,0.0,6.113214205590176e-05
"Liang, Luyang",0.000507013689369613,0.0,6.113214205590176e-05
"Nag, Riya",0.000507013689369613,0.0,1.5404016938593877e-27
"Das, Debu",0.000507013689369613,0.0,1.5404016938593877e-27
"Manna, Srichit",0.000507013689369613,0.0,1.5404016938593877e-27
"Sasmal, Sandeepan",0.00042251140780801076,0.0,1.368240252569293e-27
"Thander, Alfazuddin",0.00042251140780801076,0.0,1.368240252569293e-27
"Bera, Abhijit",0.000507013689369613,0.0,1.5404016938593877e-27
"Wei, Peicheng",0.0002535068446848065,0.0,0.00023504752130684426
"Wen, Yan",0.0002535068446848065,0.0,0.00023504752130684426
"Lin, Kaifeng",0.0002535068446848065,0.0,0.00023504752130684426
"Harikrishnan, K.",0.000507013689369613,0.0,5.327153564675236e-26
"Chukka, Bhavani",0.000507013689369613,0.0,5.327153564675236e-26
"Hoque, Ariful",0.000507013689369613,0.0,5.327153564675236e-26
"Patel, Rajendra",0.000507013689369613,0.0,5.327153564675236e-26
"Singh, Varun Pratap",0.000507013689369613,0.0,5.327153564675236e-26
"Gaur, Umesh Kumar",0.000507013689369613,0.0,5.327153564675236e-26
"Sharma, Manu",0.000507013689369613,0.0,5.327153564675236e-26
"Wen, Shengwu",0.0003380091262464086,0.0,1.9351628003264756e-06
"Zhao, Ying",0.0012675342234240324,0.00019268148398546438,3.432979855932804e-05
"Zhao, Junqi",0.0003380091262464086,0.0,1.935162800326475e-06
"Zhong, Qing",0.0003380091262464086,0.0,1.935162800326475e-06
"Tan, Shaozao",0.0003380091262464086,0.0,1.935162800326475e-06
"Chen, Jiangzhao",0.0001690045631232043,0.0,4.961725533464465e-44
"Seo, Ja-Young",0.0001690045631232043,0.0,4.961725533464465e-44
"Park, Nam-Gyu",0.0001690045631232043,0.0,4.961725533464465e-44
"Zuo, Shixiang",0.0006760182524928173,0.0,4.597247459374913e-06
"Cao, Xiaoman",0.0006760182524928173,0.0,4.597247459374913e-06
"Wang, Peijun",0.0006760182524928173,0.0,4.597247459374913e-06
"Li, Xiazhang",0.0010985296603008281,0.00024085185498183047,4.6615414352686905e-06
"Liu, Wenjie",0.0006760182524928173,0.0,4.597247459374913e-06
"Xu, Rong",0.0006760182524928173,0.0,4.597247459374913e-06
"Yao, Chao",0.0006760182524928173,0.0,4.597247459374913e-06
"Fu, Yongsheng",0.0006760182524928173,0.0,4.597247459374913e-06
"Amini, S.",0.0001690045631232043,0.0,4.961725533464465e-44
"Mohammadi, M. R.",0.0001690045631232043,0.0,4.961725533464465e-44
"Li, Yuning",0.0001690045631232043,0.0,4.961725533464465e-44
"Choudhury, Sipra",8.450228156160216e-05,0.0,1.1672423683483423e-52
"Betty, C. A.",8.450228156160216e-05,0.0,1.1672423683483423e-52
"Huang, Xing",0.0007605205340544194,0.0,2.073438964253325e-18
"Sun, Ran",0.0007605205340544194,0.0,2.073438964253325e-18
"Li, Yulu",0.0007605205340544194,0.0,2.073438964253325e-18
"Jiang, Jibo",0.0007605205340544194,0.0,2.073438964253325e-18
"Li, Mingjing",0.0007605205340544194,0.0,2.073438964253325e-18
"Xu, Wenxiu",0.0007605205340544194,0.0,2.073438964253325e-18
"Wang, Yunyun",0.0007605205340544194,0.0,2.073438964253325e-18
"Cong, Haishan",0.0007605205340544194,0.0,2.073438964253325e-18
"Tang, Jiabin",0.0007605205340544194,0.0,2.073438964253325e-18
"Han, Sheng",0.0007605205340544194,0.0,2.073438964253325e-18
"Li, Jian",0.000507013689369613,0.0,3.386391061423965e-05
"Huang, Hongliang",0.000507013689369613,0.0,3.386391061423965e-05
"Tang, Yuanzhe",0.000507013689369613,0.0,3.386391061423965e-05
"Mei, Donghai",0.000507013689369613,0.0,3.386391061423965e-05
"Zhong, Chongli",0.000507013689369613,0.0,3.386391061423965e-05
"Singh, Sukhwinder",0.0005915159709312151,0.0,1.5414689627533994e-31
"Deb, Jyotirmoy",0.0002535068446848065,0.0,6.914384142971302e-32
"Sarkar, Utpal",0.0002535068446848065,0.0,6.914384142971302e-32
"Wang, Yana",0.00042251140780801076,0.0,5.826803872947107e-05
"Li, Haidong",0.00042251140780801076,0.0,5.826803872947107e-05
"Wang, Zhou",0.00042251140780801076,0.0,5.826803872947107e-05
"Sang, Yuanhua",0.00042251140780801076,0.0,5.826803872947107e-05
"Liu, Hong",0.0013520365049856345,0.00029415366773979923,0.0008415846232142168
"Huang, Lin",0.0002535068446848065,0.0,8.399728596781956e-06
"Peng, Yucheng",0.0002535068446848065,0.0,8.399728596781956e-06
"Chen, Limiao",0.0002535068446848065,0.0,8.399728596781956e-06
"Wu, Xinzhuo",0.00042251140780801076,0.0,0.00039724492992349345
"Chen, Shaojie",0.00042251140780801076,0.0,0.00039724492992349345
"Li, Zhao",0.0008450228156160215,0.0013939104475410617,0.001110970642282821
"Tian, Lin",0.00042251140780801076,0.0,0.00039724492992349345
"Yang, Zongfei",0.00042251140780801076,0.0,0.00039724492992349345
"Karmur, Rajeshvari Samatbhai",0.00042251140780801076,0.0,2.793203157953156e-29
"Upar, Darshana Anand",0.00042251140780801076,0.0,2.793203157953156e-29
"Mei, Ziyu",0.00042251140780801076,0.0,2.793203157953156e-29
"Hao, Derek",0.00042251140780801076,0.0,2.793203157953156e-29
"Liu, Chuangwei",0.00042251140780801076,0.0,2.793203157953156e-29
"Ghosh, Narendra Nath",0.00042251140780801076,0.0,2.793203157953156e-29
"Shanavas, Shajahan",0.0005915159709312151,0.0,4.835740687553849e-22
"Abu Haija, Mohammad",0.0005915159709312151,0.0,4.835740687553849e-22
"Singh, Dinesh Pratap",0.0005915159709312151,0.0,4.835740687553849e-22
"Ahamad, Tansir",0.0005915159709312151,0.0,4.835740687553849e-22
"Roopan, Selvaraj Mohana",0.0005915159709312151,0.0,4.835740687553849e-22
"Acevedo, Roberto",0.0005915159709312151,0.0,4.835740687553849e-22
"Anbarasan, Ponnusamy Munusamy",0.0005915159709312151,0.0,4.835740687553849e-22
"Zhu, Shu",0.0011830319418624302,0.0,5.0766574724531266e-05
"Tian, Qingyin",0.0011830319418624302,0.0,5.0766574724531266e-05
"Wu, Guoguang",0.0011830319418624302,0.0,5.0766574724531266e-05
"Bian, Wengang",0.0011830319418624302,0.0,5.0766574724531266e-05
"Sun, Na",0.0011830319418624302,0.0,5.0766574724531266e-05
"Li, Chunjie",0.0011830319418624302,0.0,5.0766574724531266e-05
"Zhang, Yucai",0.0011830319418624302,0.0,5.0766574724531266e-05
"Dou, Hongrui",0.0011830319418624302,0.0,5.0766574724531266e-05
"Gong, Chengyi",0.0011830319418624302,0.0,5.0766574724531266e-05
"Dong, Xiangqing",0.0011830319418624302,0.0,5.0766574724531266e-05
"Sun, Jianping",0.0011830319418624302,0.0,5.0766574724531266e-05
"An, Yunzhu",0.0011830319418624302,0.0,5.0766574724531266e-05
"Jing, Qiang",0.0011830319418624302,0.0,5.0766574724531266e-05
"Hong, Chenxiao",0.00042251140780801076,0.0,0.0008319392139752236
"Shafi, Sana",0.00042251140780801076,0.0,0.0008319392139752236
"Hu, Jiayao",0.0008450228156160215,0.00022825236429039608,0.0009601477333594538
"Zhou, Hongjian",0.00042251140780801076,0.0,0.0008319392139752236
"Dong, Junyi",0.0006760182524928173,0.0,1.1394978485596359e-05
"Liu, Hongyan",0.0006760182524928173,0.0,1.1394978485596359e-05
"Sun, Caixuan",0.0006760182524928173,0.0,1.1394978485596359e-05
"Shao, Junkai",0.0006760182524928173,0.0,1.1394978485596359e-05
"Wang, Mengjie",0.0006760182524928173,0.0,1.1394978485596359e-05
"He, Ping",0.0006760182524928173,0.0,1.1394978485596359e-05
"Pan, Guofeng",0.0006760182524928173,0.0,1.1394978485596359e-05
"Yang, Xueli",0.0006760182524928173,0.0,1.1394978485596359e-05
"Gao, Weiyin",0.0002535068446848065,0.0,0.00018035134988970194
"Wang, Minqiang",0.0002535068446848065,0.0,0.00018035134988970194
"Ran, Chenxin",0.0002535068446848065,0.0,0.00018035134988970194
"Yesmin, Sebina",0.0002535068446848065,0.0,6.570990368930812e-38
"Hussain, Inamul",0.0002535068446848065,0.0,6.570990368930812e-38
"Dasgupta, Rajdeep",0.0002535068446848065,0.0,6.570990368930812e-38
"Dhar, Siddhartha S.",0.0002535068446848065,0.0,6.570990368930812e-38
"Imsong, Rachel",0.0001690045631232043,0.0,7.499014642870287e-43
"Purkayastha, Debarun Dhar",0.0002535068446848065,0.0,8.774495696633275e-43
"Qiu, Ce",0.0009295250971776238,0.0,9.557390392416768e-05
"Liu, Hanghui",0.0009295250971776238,0.0,9.557390392416768e-05
"Zhu, Xiaohui",0.0009295250971776238,0.0,9.557390392416768e-05
"Xue, Liang",0.0009295250971776238,0.0,9.557390392416768e-05
"Li, Shuang",0.001605543349670441,0.0019082254601719615,0.00014291254784016028
"Ni, Mingzhu",0.0009295250971776238,0.0,9.557390392416768e-05
"Savilov, Serguei, V",0.0009295250971776238,0.0,9.557390392416768e-05
"Aldoshin, Sergey M.",0.0009295250971776238,0.0,9.557390392416768e-05
"Xia, Hui",0.0009295250971776238,0.0,9.557390392416768e-05
"Chu, Hongqi",0.0010985296603008281,0.0,0.0002187133756070034
"Mu, Yifan",0.0010985296603008281,0.0,0.0002187133756070034
"He, Xiangyi",0.0010985296603008281,0.0,0.0002187133756070034
"Zhong, Xueyan",0.0010985296603008281,0.0,0.0002187133756070034
"Huang, Baoxia",0.0010985296603008281,0.0,0.0002187133756070034
"Zhang, Shiyu",0.0010985296603008281,0.0,0.0002187133756070034
"Gao, Yue",0.0010985296603008281,0.0,0.0002187133756070034
"Wei, Yuxiu",0.0010985296603008281,0.0,0.0002187133756070034
"Chen, Weiwen",0.0003380091262464086,0.0,0.00019797148006584574
"Peng, Yi",0.0003380091262464086,0.0,0.00019797148006584574
"Qiu, Zenghui",0.0003380091262464086,0.0,0.00019797148006584574
"Xu, Haijun",0.0003380091262464086,0.0,0.00019797148006584574
"Wei, Huijie",0.0001690045631232043,0.0,4.961725533464465e-44
"Zhao, Shujing",0.0001690045631232043,0.0,4.961725533464465e-44
"Su, Zhiqiang",0.0001690045631232043,0.0,4.961725533464465e-44
"Yin, Wenhao",0.0002535068446848065,0.0,4.959121014585816e-07
"Qi, Ruijuan",0.0002535068446848065,0.0,4.959121014585816e-07
"Duan, Chungang",0.0002535068446848065,0.0,4.959121014585816e-07
"Kumbhar, Vijay S.",0.0003380091262464086,0.0,2.722476646784344e-07
"Lee, Hyeonkwon",0.0003380091262464086,0.0,2.722476646784344e-07
"Lee, Jaewon",0.0003380091262464086,0.0,2.722476646784344e-07
"Lee, Kiyoung",0.0003380091262464086,0.0,2.722476646784344e-07
"Xu, Yi-Tong",0.0008450228156160215,0.0,0.0001477399915689609
"Hu, Jin",0.0008450228156160215,0.0,0.0001477399915689609
"Liu, Fang-Qing",0.0008450228156160215,0.0,0.0001477399915689609
"Chen, Guang-Xu",0.0008450228156160215,0.0,0.0001477399915689609
"Lin, Peng",0.0008450228156160215,0.0,0.0001477399915689609
"Zhao, Wei-Wei",0.0008450228156160215,0.0,0.0001477399915689609
"Xu, Jing-Juan",0.0008450228156160215,0.0,0.0001477399915689609
"Chen, Hong-Yuan",0.0008450228156160215,0.0,0.0001477399915689609
"Sun, Menghan",0.0003380091262464086,0.0,6.472175788368884e-05
"Wei, Xiaoming",0.0003380091262464086,0.0,6.472175788368884e-05
"Zhao, Chunhui",0.0008450228156160215,0.0013929757665917771,0.001299270641684744
"Niu, Dongjuan",0.000507013689369613,0.0,0.000328954749510263
"Liu, Tiantian",0.0008450228156160215,0.0013929757665917771,0.001299270641684744
"Yi, Deqiang",0.0008450228156160215,0.0013929757665917771,0.001299270641684744
"Zhu, Jianfeng",0.0008450228156160215,0.0013929757665917771,0.001299270641684744
"Wu, Wenling",0.0008450228156160215,0.0013929757665917771,0.001299270641684744
"Zheng, Xingzi",0.0005915159709312151,0.0,3.699138722121488e-23
"Yuan, Mengwei",0.0005915159709312151,0.0,3.699138722121488e-23
"Guo, Donghua",0.0005915159709312151,0.0,3.699138722121488e-23
"Wen, Caiying",0.0005915159709312151,0.0,3.699138722121488e-23
"Li, Xingyu",0.0005915159709312151,0.0,3.699138722121488e-23
"Huang, Xianqiang",0.0005915159709312151,0.0,3.699138722121488e-23
"Li, Huifeng",0.0005915159709312151,0.0,3.699138722121488e-23
"Sun, Genban",0.0005915159709312151,0.0,3.699138722121488e-23
"Segovia, Marjorie",0.0005915159709312151,0.0,3.8948270657697646e-16
"Celedon, Salvador",0.0005915159709312151,0.0,3.8948270657697646e-16
"Shan, Qian Yuan",0.0003380091262464086,0.0,3.683167485230363e-33
"Guan, Bo",0.0003380091262464086,0.0,3.683167485230363e-33
"Zhu, Shi Jin",0.0003380091262464086,0.0,3.683167485230363e-33
"Zhang, Hai Jun",0.0003380091262464086,0.0,3.683167485230363e-33
"Zhang, Yu Xin",0.0003380091262464086,0.0,3.683167485230363e-33
"Yu, Hui",0.0014365387865472366,0.004535138608428588,0.003376738531372958
"Li, Shaofeng",0.0011830319418624302,4.814461574370304e-05,0.002562595185091737
"Huang, Fuxin",0.0006760182524928173,0.0,0.0022143533339513666
"Guan, Rui",0.0006760182524928173,0.0,0.0022143533339513666
"Jiao, Yaqi",0.0006760182524928173,0.0,0.0022143533339513666
"Yang, Dayi",0.000507013689369613,0.0,0.00014021689813442957
"Dai, Jiangdong",0.000507013689369613,0.0,0.00014021689813442957
"Ye, Jian",0.000507013689369613,0.0,0.00014021689813442957
"Zhu, Xueliang",0.0009295250971776238,0.0,7.433225078142119e-06
"Lau, Cho Fai Jonathan",0.0009295250971776238,0.0,7.433225078142119e-06
"Mo, Kangwei",0.0009295250971776238,0.0,7.433225078142119e-06
"Cheng, Siyang",0.0009295250971776238,0.0,7.433225078142119e-06
"Xu, Yalun",0.0009295250971776238,0.0,7.433225078142119e-06
"Li, Ruiming",0.0009295250971776238,0.0,7.433225078142119e-06
"Wang, Cheng",0.0014365387865472366,0.00029982900679465316,1.4523491611066407e-05
"Zheng, Qixian",0.0009295250971776238,0.0,7.4332250781421185e-06
"Wang, Ti",0.0009295250971776238,0.0,7.4332250781421185e-06
"Lin, Qianqian",0.0009295250971776238,0.0,7.4332250781421185e-06
"Wang, Zhiping",0.0009295250971776238,0.0,7.4332250781421185e-06
"Zhou, Licheng",0.000507013689369613,0.0,7.5526571922220745e-06
"Hu, Zhixiang",0.000507013689369613,0.0,7.5526571922220745e-06
"Li, Tiankun",0.000507013689369613,0.0,7.5526571922220745e-06
"Chen, Bingbing",0.000507013689369613,0.0,7.5526571922220745e-06
"Li, Hua-Yao",0.000507013689369613,0.0,7.5526571922220745e-06
"Jin, Lin",0.0009295250971776238,0.0,0.006399262249719303
"Hong, Zijun",0.0009295250971776238,0.0,0.006399262249719303
"Song, Zhijie",0.0009295250971776238,0.0,0.006399262249719303
"Li, Hui-jun",0.0009295250971776238,0.0,0.006399262249719303
"Liao, Qiaobo",0.0009295250971776238,0.0,0.006399262249719303
"Xu, Jingcheng",0.0009295250971776238,0.0,0.006399262249719303
"Yuan, Kaiping",0.0009295250971776238,0.0,0.006399262249719303
"Shinde, Sachin M.",0.0001690045631232043,0.0,4.961725533464465e-44
"Kalita, Golap",0.0001690045631232043,0.0,4.961725533464465e-44
"Tanemura, Masaki",0.0001690045631232043,0.0,4.961725533464465e-44
"Hirayama, Motoaki",0.0001690045631232043,0.0,4.961725533464465e-44
"Miyake, Takashi",0.0001690045631232043,0.0,4.961725533464465e-44
"Imada, Masatoshi",0.0001690045631232043,0.0,4.961725533464465e-44
"Luo, Ting",0.00042251140780801076,0.0,0.0003087324407630826
"Yang, Chao",0.001014027378739226,0.0004456902159504526,0.0003229313393159972
"Yang, Xiaopeng",0.00042251140780801076,0.0,0.0003087324407630826
"Yang, Shuhua",0.00042251140780801076,0.0,0.0003087324407630826
"Cao, Bingqiang",0.00042251140780801076,0.0,0.0003087324407630826
"Feng, Jiannan",0.0006760182524928173,0.0,0.00036944355637739983
"Chu, Mingna",0.0006760182524928173,0.0,0.00036944355637739983
"Sun, Ling",0.0006760182524928173,0.0,0.00036944355637739983
"Tang, Dongyan",0.0006760182524928173,0.0,0.00036944355637739983
"Yin, Zhaohua",0.0006760182524928173,0.0,2.9858730359608566e-06
"Ji, Guanrui",0.0006760182524928173,0.0,2.9858730359608566e-06
"Liang, Zhangqian",0.0006760182524928173,0.0,2.9858730359608566e-06
"Xue, Yanjun",0.0006760182524928173,0.0,2.9858730359608566e-06
"Guo, Yichen",0.0006760182524928173,0.0,2.9858730359608566e-06
"Bi, Feng",0.0005915159709312151,0.0,6.128081735777625e-05
"Su, Yuetan",0.000507013689369613,0.0,5.884453198042951e-05
"Chen, Meiling",0.000507013689369613,0.0,5.884453198042951e-05
"Darr, Jawwad A.",0.000507013689369613,0.0,5.884453198042951e-05
"Weng, Xiaole",0.0005915159709312151,0.0,6.128081735777625e-05
"Wu, Zhongbiao",0.0005915159709312151,0.0,6.128081735777625e-05
"Wei, Zengyan",0.0010985296603008281,0.0,0.0006364763638426825
"Meng, Xiangyu",0.0010985296603008281,0.0,0.0006364763638426825
"Chen, Rongfeng",0.0010985296603008281,0.0,0.0006364763638426825
"Qin, Meixi",0.0010985296603008281,0.0,0.0006364763638426825
"Zhu, Lin",0.0010985296603008281,0.0,0.0006364763638426825
"Wang, Yaming",0.0010985296603008281,0.0,0.0006364763638426825
"Huang, Xiaoxiao",0.0010985296603008281,0.0,0.0006364763638426825
"Feng, Ming",0.0010985296603008281,0.0,0.0006364763638426825
"He, Peigang",0.0010985296603008281,0.0,0.0006364763638426825
"Jia, Dechang",0.0010985296603008281,0.0,0.0006364763638426825
"Zhou, Yu",0.0010985296603008281,0.0,0.0006364763638426825
"Duan, Xiaoming",0.0010985296603008281,0.0,0.0006364763638426825
"Li, Qiuen",0.0005915159709312151,0.0,7.899653060559726e-05
"Kang, Xuanwu",0.0005915159709312151,0.0,7.899653060559726e-05
"Zhao, Rikang",0.0005915159709312151,0.0,7.899653060559726e-05
"Zheng, Yingkui",0.0005915159709312151,0.0,7.899653060559726e-05
"Shang, Hengyu",0.0005915159709312151,0.0,7.899653060559726e-05
"Liu, Xinyu",0.0005915159709312151,0.0,7.899653060559726e-05
"Huang, Chengjun",0.0005915159709312151,0.0,7.899653060559726e-05
"Lu, Zhiyuan",0.000507013689369613,0.0,0.001110431526885477
"Han, Juan",0.000507013689369613,0.0,0.001110431526885477
"Wang, Shuhao",0.000507013689369613,0.0,0.001110431526885477
"Ni, Liang",0.000507013689369613,0.0,0.001110431526885477
"Hou, Zhidong",0.00042251140780801076,0.0,1.7122738438534407e-05
"Islam, Sk Emdadul",0.00042251140780801076,0.0,2.793203157953156e-29
"Hang, Da-Ren",0.00042251140780801076,0.0,2.793203157953156e-29
"Chen, Chun-Hu",0.00042251140780801076,0.0,2.793203157953156e-29
"Sharma, Krishna Hari",0.00042251140780801076,0.0,2.793203157953156e-29
"Zhou, Zihan",0.000507013689369613,0.0,2.1479615155644565e-07
"Shao, Junhui",0.000507013689369613,0.0,2.1479615155644565e-07
"Ren, Tingting",0.000507013689369613,0.0,2.1479615155644565e-07
"Nasresfahani, Sh.",0.0002535068446848065,0.0,6.570990368930812e-38
"Soltani, S.",0.0002535068446848065,0.0,6.570990368930812e-38
"Ashrafi, H.",0.0002535068446848065,0.0,6.570990368930812e-38
"Sheikhi, M. H.",0.0002535068446848065,0.0,6.570990368930812e-38
"Zhang, Honghua",0.0002535068446848065,0.0,8.965509421827694e-06
"Peng, Feng",0.0013520365049856345,0.00011805668406551415,0.00015603842636638634
"Kim, Hyun Bin",0.000507013689369613,0.0,2.8358377704090836e-22
"Im, Iseul",0.000507013689369613,0.0,2.8358377704090836e-22
"Sung, Sang Do",0.000507013689369613,0.0,2.8358377704090836e-22
"Kim, Eunji",0.000507013689369613,0.0,2.8358377704090836e-22
"Kim, Jeongho",0.000507013689369613,0.0,2.8358377704090836e-22
"Lee, Wan In",0.000507013689369613,0.0,2.8358377704090836e-22
"Ren, Li",0.0005915159709312151,0.0,1.1400594025472846e-05
"Zhu, Wen",0.0005915159709312151,0.0,1.1400594025472846e-05
"Li, Yinghui",0.0005915159709312151,0.0,1.1400594025472846e-05
"Lin, Xi",0.0017745479127936454,0.0007225555649454915,0.0001676357916778274
"Xu, Hao",0.0012675342234240324,0.00038536296797092877,1.1695536091352703e-05
"Sun, Fengzhan",0.0005915159709312151,0.0,1.1400594025472845e-05
"Lu, Chong",0.0005915159709312151,0.0,1.1400594025472845e-05
"Zou, Jianxin",0.0005915159709312151,0.0,1.1400594025472845e-05
"Huang, Huiting",0.0007605205340544194,4.8170370996366096e-05,6.93409581420075e-05
"Guo, Wenxiu",0.0005915159709312151,0.0,6.86748216127562e-05
"Yao, Yingfang",0.0005915159709312151,0.0,6.86748216127562e-05
"Yu, Zhentao",0.0005915159709312151,0.0,6.86748216127562e-05
"Yan, Jie",0.0006760182524928173,0.0,7.062690778498551e-05
"Shi, Jianye",0.0008450228156160215,0.0,7.95119820179762e-05
"Wen, Baomei",0.0005915159709312151,0.0,0.0003534858524774368
"Ha, Jong Y.",0.0005915159709312151,0.0,0.0003534858524774368
"Sullivan, Nichole F.",0.0005915159709312151,0.0,0.0003534858524774368
"Alomar, Muneerah",0.0002535068446848065,0.0,3.9184251951809604e-05
"Chen, Wen",0.001014027378739226,0.00038347542760621415,0.00042168338465834663
"Fida, Hussain",0.0002535068446848065,0.0,3.91842519518096e-05
"Harnagea, Catalin",0.0005915159709312151,0.0,5.571555549513288e-05
"Tong, Xin",0.0005915159709312151,0.0,5.571555549513288e-05
"Sun, Shuhui",0.0005915159709312151,0.0,5.571555549513288e-05
"Chaker, Mohamed",0.0010985296603008281,0.0010178449752283845,7.121789087955194e-05
"Nechache, Riad",0.0005915159709312151,0.0,5.571555549513288e-05
"Shu, Tianyu",0.0005915159709312151,0.0,1.6241103850522677e-05
"Que, Lixin",0.0005915159709312151,0.0,1.6241103850522677e-05
"Lu, Lei",0.0005915159709312151,0.0,1.6241103850522677e-05
"Xu, Yunlong",0.0005915159709312151,0.0,1.6241103850522677e-05
"Shi, Lei",0.001014027378739226,0.0021833953385858554,5.51854113700176e-05
"Al Mamari, Said",0.0003380091262464086,0.0,3.683167485230363e-33
"Al Marzouqi, Faisal",0.0003380091262464086,0.0,3.683167485230363e-33
"Al Nabhani, Abdulrahman",0.0003380091262464086,0.0,3.683167485230363e-33
"Kim, Younghun",0.0003380091262464086,0.0,3.683167485230363e-33
"Selvaraj, Rengaraj",0.0003380091262464086,0.0,3.683167485230363e-33
"Qin, Shirong",0.0007605205340544194,0.0,4.022363735876988e-08
"Zhu, Haiming",0.0007605205340544194,0.0,4.022363735876988e-08
"Ren, Ziyang",0.0007605205340544194,0.0,4.022363735876988e-08
"Zhai, Yihui",0.0007605205340544194,0.0,4.022363735876988e-08
"Wang, Yao",0.0007605205340544194,0.0,4.022363735876988e-08
"Liu, Mengjuan",0.0007605205340544194,0.0,4.022363735876988e-08
"Lai, Weien",0.0007605205340544194,0.0,4.022363735876988e-08
"Rahimi-Iman, Arash",0.0007605205340544194,0.0,4.022363735876988e-08
"Zhao, Sihan",0.001690045631232043,0.0004335333389672949,5.118013293325118e-07
"Wu, Huizhen",0.0007605205340544194,0.0,4.022363735876988e-08
"Hou, Xiaoxiong",0.00042251140780801076,0.0,2.793203157953156e-29
"Zhang, Zhilei",0.00042251140780801076,0.0,2.793203157953156e-29
"Ma, Zhuangzhuang",0.00042251140780801076,0.0,2.793203157953156e-29
"Gao, Xiaotong",0.00042251140780801076,0.0,2.793203157953156e-29
"Wang, Hongqiang",0.00042251140780801076,0.0,2.793203157953156e-29
"Jia, Lichao",0.00042251140780801076,0.0,2.793203157953156e-29
"Ding, Sheng",0.0006760182524928173,0.0,0.0001557991037572866
"Liu, Run",0.0006760182524928173,0.0,0.0001557991037572866
"Jokar, Alireza Khodadadi",0.00042251140780801076,0.0,2.793203157953156e-29
"Torabi, Sobhan",0.00042251140780801076,0.0,2.793203157953156e-29
"Mirzaei, Majid",0.00042251140780801076,0.0,2.793203157953156e-29
"Dabir, Fatemeh",0.00042251140780801076,0.0,2.793203157953156e-29
"Bakhtiargonbadi, Fatemeh",0.00042251140780801076,0.0,2.793203157953156e-29
"Esfahani, Hamid",0.00042251140780801076,0.0,2.793203157953156e-29
"Stagi, Luigi",0.0005915159709312151,0.0,1.0895110545645345e-06
"Malfatti, Luca",0.0005915159709312151,0.0,1.0895110545645345e-06
"Paolucci, Valentina",0.0005915159709312151,0.0,1.0895110545645345e-06
"Cantalini, Carlo",0.0005915159709312151,0.0,1.0895110545645345e-06
"Garroni, Sebastiano",0.0005915159709312151,0.0,1.0895110545645345e-06
"Mureddu, Marzia",0.0005915159709312151,0.0,1.0895110545645345e-06
"Innocenzi, Plinio",0.0005915159709312151,0.0,1.0895110545645345e-06
"Wei, Qingyuan",0.0005915159709312151,0.0,0.0001382380430371501
"Chen, Dongke",0.0005915159709312151,0.0,0.0001382380430371501
"Cai, Yongqing",0.0006760182524928173,4.8170370996366096e-05,0.00013854306171733464
"Shen, Lei",0.0005915159709312151,0.0,0.0001382380430371501
"Chen, Yuanping",0.0005915159709312151,0.0,0.0001382380430371501
"Wang, Wenchao",0.0008450228156160215,0.0,0.0024101633827725813
"Zhu, Sai",0.0008450228156160215,0.0,0.0024101633827725813
"Cao, Yingnan",0.0008450228156160215,0.0,0.0024101633827725813
"Tao, Ying",0.0008450228156160215,0.0,0.0024101633827725813
"Pan, Donglai",0.0014365387865472366,0.0009939646354729123,0.0029829459697094237
"Phillips, David Lee",0.0008450228156160215,0.0,0.0024101633827725813
"Zhang, Dieqing",0.0008450228156160215,0.0,0.0024101633827725813
"Chen, Ming",0.002281561602163258,0.003489174221078767,0.002983233230227928
"Xu, Lianhu",0.0003380091262464086,0.0,1.0678586134494803e-13
"Meng, Yang",0.0003380091262464086,0.0,1.0678586134494803e-13
"Zhao, Yonghuan",0.0003380091262464086,0.0,1.0678586134494803e-13
"Su, Juanjuan",0.0003380091262464086,0.0,1.0678586134494803e-13
"Mojaddami, Majdoddin",8.450228156160216e-05,0.0,4.04338525248158e-43
"Liu, Qiaona",0.0007605205340544194,0.0,3.9439408673108713e-05
"Qian, An",0.0007605205340544194,0.0,3.9439408673108713e-05
"Qian, Jiayu",0.0007605205340544194,0.0,3.9439408673108713e-05
"Pu, Xin",0.0007605205340544194,0.0,3.9439408673108713e-05
"Ye, Lei",0.0007605205340544194,0.0,3.9439408673108713e-05
"Zhan, Jinshan",0.0007605205340544194,0.0,3.9439408673108713e-05
"Yang, Qiang",0.0007605205340544194,0.0,3.9439408673108713e-05
"Liu, Jichang",0.0007605205340544194,0.0,3.9439408673108713e-05
"Li, Guiping",0.000507013689369613,0.0,5.327153564675236e-26
"Wang, Yongli",0.000507013689369613,0.0,5.327153564675236e-26
"Bi, Jingtao",0.000507013689369613,0.0,5.327153564675236e-26
"Huang, Xin",0.000507013689369613,0.0,5.327153564675236e-26
"Mao, Yafei",0.000507013689369613,0.0,5.327153564675236e-26
"Luo, Liang",0.000507013689369613,0.0,5.327153564675236e-26
"Hao, Hongxun",0.000507013689369613,0.0,5.327153564675236e-26
"Maldonado, Carlos",0.000507013689369613,0.0,3.106384240099384e-16
"Devis, Sindy",0.000507013689369613,0.0,3.106384240099384e-16
"Diaz, Leslie",0.000507013689369613,0.0,3.106384240099384e-16
"Lozano, Harold",0.001014027378739226,0.0,5.80517865240029e-16
"Dong, Mengna",0.0006760182524928173,0.0,4.789028728718954e-05
"Sun, Xinyu",0.0006760182524928173,0.0,4.789028728718954e-05
"Bu, Tong",0.0006760182524928173,0.0,4.789028728718954e-05
"Wang, Jiao",0.0006760182524928173,0.0,4.789028728718954e-05
"He, Kunyi",0.0006760182524928173,0.0,4.789028728718954e-05
"Li, Zhenyu",0.0006760182524928173,0.0,4.789028728718954e-05
"Shi, Hailong",0.0005915159709312151,0.0,2.1565081770655762e-05
"Zhang, Xiaodong",0.0005915159709312151,0.0,2.1565081770655762e-05
"Zhu, Haiyan",0.0005915159709312151,0.0,2.1565081770655762e-05
"Wu, Yaoyao",0.0011830319418624302,0.0,3.019218127003848e-15
"Cao, Jiachun",0.0011830319418624302,0.0,3.019218127003848e-15
"Peng, Ruihao",0.000507013689369613,0.0,1.1997623270126737e-15
"Cao, Miao",0.000507013689369613,0.0,1.1997623270126737e-15
"Peng, Guan",0.000507013689369613,0.0,1.1997623270126737e-15
"Yuan, Wenjing",0.0011830319418624302,0.0,3.0192181270038484e-15
"Luo, Xianping",0.000507013689369613,0.0,1.1997623270126737e-15
"Chen, Guihua",0.000507013689369613,0.0,9.095386886541389e-15
"Shen, Qingyun",0.000507013689369613,0.0,9.095386886541389e-15
"Xiong, Xianqiang",0.000507013689369613,0.0,9.095386886541389e-15
"Ren, Shibin",0.000507013689369613,0.0,9.095386886541389e-15
"Dai, Guoliang",0.000507013689369613,0.0,9.095386886541389e-15
"Wu, Chunchun",0.000507013689369613,0.0,9.095386886541389e-15
"Zhu, Xiaomeng",0.0007605205340544194,0.0,1.6665686711127507e-05
"Chen, Huijuan",0.0007605205340544194,0.0,1.6665686711127507e-05
"Cui, Liyuan",0.0007605205340544194,0.0,1.6665686711127507e-05
"Moradi, Sina",0.0003380091262464086,0.0,3.683167485230363e-33
"Isari, Ali Akbar",0.0003380091262464086,0.0,3.683167485230363e-33
"Hayati, Farzan",0.0003380091262464086,0.0,3.683167485230363e-33
"Kalantary, Roshanak Rezaei",0.0003380091262464086,0.0,3.683167485230363e-33
"Kakavandi, Babak",0.0003380091262464086,0.0,3.683167485230363e-33
"Parasuraman, Balaji",0.000507013689369613,0.0,1.2154684545515805e-16
"Shanmugam, Paramasivam",0.000507013689369613,0.0,1.2154684545515805e-16
"Sangaraju, Sambasivam",0.001014027378739226,1.1831319192089918e-05,6.736494373854168e-16
"Rangaraju, Hariprasath",0.000507013689369613,0.0,1.2154684545515805e-16
"Alphonse, Dhayal Raj",0.000507013689369613,0.0,1.2154684545515805e-16
"Husain, Mohammed Nawaz",0.000507013689369613,0.0,1.2154684545515805e-16
"Zhao, Xiaojing",0.00042251140780801076,0.0,3.3330240275724284e-08
"Lu, Xiaoxiao",0.00042251140780801076,0.0,3.3330240275724284e-08
"Chen, Wen-Jie",0.00042251140780801076,0.0,3.3330240275724284e-08
"Pan, Xiaoyang",0.00042251140780801076,0.0,3.3330240275724284e-08
"Bian, Zhenfeng",0.00042251140780801076,0.0,3.3330240275724284e-08
"Behera, Arjun",0.0001690045631232043,0.0,4.961725533464465e-44
"Kar, Ashish Kumar",0.0001690045631232043,0.0,4.961725533464465e-44
"Srivastava, Rajendra",0.0001690045631232043,0.0,4.961725533464465e-44
"Zhu, Enwei",0.0005915159709312151,0.0,9.079946467618411e-06
"Hai, Jiefeng",0.0005915159709312151,0.0,9.079946467618411e-06
"Wang, Zixuan",0.0005915159709312151,0.0,9.079946467618411e-06
"Ni, Bin",0.0005915159709312151,0.0,9.079946467618411e-06
"Jiang, Yaohua",0.0005915159709312151,0.0,9.079946467618411e-06
"Bian, Linyi",0.0008450228156160215,0.00014451111298909827,6.93424083520457e-05
"Zhang, Fujun",0.0005915159709312151,0.0,9.079946467618413e-06
"Tang, Weihua",0.0008450228156160215,0.00014451111298909827,6.93424083520457e-05
"Yunus, Mohd Azizi Che",0.00042251140780801076,0.0,3.163854848402183e-05
"Mohamed, Abdul Rahman",0.0011830319418624302,0.0004568840161706733,3.3964105968228863e-05
"Lim, Jocelyn Jean Yi",8.450228156160216e-05,0.0,1.1672423683483423e-52
"Lup, Andrew Ng Kay",8.450228156160216e-05,0.0,1.1672423683483423e-52
"Gao, Chaomin",0.0006760182524928173,0.0,0.0008157221855017299
"Wei, Tao",0.0006760182524928173,0.0,0.0008157221855017299
"Zhang, Yanyan",0.0006760182524928173,0.0,0.0008157221855017299
"Song, Xiaohan",0.0006760182524928173,0.0,0.0008157221855017299
"Huan, Yu",0.0006760182524928173,0.0,0.0008157221855017299
"Chen, Xiaodong",0.0006760182524928173,0.0,0.0008157221855017299
"Gonuguntla, Spandana",0.000507013689369613,0.0,5.327153564675236e-26
"Saddam, S. K.",0.000507013689369613,0.0,5.327153564675236e-26
"Tiwari, Amritanjali",0.000507013689369613,0.0,5.327153564675236e-26
"Mandal, Haraprasad",0.000507013689369613,0.0,5.327153564675236e-26
"Lakavath, Prashanth Naik",0.000507013689369613,0.0,5.327153564675236e-26
"Perupoga, Vijayanand",0.000507013689369613,0.0,5.327153564675236e-26
"Pal, Ujjwal",0.000507013689369613,0.0,5.327153564675236e-26
"Deng, Yang",0.0006760182524928173,0.0,1.1266035332970458e-05
"Du, Peiyao",0.0006760182524928173,0.0,1.1266035332970458e-05
"Ning, Xingming",0.0006760182524928173,0.0,1.1266035332970458e-05
"Wang, Yue",0.001014027378739226,0.006105805797346403,1.1387689917838923e-05
"Zhang, Dongxu",0.0006760182524928173,0.0,1.1266035332970458e-05
"Zhang, Shouting",0.0006760182524928173,0.0,1.1266035332970458e-05
"Lu, Xiaoquan",0.0006760182524928173,0.0,1.1266035332970458e-05
"He, Xu",0.0007605205340544194,0.0,3.5354928162687585e-06
"Cui, Chunyue",0.0007605205340544194,0.0,3.5354928162687585e-06
"Yang, Zhaoming",0.0005915159709312151,0.0,0.0002868168809956059
"Yang, Zhanxu",0.0005915159709312151,0.0,0.0002868168809956059
"Lu, Caiyun",0.0005915159709312151,0.0,0.0002868168809956059
"Shi, Yan",0.0005915159709312151,0.0,0.0002868168809956059
"Shah, Sayyar Ali",0.0001690045631232043,0.0,5.450339897804984e-06
"Khan, Iltaf",0.0006760182524928173,9.634074199273219e-05,0.00010761685398661793
"Yuan, Aihua",0.0001690045631232043,0.0,5.450339897804984e-06
"Wang, Miao-miao",0.00042251140780801076,0.0,2.793203157953156e-29
"Li, Qun-yan",0.00042251140780801076,0.0,2.793203157953156e-29
"Liu, Jun-guo",0.00042251140780801076,0.0,2.793203157953156e-29
"Gao, Xuan",0.00042251140780801076,0.0,2.793203157953156e-29
"Wei, Qi",0.00042251140780801076,0.0,2.793203157953156e-29
"Chen, Wen-juan",0.00042251140780801076,0.0,2.793203157953156e-29
"Ding, Mingye",0.00042251140780801076,0.0,0.0004329628820023168
"Zhou, Yingjie",0.00042251140780801076,0.0,0.0004329628820023168
"Lu, Chunhua",0.0009295250971776238,0.0005599748655185671,0.00583801966145195
"Ni, Yaru",0.00042251140780801076,0.0,0.00043296288200231673
"Xu, Zhongzi",0.00042251140780801076,0.0,0.00043296288200231673
"Xue, Wenhua",0.00042251140780801076,0.0,0.0007244755233498143
"Chang, Wenxi",0.00042251140780801076,0.0,0.0007244755233498143
"Hua, Xueying",0.0003380091262464086,0.0,3.683167485230363e-33
"Wang, Jianyu",0.0003380091262464086,0.0,3.683167485230363e-33
"Wu, Meiping",0.0003380091262464086,0.0,3.683167485230363e-33
"Huang, Jiaqi",0.0003380091262464086,0.0,3.683167485230363e-33
"Miao, Xiaojin",0.0003380091262464086,0.0,3.683167485230363e-33
"Liu, Haiyue",0.000507013689369613,0.0,0.0001071152974439701
"Li, Wensen",0.000507013689369613,0.0,0.0001071152974439701
"Yan, Weiguo",0.000507013689369613,0.0,1.7597524812995987e-06
"Wu, Xiangfeng",0.00042251140780801076,0.0,1.6678124974098854e-06
"Sreedhara, M. B.",0.0002535068446848065,0.0,6.570990368930812e-38
"Ghatak, J.",0.0002535068446848065,0.0,6.570990368930812e-38
"Bharath, B.",0.0002535068446848065,0.0,6.570990368930812e-38
"Rao, C. N. R.",0.0002535068446848065,0.0,6.570990368930812e-38
Anh Duc Nguyen,0.0007605205340544194,0.0,2.073438964253325e-18
Thi Hue Pham,0.0007605205340544194,0.0,2.073438964253325e-18
Tri Khoa Nguyen,0.0007605205340544194,0.0,2.073438964253325e-18
"Ullah, Hamid",0.0007605205340544194,0.0,2.073438964253325e-18
"Tahir, Zeeshan",0.0007605205340544194,0.0,2.073438964253325e-18
"Park, Yun Chang",0.0007605205340544194,0.0,2.073438964253325e-18
"Park, Jongwoo",0.0007605205340544194,0.0,2.073438964253325e-18
"Jang, Joon Ik",0.0007605205340544194,0.0,2.073438964253325e-18
"Shin, Young Han",0.0007605205340544194,0.0,2.073438964253325e-18
"Kim, Yong Soo",0.0007605205340544194,0.0,2.073438964253325e-18
"Wu, Jiabao",0.00042251140780801076,0.0,2.793203157953156e-29
"Yu, Cui",0.00042251140780801076,0.0,2.793203157953156e-29
"Feng, Zhihong",0.00042251140780801076,0.0,2.793203157953156e-29
"Lv, Haifeng",0.00042251140780801076,0.0,2.793203157953156e-29
"Li, Xingxing",0.00042251140780801076,0.0,2.793203157953156e-29
"Wu, Xiaojun",0.00042251140780801076,0.0,2.793203157953156e-29
"Ouyang, Bo",0.0005915159709312151,0.0,3.699138722121488e-23
"Qin, Haonan",0.0005915159709312151,0.0,3.699138722121488e-23
"Sun, Chao",0.0005915159709312151,0.0,3.699138722121488e-23
"Deng, Yilin",0.0005915159709312151,0.0,3.699138722121488e-23
"Li, Ang",0.0005915159709312151,0.0,3.699138722121488e-23
"Zhu, Jipeng",0.0005915159709312151,0.0,3.699138722121488e-23
"Kan, Erjun",0.0005915159709312151,0.0,3.699138722121488e-23
"Rawat, Rajdeep Singh",0.0005915159709312151,0.0,3.699138722121488e-23
"Wang, Baoning",0.0005915159709312151,0.0,0.00012654930866862625
"Dall'Agnese, Chunxiang",0.0005915159709312151,0.0,0.00012654930866862625
"Dall'Agnese, Yohan",0.0005915159709312151,0.0,0.00012654930866862625
"Chen, Gang",0.0021970593206016562,0.0015721583196736174,0.001806365302289858
"Jena, Ajay Kumar",0.0005915159709312151,0.0,0.00012654930866862622
"Wang, Xiao-Feng",0.0005915159709312151,0.0,0.00012654930866862622
"Miyasaka, Tsutomu",0.0005915159709312151,0.0,0.00012654930866862622
"Dang, Xueming",0.0002535068446848065,0.0,1.4906979158285852e-05
"Jiang, Xiao",0.0002535068446848065,0.0,1.4906979158285852e-05
"Zhao, Huimin",0.0002535068446848065,0.0,1.4906979158285852e-05
"Feng, Desheng",0.0003380091262464086,0.0,1.0184201539764862e-05
"Feng, Chen",0.0003380091262464086,0.0,1.0184201539764862e-05
"Dong, Xiaoxiang",0.0003380091262464086,0.0,1.0184201539764862e-05
"Chen, Zhonghui",0.0003380091262464086,0.0,1.0184201539764862e-05
"Han, Taotao",0.0007605205340544194,0.0,9.12014360949785e-17
"Liu, Yuqi",0.0007605205340544194,0.0,9.12014360949785e-17
"Ge, Yanqing",0.0007605205340544194,0.0,9.12014360949785e-17
"Xue, Xinyi",0.0007605205340544194,0.0,9.12014360949785e-17
"Dong, Wen",0.0007605205340544194,0.0,9.12014360949785e-17
"Huang, Yuanyuan",0.0007605205340544194,0.0,9.12014360949785e-17
"Zhou, Yixuan",0.0007605205340544194,0.0,9.12014360949785e-17
"He, Yijun",0.0005915159709312151,0.0,9.938496486125381e-05
"Luo, Zhongge",0.0005915159709312151,0.0,9.938496486125381e-05
"Zhu, Zhongqi",0.0005915159709312151,0.0,9.938496486125381e-05
"Zhang, Yumin",0.0005915159709312151,0.0,9.938496486125381e-05
"Liu, Qingju",0.0005915159709312151,0.0,9.938496486125381e-05
"Lei, Biao",0.0006760182524928173,0.0,1.0769863105496944e-05
"Zhang, Hongwen",0.0006760182524928173,0.0,1.0769863105496944e-05
"Zhao, Qian",0.0006760182524928173,0.0,1.0769863105496944e-05
"Liu, Weiwei",0.001014027378739226,0.0001950260457286728,1.0944011764219516e-05
"Lu, Yanyan",0.0006760182524928173,0.0,1.0769863105496944e-05
"Xiao, Tingting",0.0006760182524928173,0.0,1.0769863105496944e-05
"Kong, Jinglin",0.0006760182524928173,0.0,1.0769863105496944e-05
"Cai, Weiping",0.0006760182524928173,0.0,1.0769863105496944e-05
"Dong, Jianing",0.0007605205340544194,0.0,2.073438964253325e-18
"Zhang, Xinnan",0.0007605205340544194,0.0,2.073438964253325e-18
"Huang, Jianying",0.0007605205340544194,0.0,2.073438964253325e-18
"Gao, Shouwei",0.0007605205340544194,0.0,2.073438964253325e-18
"Mao, Jiajun",0.0007605205340544194,0.0,2.073438964253325e-18
"Cai, Jingsheng",0.0007605205340544194,0.0,2.073438964253325e-18
"Chen, Zhong",0.0007605205340544194,0.0,2.073438964253325e-18
"Sathasivam, Sanjayan",0.0007605205340544194,0.0,2.073438964253325e-18
"Carmalt, Claire J.",0.0007605205340544194,0.0,2.073438964253325e-18
"Lai, Yuekun",0.0007605205340544194,0.0,2.073438964253325e-18
"Lai, Longjie",0.00042251140780801076,0.0,0.00030165377395747627
"Wang, Lipeng",0.00042251140780801076,0.0,0.00030165377395747627
"Hu, Jiyue",0.00042251140780801076,0.0,0.00030165377395747627
"Younas, Waqar",0.00042251140780801076,0.0,0.00030165377395747627
"Ruiz-Robles, M. A.",0.000507013689369613,0.0,5.327153564675236e-26
"bundiz-Cisneros, N. A.",0.000507013689369613,0.0,5.327153564675236e-26
"Bender-Perez, C. E.",0.000507013689369613,0.0,5.327153564675236e-26
"Gutierrez-Lazos, C. D.",0.000507013689369613,0.0,5.327153564675236e-26
"Fundora-Cruz, A.",0.000507013689369613,0.0,5.327153564675236e-26
"Solis-Pomar, F.",0.000507013689369613,0.0,5.327153564675236e-26
"Perez-Tijerina, E.",0.000507013689369613,0.0,5.327153564675236e-26
"Zheng, Kai",0.001014027378739226,0.0,0.014173021051776286
"Wu, Yang",0.001014027378739226,0.0,0.014173021051776286
"Zhu, Juncheng",0.001014027378739226,0.0,0.014173021051776286
"Wu, Mingyu",0.001014027378739226,0.0,0.014173021051776286
"Jiao, Xingchen",0.001014027378739226,0.0,0.014173021051776286
"Wang, Shumin",0.001014027378739226,0.0,0.014173021051776286
"Fan, Minghui",0.001014027378739226,0.0,0.014173021051776286
"Hu, Jun",0.001690045631232043,0.00038536296797092877,0.014491384924966528
"Yan, Wensheng",0.001014027378739226,0.0,0.014173021051776286
"Zhu, Junfa",0.001014027378739226,0.0,0.014173021051776286
"Sun, Yongfu",0.001014027378739226,0.0,0.014173021051776286
"Xie, Yi",0.001014027378739226,0.0,0.014173021051776286
"Wang, Changhua",0.0001690045631232043,0.0,9.466877919184599e-06
"Zhang, Xintong",0.0001690045631232043,0.0,9.466877919184599e-06
"Zhang, Jiayu",0.0001690045631232043,0.0,4.961725533464465e-44
"Wang, Siwei",0.0001690045631232043,0.0,4.961725533464465e-44
"Xu, Guobao",0.0001690045631232043,0.0,4.961725533464465e-44
"Seo, Dong Hyun",0.0003380091262464086,0.0,3.683167485230363e-33
"Heo, Ji Won",0.0003380091262464086,0.0,3.683167485230363e-33
"Song, Jong Min",0.0003380091262464086,0.0,3.683167485230363e-33
"Bae, Hagyoul",0.0003380091262464086,0.0,3.683167485230363e-33
"Kim, TaeWan",0.0003380091262464086,0.0,3.683167485230363e-33
"Yang, Liuqingqing",0.000507013689369613,0.0,5.327153564675236e-26
"Heinlein, Jake",0.000507013689369613,0.0,5.327153564675236e-26
"Hua, Cheng",0.000507013689369613,0.0,5.327153564675236e-26
"Gao, Ruixia",0.000507013689369613,0.0,5.327153564675236e-26
"Hu, Shu",0.000507013689369613,0.0,5.327153564675236e-26
"Pfefferle, Lisa",0.000507013689369613,0.0,5.327153564675236e-26
"He, Yulian",0.000507013689369613,0.0,5.327153564675236e-26
"Cen, Jianmei",0.00042251140780801076,0.0,4.2567598545657694e-16
"Jiang, Enjun",0.00042251140780801076,0.0,4.2567598545657694e-16
"Zhu, Yuqing",0.0012675342234240324,0.0,2.787982143118254e-15
"Chen, Zhenyu",0.00042251140780801076,0.0,4.2567598545657685e-16
"Tsiakaras, Panagiotis",0.00042251140780801076,0.0,4.2567598545657685e-16
"Shen, Pei Kang",0.00042251140780801076,0.0,4.2567598545657685e-16
"Liu, Rong",0.002112557039040054,0.0024085185498183043,4.876970902185412e-05
"Zhu, Liangxin",0.0005915159709312151,0.0,4.3780821098544545e-06
"Ge, Chengfeng",0.0005915159709312151,0.0,4.3780821098544545e-06
"Cao, Wenbo",0.0012675342234240324,0.0003082903743767428,5.631216801726087e-06
"Kuang, Jiajin",0.0012675342234240324,0.0003082903743767428,5.631216801726087e-06
"Dong, Chao",0.0015210410681088388,0.0,8.102122306607045e-06
"Chen, Junwei",0.002112557039040054,0.0003082903743767428,8.958136829981476e-06
"Wang, Mingtai",0.002112557039040054,0.0003082903743767428,8.958136829981476e-06
"Wang, Chunyan",0.0006760182524928173,0.0,0.0010900667006195999
"Kang, Xin",0.0006760182524928173,0.0,0.0010900667006195999
"Liu, Jiancong",0.0006760182524928173,0.0,0.0010900667006195999
"Wang, Dongxu",0.001605543349670441,0.003717651400731487,0.0011631534645523043
"Wang, Nan",0.0006760182524928173,0.0,0.0010900667006195999
"Xiao, Xiangyu",0.0007605205340544194,0.0,2.073438964253325e-18
"Zhai, Suhua",0.0007605205340544194,0.0,2.073438964253325e-18
"Wang, Jiayiwen",0.0007605205340544194,0.0,2.073438964253325e-18
"Wang, Muqun",0.0007605205340544194,0.0,2.073438964253325e-18
"Huang, Min",0.0007605205340544194,0.0,2.073438964253325e-18
"Tao, Ye",0.0007605205340544194,0.0,2.073438964253325e-18
"Wang, Hongxiao",0.0007605205340544194,0.0,2.073438964253325e-18
"Xiong, Jianhua",0.0007605205340544194,0.0,2.073438964253325e-18
"Wang, ChuJian",0.0007605205340544194,0.0,2.073438964253325e-18
"Liang, Yu",0.0007605205340544194,0.0,2.073438964253325e-18
"Huang, Jinxin",0.0003380091262464086,0.0,0.00019537206993041454
"Wang, Haixia",0.00042251140780801076,0.0,3.2745506581425687e-06
"Liang, Dong",0.0011830319418624302,0.00024085185498183047,5.462326339850563e-05
"Xu, Yan",0.00042251140780801076,0.0,3.2745506581425687e-06
"Liang, Xiang",0.00042251140780801076,0.0,3.2745506581425687e-06
"Qiu, Xiaoqing",0.00042251140780801076,0.0,3.2745506581425687e-06
"Lin, Zhang",0.00042251140780801076,0.0,3.2745506581425687e-06
"Li, Weichao",0.00042251140780801076,0.0,2.793203157953156e-29
"Zhou, Liexing",0.00042251140780801076,0.0,2.793203157953156e-29
"Xie, Linkun",0.00042251140780801076,0.0,2.793203157953156e-29
"Kang, Kunyong",0.00042251140780801076,0.0,2.793203157953156e-29
"Xu, Juan",0.00042251140780801076,0.0,2.793203157953156e-29
"Chai, Xijuan",0.00042251140780801076,0.0,2.793203157953156e-29
"Kim, Rheehyun",0.000507013689369613,0.0,7.955941174071651e-24
"Kim, Dong-Ha",0.000507013689369613,0.0,7.955941174071651e-24
"Kang, Joon-Young",0.000507013689369613,0.0,7.955941174071651e-24
"Cho, Hee-Jin",0.000507013689369613,0.0,7.955941174071651e-24
"Jeong, Yong Jin",0.000507013689369613,0.0,7.955941174071651e-24
"Dong, Siyin",0.0006760182524928173,0.0,2.8987579688869774e-05
"Fan, Zhenghui",0.0006760182524928173,0.0,2.8987579688869774e-05
"Tie, Shujie",0.0006760182524928173,0.0,2.8987579688869774e-05
"Yuan, Ruihan",0.0006760182524928173,0.0,2.8987579688869774e-05
"Zhou, Bin",0.0006760182524928173,0.0,2.8987579688869774e-05
"Yang, Ning",0.0006760182524928173,0.0,2.8987579688869774e-05
"Zheng, Xiaojia",0.0006760182524928173,0.0,2.8987579688869774e-05
"Shen, Liang",0.0006760182524928173,0.0,2.8987579688869774e-05
"Balati, Ali",0.0002535068446848065,0.0,6.570990368930812e-38
"Wagle, Dipendra",0.0002535068446848065,0.0,6.570990368930812e-38
"Nash, Kelly L.",0.0002535068446848065,0.0,6.570990368930812e-38
"Shipley, Heather J.",0.0002535068446848065,0.0,6.570990368930812e-38
"Huang, Yun",0.0003380091262464086,0.0,3.683167485230363e-33
"Guo, Jianhe",0.0003380091262464086,0.0,3.683167485230363e-33
"Li, Yufan",0.0003380091262464086,0.0,3.683167485230363e-33
"Li, Huaizhi",0.0003380091262464086,0.0,3.683167485230363e-33
"Fan, Donglei Emma",0.0003380091262464086,0.0,3.683167485230363e-33
"Shree, Ganesh Nithya",0.0003380091262464086,0.0,3.683167485230363e-33
"Jones, Benjamin Moses Filip",0.0003380091262464086,0.0,3.683167485230363e-33
"Satiya, Kanagavel Mahendran Devi",0.0003380091262464086,0.0,3.683167485230363e-33
"Sivagurusundar, Ramar",0.0003380091262464086,0.0,3.683167485230363e-33
"Nagarajan, Erumaipatty Rajagounder",0.0003380091262464086,0.0,3.683167485230363e-33
"Sakthivel, Rajalakshmi",0.0002535068446848065,0.0,6.570990368930812e-38
"Keerthi, Murugan",0.0002535068446848065,0.0,6.570990368930812e-38
"Chung, Ren-Jei",0.0002535068446848065,0.0,6.570990368930812e-38
"He, Jr-Hau",0.0002535068446848065,0.0,6.570990368930812e-38
"Tian, Xu",0.000507013689369613,0.0,9.029290138761461e-08
"Cui, Xiuxiu",0.000507013689369613,0.0,9.029290138761461e-08
"Chen, Ting",0.000507013689369613,0.0,9.029290138761461e-08
"Xiao, Xuechun",0.000507013689369613,0.0,9.029290138761461e-08
"Liu, Cai",0.0006760182524928173,0.0,0.0002552339754115946
"Zhang, Miaoxin",0.0006760182524928173,0.0,0.0002552339754115946
"Wan, Biao",0.0006760182524928173,0.0,0.0002552339754115946
"Li, Xiaona",0.0006760182524928173,0.0,0.0002552339754115946
"Gou, Huiyang",0.0006760182524928173,0.0,0.0002552339754115946
"Wang, Yexin",0.0006760182524928173,0.0,0.0002552339754115946
"Yin, Fuxing",0.0006760182524928173,0.0,0.0002552339754115946
"Wang, Gongkai",0.0006760182524928173,0.0,0.0002552339754115946
"Choudhary, Nitin",0.0006760182524928173,0.0,1.1202643420018154e-12
"Noh, Chanwoo",0.0006760182524928173,0.0,1.1202643420018154e-12
"Islam, Md Ashraful",0.0006760182524928173,0.0,1.1202643420018154e-12
"Oh, Kyu Hwan",0.0006760182524928173,0.0,1.1202643420018154e-12
"Coffey, Kevin",0.0006760182524928173,0.0,1.1202643420018154e-12
"Jung, YounJoon",0.0006760182524928173,0.0,1.1202643420018154e-12
"Wang, Yuanming",0.0005915159709312151,0.0,4.29105810951716e-05
"Xiao, Huanhao",0.0005915159709312151,0.0,4.29105810951716e-05
"Yuan, Guohui",0.0005915159709312151,0.0,4.29105810951716e-05
"Sahoo, Dipti Prava",0.0002535068446848065,0.0,2.6374413748877823e-25
"Mohanty, Upali Aparajita",0.0002535068446848065,0.0,2.6374413748877823e-25
"Ren, Kai",0.000507013689369613,0.0,5.327153564675236e-26
"Wang, Sake",0.000507013689369613,0.0,5.327153564675236e-26
"Luo, Yi",0.000507013689369613,0.0,5.327153564675236e-26
"Chou, Jyh-Pin",0.000507013689369613,0.0,5.327153564675236e-26
"Yu, Jin",0.000507013689369613,0.0,5.327153564675236e-26
"Tang, Wencheng",0.000507013689369613,0.0,5.327153564675236e-26
"Sun, Minglei",0.000507013689369613,0.0,5.327153564675236e-26
"Li, Zizhen",0.0006760182524928173,0.0,0.0002461412029492703
"Zhang, Hongguang",0.0006760182524928173,0.0,0.0002461412029492703
"Xiangchao, Meng",0.0006760182524928173,0.0,0.0002461412029492703
"Shi, Junjie",0.0015210410681088388,0.00048170370996366093,0.00025609235017486304
"Qi, Caixia",0.0006760182524928173,0.0,0.0002461412029492703
"Loomba, Suraj",0.0008450228156160215,0.0,2.2127524400699098e-16
"Khan, Muhammad Waqas",0.0008450228156160215,0.0,2.2127524400699098e-16
"Haris, Muhammad",0.0008450228156160215,0.0,2.2127524400699098e-16
"Nettem, Vasundhara",0.0008450228156160215,0.0,2.2127524400699098e-16
"Gbadamasi, Sharafadeen",0.0008450228156160215,0.0,2.2127524400699098e-16
"Trail, Kevin",0.0008450228156160215,0.0,2.2127524400699098e-16
"Taylor, Patrick D.",0.0008450228156160215,0.0,2.2127524400699098e-16
"Thomsen, Lars",0.0008450228156160215,0.0,2.2127524400699098e-16
"Tadich, Anton",0.0008450228156160215,0.0,2.2127524400699098e-16
"Spencer, Michelle J. S.",0.0008450228156160215,0.0,2.2127524400699098e-16
"Mahmood, Nasir",0.0008450228156160215,0.0,2.2127524400699098e-16
"Shawky, Ahmed",0.0002535068446848065,0.0,1.319718378224328e-26
"Mohamed, R. M.",0.0002535068446848065,0.0,1.319718378224328e-26
"Alahmadi, Nadiyah",0.0002535068446848065,0.0,1.319718378224328e-26
"Zaki, Z. I.",0.00042251140780801076,2.5352826840192683e-06,5.779903729720804e-26
"Ahmed, Sarab",0.0002535068446848065,0.0,6.570990368930812e-38
"Li, Baosong",0.0002535068446848065,0.0,6.570990368930812e-38
"Luo, Shaohong",0.0002535068446848065,0.0,6.570990368930812e-38
"Liao, Kin",0.0002535068446848065,0.0,6.570990368930812e-38
"Kim, Sanghoon",0.0001690045631232043,0.0,4.961725533464465e-44
"Menabde, Sergey G.",0.0001690045631232043,0.0,4.961725533464465e-44
"Jang, Min Seok",0.0001690045631232043,0.0,4.961725533464465e-44
"Geng, Tiepei",0.0007605205340544194,0.0,1.818262322853143e-05
"Wang, Le",0.001605543349670441,0.002051245071022521,2.214570551628478e-05
"Hu, Ningneng",0.0007605205340544194,0.0,1.818262322853143e-05
"Li, Hao",0.002028054757478452,0.0032142649524679067,0.00021460472858081132
"Zhang, Heng",0.0007605205340544194,0.0,1.818262322853143e-05
"Feng, Xingjian",0.0007605205340544194,0.0,1.818262322853143e-05
"Jiang, Jian-Hua",0.0007605205340544194,0.0,1.818262322853143e-05
"Liz-Marzan, Luis M.",0.0007605205340544194,0.0,1.818262322853143e-05
"Ni, Weihai",0.0007605205340544194,0.0,1.818262322853143e-05
"Yan, Kang",0.0006760182524928173,0.0,0.00020983352888768775
"Xie, Qun",0.0006760182524928173,0.0,0.00020983352888768775
"Zhang, Jiang",0.0006760182524928173,0.0,0.00020983352888768775
"Li, Huabo",0.0003380091262464086,0.0,0.0007279130875105378
"Zhang, Lu",0.0013520365049856345,0.0008493021127331526,0.0009462592996934681
"Gao, Ruihua",0.0003380091262464086,0.0,0.000727913087510538
Tran Nam Trung,0.0003380091262464086,0.0,1.3824010210400115e-19
Nguyen Duc Quang,0.0003380091262464086,0.0,1.3824010210400115e-19
"Kim, Dojin",0.000507013689369613,0.0,1.9208599071961394e-19
"Akib, Tarik Bin Abdul",0.0003380091262464086,0.0,4.8799098798662116e-21
"Mostufa, Shahriar",0.0003380091262464086,0.0,4.8799098798662116e-21
"Rana, Md. Masud",0.0003380091262464086,0.0,4.8799098798662116e-21
"Hossain, Md. Biplob",0.001014027378739226,3.380376912025691e-06,2.492560126113925e-20
"Islam, Md. Rabiul",0.0003380091262464086,0.0,4.8799098798662116e-21
"Ma, Churong",0.0009295250971776238,0.0,0.0024838042595142513
"Li, Xinkuan",0.0009295250971776238,0.0,0.0024838042595142513
"Huang, Pengfei",0.0009295250971776238,0.0,0.0024838042595142513
"Liu, Xinyue",0.0009295250971776238,0.0,0.0024838042595142513
"Yan, Jiahao",0.0009295250971776238,0.0,0.0024838042595142513
"Zheng, Zhaoqiang",0.0009295250971776238,0.0,0.0024838042595142513
"Yao, Jiandong",0.0009295250971776238,0.0,0.0024838042595142513
"Du, Chun",0.0009295250971776238,0.0,0.0024838042595142513
"Li, Xiangping",0.0009295250971776238,0.0,0.0024838042595142513
"Guan, Bai-ou",0.0009295250971776238,0.0,0.0024838042595142513
"Tang, Junjie",0.0005915159709312151,0.0,0.004230042964105264
"Cheng, Lingli",0.000507013689369613,0.0,3.423877995749371e-06
"Cao, Yuyan",0.000507013689369613,0.0,3.423877995749371e-06
"Li, Shen",0.000507013689369613,0.0,3.423877995749371e-06
"Liu, Guohao",0.000507013689369613,0.0,3.423877995749371e-06
"Cui, Shicong",0.000507013689369613,0.0,3.423877995749371e-06
"Jiao, Zheng",0.000507013689369613,0.0,3.423877995749371e-06
"Cao, Mengyu",0.0002535068446848065,0.0,6.570990368930812e-38
"Shao, Shibo",0.0002535068446848065,0.0,6.570990368930812e-38
"Ji, Wenxi",0.0002535068446848065,0.0,6.570990368930812e-38
"Fan, Xianfeng",0.0002535068446848065,0.0,6.570990368930812e-38
"Song, Yunhua",0.0003380091262464086,0.0,0.0007209881347304797
"Mo, Shudi",0.0003380091262464086,0.0,0.0007209881347304797
"Guo, Donggang",0.0003380091262464086,0.0,0.0007209881347304797
"Xiao, Mengya",0.0006760182524928173,0.0,3.527959152402487e-05
"Hu, Wei",0.0006760182524928173,0.0,3.527959152402487e-05
"Sun, Xiang",0.001014027378739226,0.00042475357380977584,3.5695193191471877e-05
"Zhang, Pingfan",0.0006760182524928173,0.0,3.527959152402487e-05
"Wang, Xingtian",0.0003380091262464086,0.0,0.0002906232234720367
"Zhu, Junfeng",0.0003380091262464086,0.0,0.0002906232234720367
"Liu, Wenbing",0.0003380091262464086,0.0,0.0002906232234720367
"Wang, Hu",0.0003380091262464086,0.0,0.0002906232234720367
"Tang, Xiaonian",0.0003380091262464086,0.0,1.9843253292890915e-07
"Zhang, Jiarui",0.0003380091262464086,0.0,1.9843253292890915e-07
"Li, Shuo",0.0003380091262464086,0.0,1.9843253292890915e-07
Li Liu,0.0003380091262464086,0.0,1.9843253292890915e-07
"Wang, Wenbin",0.0003380091262464086,0.0,4.179011831614646e-05
"Liu, Chen",0.0013520365049856345,0.0004381406912553285,0.0006655038320204661
"Li, Haiyan",0.0003380091262464086,0.0,4.1790118316146456e-05
"Dang, Dongbin",0.0009295250971776238,0.00022236874701870037,6.594451988961502e-05
"Bai, Yan",0.0009295250971776238,0.00022236874701870037,6.594451988961502e-05
"Vafaei, Paniz",0.000507013689369613,0.0,1.9459167075628884e-23
"Kodu, Margus",0.0007605205340544194,0.0,2.5337892210720953e-23
"Alles, Harry",0.0007605205340544194,0.0,2.5337892210720953e-23
"Kiisk, Valter",0.000507013689369613,0.0,1.9459167075628884e-23
"Casals, Olga",0.000507013689369613,0.0,1.9459167075628884e-23
"Prades, Joan Daniel",0.000507013689369613,0.0,1.9459167075628884e-23
"Jaaniso, Raivo",0.0007605205340544194,0.0,2.5337892210720953e-23
"Mondal, Surajit",0.0002535068446848065,0.0,6.570990368930812e-38
"Majee, Rahul",0.0002535068446848065,0.0,6.570990368930812e-38
"Arif Islam, Quazi",0.0002535068446848065,0.0,6.570990368930812e-38
"Bhattacharyya, Sayan",0.0002535068446848065,0.0,6.570990368930812e-38
"Gopal, Ramalingam",0.0012675342234240324,2.788810952421195e-05,3.430511135076894e-15
"Chinnapan, Maria Magdalane",0.0007605205340544194,0.0,3.1127225056176325e-15
"Bojarajan, Arjun Kumar",0.0007605205340544194,0.0,3.1127225056176325e-15
"Rotte, Naresh Kumar",0.0007605205340544194,0.0,3.1127225056176325e-15
"Ponraj, Joice Sophia",0.0007605205340544194,0.0,3.1127225056176325e-15
"Ganesan, Ravi",0.0007605205340544194,0.0,3.1127225056176325e-15
"Atanas, Ivanov",0.0007605205340544194,0.0,3.1127225056176325e-15
"Nadarajah, Manivannan",0.0007605205340544194,0.0,3.1127225056176325e-15
"Gaspar, Joao",0.0007605205340544194,0.0,3.1127225056176325e-15
"Fu, Wenzhe",0.0007605205340544194,0.0,5.586306642281303e-07
"Jin, Dianyu",0.0007605205340544194,0.0,5.586306642281303e-07
"Hua, Jianxin",0.0007605205340544194,0.0,5.586306642281303e-07
"Lai, Wenrui",0.0007605205340544194,0.0,5.586306642281303e-07
"Ouyang, Zhuping",0.0007605205340544194,0.0,5.586306642281303e-07
"Xu, Ruyi",0.0007605205340544194,0.0,5.586306642281303e-07
"Salazar-Marin, D.",0.0006760182524928173,0.0,1.1873375919844751e-20
"Kesarla, M. K.",0.0006760182524928173,0.0,1.1873375919844751e-20
"Kar, Tathagata",0.0006760182524928173,0.0,1.1873375919844751e-20
"Romero, D. De la Cruz",0.0006760182524928173,0.0,1.1873375919844751e-20
"Jaramillo-Quintero, O. A.",0.0006760182524928173,0.0,1.1873375919844751e-20
"Torres-Torres, J. G.",0.0006760182524928173,0.0,1.1873375919844751e-20
"Hernandez-Gordillo, Agileo",0.0006760182524928173,0.0,1.1873375919844751e-20
"Rodil, Sandra E.",0.0006760182524928173,0.0,1.1873375919844751e-20
"Godavarthi, S.",0.0006760182524928173,0.0,1.1873375919844751e-20
"Kao, Po-Ching",0.0002535068446848065,0.0,6.570990368930812e-38
"Hsieh, Cheng-Jie",0.0002535068446848065,0.0,6.570990368930812e-38
"Chen, Ze-Hui",0.0002535068446848065,0.0,6.570990368930812e-38
"Chen, Sy-Hann",0.0002535068446848065,0.0,6.570990368930812e-38
"Zeng, Xiaojun",0.0007605205340544194,0.00017274137492120781,0.00023916488520279923
"Zhang, Qingqing",0.00042251140780801076,0.0,3.451285563362737e-05
"Shen, Zong-Yang",0.00042251140780801076,0.0,3.451285563362737e-05
"Zhang, Haiqi",0.00042251140780801076,0.0,3.451285563362737e-05
"Liu, Zhenyuan",0.00042251140780801076,0.0,3.451285563362737e-05
"Zhang, Boyu",0.0012675342234240324,0.0,0.004851035912100384
"Wang, Zhennan",0.0012675342234240324,0.0,0.004851035912100384
"Kondamareddy, Kiran Kumar",0.0015210410681088388,2.732037587385842e-05,0.0050088745910121905
"Khosla, Ajit",0.0012675342234240324,0.0,0.004851035912100384
"Zhang, Yuhao",0.0012675342234240324,0.0,0.004851035912100384
"Wu, Qiong",0.0019435524759168496,0.0040679444766564855,0.005160909383292664
"Zeng, Yimei",0.0012675342234240324,0.0,0.004851035912100384
"Xie, Lihao",0.0012675342234240324,0.0,0.004851035912100384
"Zhao, Bang",0.0012675342234240324,0.0,0.004851035912100384
"Yang, Tongtong",0.0012675342234240324,0.0,0.004851035912100384
"Fan, Huiqing",0.0012675342234240324,0.0,0.004851035912100384
"Gornakov, V. S.",0.00042251140780801076,0.0,2.2388188097440872e-31
"Shashkov, I. V.",0.00042251140780801076,0.0,2.2388188097440872e-31
"Lebyodkin, M. A.",0.00042251140780801076,0.0,2.2388188097440872e-31
"Lebedkina, T. A.",0.0002535068446848065,0.0,1.516856405251254e-31
"Idzuchi, H.",0.0003380091262464086,0.0,3.683167485230363e-33
"Allcca, A. E. Llacsahuanga",0.0003380091262464086,0.0,3.683167485230363e-33
"Pan, X. C.",0.0003380091262464086,0.0,3.683167485230363e-33
"Tanigaki, K.",0.0003380091262464086,0.0,3.683167485230363e-33
"Chen, Y. P.",0.0003380091262464086,0.0,3.683167485230363e-33
"Han, Cheng",0.0008450228156160215,2.752115206616779e-05,0.00011877607159642261
"Wu, Chunzhi",0.0006760182524928173,0.0,6.696599016015338e-05
"Shen, Shujin",0.0006760182524928173,0.0,6.696599016015338e-05
"Zhang, Xiaoshan",0.0006760182524928173,0.0,6.696599016015338e-05
"Tian, Qiong",0.0006760182524928173,0.0,6.696599016015338e-05
"Lei, Yongpeng",0.0006760182524928173,0.0,6.696599016015338e-05
"Zhang, Junlong",0.0005915159709312151,0.0,8.019843452014953e-07
"Lu, Yan",0.0005915159709312151,0.0,8.019843452014953e-07
"Ge, Lei",0.0006760182524928173,0.0,8.336029357006775e-07
"Han, Changcun",0.0005915159709312151,0.0,8.019843452014953e-07
"Li, Yujing",0.0005915159709312151,0.0,8.019843452014953e-07
"Gao, Yangqin",0.0006760182524928173,0.0,8.336029357006775e-07
"Li, Songsong",0.0006760182524928173,0.0,8.336029357006775e-07
"Hajjar, Dina",8.450228156160216e-05,0.0,1.1672423683483423e-52
"Khairy, Mohamed",8.450228156160216e-05,0.0,1.1672423683483423e-52
"Shao, Yu-Cheng",0.0005915159709312151,0.0,2.3165793564714542e-12
"Kuo, Cheng-Tai",0.0005915159709312151,0.0,2.3165793564714542e-12
"Feng, Xuefei",0.0005915159709312151,0.0,2.3165793564714542e-12
"Chuang, Yi-De",0.0005915159709312151,0.0,2.3165793564714542e-12
"Ghobadi, Turkan Gamze Ulusoy",0.0002535068446848065,0.0,4.621877625833355e-32
"Karadas, Ferdi",0.0002535068446848065,0.0,4.621877625833355e-32
"Ozbay, Ekmel",0.0002535068446848065,0.0,4.621877625833355e-32
"Zhou, Huaijuan",0.0005915159709312151,0.0,6.544900621922298e-06
"Wu, Bing",0.0005915159709312151,0.0,6.544900621922298e-06
"Dekanovsky, Lukas",0.0005915159709312151,0.0,6.544900621922298e-06
"Wei, Shuangying",0.0005915159709312151,0.0,6.544900621922298e-06
"Khezri, Bahareh",0.0005915159709312151,0.0,6.544900621922298e-06
"Hartman, Tomas",0.0005915159709312151,0.0,6.544900621922298e-06
"Sofer, Zdenek",0.0005915159709312151,0.0,6.544900621922298e-06
"Liu, Qiusen",0.0006760182524928173,0.0,2.2507866557644228e-05
"Fu, Tingzheng",0.0006760182524928173,0.0,2.2507866557644228e-05
"Xiao, Hongbiao",0.0006760182524928173,0.0,2.2507866557644228e-05
"Yu, Ye",0.0006760182524928173,0.0,2.2507866557644228e-05
"Che, Zhiqing",0.0006760182524928173,0.0,2.2507866557644228e-05
"Zhang, Yixing",0.0006760182524928173,0.0,2.2507866557644228e-05
"Chen, Anran",0.0015210410681088388,0.0002598974366007414,0.0001881197471794443
"Li, Mian",0.0006760182524928173,0.0,2.2507866557644228e-05
"Liu, Tingting",0.0012675342234240324,0.00021666846479891143,0.00014304662132887165
"Faraji, Monireh",0.0005915159709312151,0.0,1.2106226817495843e-13
"Yousefi, Mahdieh",0.0005915159709312151,0.0,1.2106226817495843e-13
"Yousefzadeh, Samira",0.0005915159709312151,0.0,1.2106226817495843e-13
"Zirak, Mohammad",0.0005915159709312151,0.0,1.2106226817495843e-13
"Naseri, Naimeh",0.0005915159709312151,0.0,1.2106226817495843e-13
"Jeon, Tae Hwa",0.0007605205340544194,0.0,1.5509170804919142e-13
"Moshfegh, Alireza Z.",0.0009295250971776238,5.7466407504436745e-05,1.2551865878726822e-13
"Li, Zhenhu",0.00042251140780801076,0.0,0.00041254215921306337
"Feng, Shuanglong",0.001014027378739226,0.00047556181759766144,0.00044190879545155356
"Liu, Shuangyi",0.00042251140780801076,0.0,0.00041254215921306337
"Choa, Yong-Ho",0.0005915159709312151,0.0,2.860063074300102e-12
"Shi, Weiqi",0.0006760182524928173,0.0,1.9557716704109742e-05
"Ding, Yifang",0.0006760182524928173,0.0,1.9557716704109742e-05
"Fang, Shaojun",0.0006760182524928173,0.0,1.9557716704109742e-05
"Qi, Jiao",0.0006760182524928173,0.0,1.9557716704109742e-05
"Zhang, Rongjun",0.0006760182524928173,0.0,1.9557716704109742e-05
"Zhang, Guoqi",0.001605543349670441,0.006803008535451703,2.0568786548754544e-05
"Tang, Hongyu",0.0006760182524928173,0.0,1.9557716704109742e-05
"Zhang, Zhiying",0.00042251140780801076,0.0,0.0008567809433706758
"Hao, Xueli",0.00042251140780801076,0.0,0.0008567809433706758
"Hao, Siqinhaolu",0.00042251140780801076,0.0,0.0008567809433706758
"Yu, Xiujuan",0.0006760182524928173,7.657853850704354e-06,0.0010860349001241877
"Li, Jingyi",0.0006760182524928173,7.657853850704354e-06,0.0010860349001241877
"Peng, Ruichao",0.000507013689369613,0.0,1.9227614221193703e-05
"Zhang, Honglei",0.000507013689369613,0.0,1.9227614221193703e-05
"Gui, Lin",0.000507013689369613,0.0,1.9227614221193703e-05
"Zheng, Yu",0.000507013689369613,0.0,1.9227614221193703e-05
"Wu, Zaikun",0.000507013689369613,0.0,1.9227614221193703e-05
"Luo, Yunbai",0.000507013689369613,0.0,1.9227614221193703e-05
"Yu, Ping",0.0009295250971776238,0.00028902222597819655,0.00030347614997247005
"Li, Junke",0.0003380091262464086,0.0,5.511974391442472e-05
"Li, Mei",0.0009295250971776238,0.002137900882328947,5.70640930190376e-05
"Xiao, Yuanhua",0.0010985296603008281,0.0,1.8137275527216393e-06
"Le, Qingling",0.0010985296603008281,0.0,1.8137275527216393e-06
"Kong, Yang",0.0010985296603008281,0.0,1.8137275527216393e-06
"Lv, Wendi",0.0010985296603008281,0.0,1.8137275527216393e-06
"Su, Dangcheng",0.0010985296603008281,0.0,1.8137275527216393e-06
"Rui, Xianhong",0.0010985296603008281,0.0,1.8137275527216393e-06
"Yu, Shuyan",0.0010985296603008281,0.0,1.8137275527216393e-06
"Zhang, Aiqing",0.0010985296603008281,0.0,1.8137275527216393e-06
"Zhao, Junhong",0.0010985296603008281,0.0,1.8137275527216393e-06
"Yang, Qingxiang",0.0010985296603008281,0.0,1.8137275527216393e-06
"Jin, Qingxian",0.0010985296603008281,0.0,1.8137275527216393e-06
"Zheng, Yujie",0.0010985296603008281,0.0,1.8137275527216393e-06
"Fang, Shaoming",0.0010985296603008281,0.0,1.8137275527216393e-06
"Ma, Zhipeng",0.0008450228156160215,0.0,5.061516966135325e-07
"Liu, Zhan",0.0008450228156160215,0.0,5.061516966135325e-07
"Li, Qing",0.002028054757478452,0.005248502729399476,5.930293162276378e-06
"Li, Jiaojiao",0.0008450228156160215,0.0,5.061516966135324e-07
"Fan, Yuqian",0.0008450228156160215,0.0,5.061516966135324e-07
"Dong, Haifeng",0.0008450228156160215,0.0,5.061516966135324e-07
"Song, Yun",0.0005915159709312151,0.0,4.0659485930451e-07
"Yang, Jiawei",0.0003380091262464086,0.0,3.683167485230363e-33
"Chao, Mengna",0.0003380091262464086,0.0,3.683167485230363e-33
"Zhao, Qiang",0.0003380091262464086,0.0,3.683167485230363e-33
"Li, Jinping",0.0003380091262464086,0.0,3.683167485230363e-33
"Liu, Guang",0.0003380091262464086,0.0,3.683167485230363e-33
"Liu, Shouda",0.0005915159709312151,0.0,9.88052663105185e-06
"Liu, Lulu",0.0005915159709312151,0.0,9.88052663105185e-06
"Liu, Juanjuan",0.0005915159709312151,0.0,9.88052663105185e-06
"Xiang, Yu",0.0005915159709312151,0.0,9.88052663105185e-06
"Gao, Loujun",0.0005915159709312151,0.0,9.88052663105185e-06
"Fu, Feng",0.0012675342234240324,0.0007854631647414192,0.00010510220165010419
"Gao, Xiaoming",0.0008450228156160215,7.619852752109998e-05,5.0907635351803685e-05
"Xuan, Jian",0.0005915159709312151,0.0,9.88052663105185e-06
"Zhang, He",0.0005915159709312151,0.0,0.00023196634218034535
"Chen, Weigen",0.0005915159709312151,0.0,0.00023196634218034535
"Song, Zihao",0.0005915159709312151,0.0,0.00023196634218034535
"Tang, Sirui",0.0005915159709312151,0.0,0.00023196634218034535
"Wang, Sijie",0.0005915159709312151,0.0,0.00023196634218034535
"Zhou, Dao",0.0005915159709312151,0.0,0.00023196634218034535
"Wu, Juan",0.000507013689369613,0.0,1.0035160761308429e-23
"Qi, Mixiang",0.000507013689369613,0.0,1.0035160761308429e-23
"Wang, Gang",0.000507013689369613,0.0,1.0035160761308429e-23
"Liu, Chengdong",0.000507013689369613,0.0,1.0035160761308429e-23
"Hou, Wei",0.000507013689369613,0.0,1.0035160761308429e-23
"Liu, Weisheng",0.000507013689369613,0.0,1.0035160761308429e-23
"Tao, Fei-Fei",0.0001690045631232043,0.0,4.961725533464465e-44
"Dong, Yali",0.0001690045631232043,0.0,4.961725533464465e-44
"Yang, Lingang",0.0001690045631232043,0.0,4.961725533464465e-44
"Altan, Orhan",0.0002535068446848065,0.0,8.82897213838813e-35
"Altintas, Elvin",0.0002535068446848065,0.0,8.82897213838813e-35
"Alemdar, Sila",0.0002535068446848065,0.0,8.82897213838813e-35
"Metin, Onder",0.000507013689369613,0.0,1.4530292472105008e-34
"Kirbiyik, Cisem",0.000507013689369613,0.0,5.327153564675236e-26
"Kara, Duygu Akin",0.000507013689369613,0.0,5.327153564675236e-26
"Kara, Koray",0.000507013689369613,0.0,5.327153564675236e-26
"Buyukcelebie, Sumeyra",0.000507013689369613,0.0,5.327153564675236e-26
"Yigit, Mesude Zeliha",0.000507013689369613,0.0,5.327153564675236e-26
"Can, Mustafa",0.000507013689369613,0.0,5.327153564675236e-26
"Kus, Mahmut",0.000507013689369613,0.0,5.327153564675236e-26
"Jiu, Hongfang",0.0010985296603008281,0.0004268841216237412,7.898378421957166e-06
"Wang, Congli",0.0008450228156160215,0.0,3.868384212858072e-06
"Gao, Tiantian",0.0008450228156160215,0.0,3.868384212858072e-06
"Shi, Ruina",0.0008450228156160215,0.0,3.868384212858072e-06
"Guo, Zhixin",0.0008450228156160215,0.0,3.868384212858072e-06
"Che, Sicong",0.0008450228156160215,0.0,3.868384212858072e-06
"Han, Yuxin",0.0008450228156160215,0.0,3.868384212858072e-06
"Du, Jiawei",0.0008450228156160215,0.0,3.868384212858072e-06
"Wang, Xiyan",0.0008450228156160215,0.0,3.868384212858072e-06
"Zhang, Lixin",0.0010985296603008281,0.0004268841216237412,7.898378421957166e-06
"Wang, Zexiang",0.000507013689369613,0.0,0.0009554608048602586
"Xiang, Feng",0.000507013689369613,0.0,0.0009554608048602586
"Chen, Chen",0.0009295250971776238,0.0033816367473840517,0.0022129770982513707
"Ma, Xiangchen",0.000507013689369613,0.0,0.0009554608048602586
"Zhao, Xian",0.000507013689369613,0.0,0.0009554608048602586
"Fan, Weiliu",0.000507013689369613,0.0,0.0009554608048602586
"Yin, Xingtian",0.0006760182524928173,0.0,1.1873375919844751e-20
"Battaglia, Corsin",0.0006760182524928173,0.0,1.1873375919844751e-20
"Lin, Yongjing",0.0006760182524928173,0.0,1.1873375919844751e-20
"Chen, Kevin",0.0006760182524928173,0.0,1.1873375919844751e-20
"Hettick, Mark",0.0006760182524928173,0.0,1.1873375919844751e-20
"Zheng, Maxwell",0.0006760182524928173,0.0,1.1873375919844751e-20
"Chen, Cheng-Ying",0.0006760182524928173,0.0,1.1873375919844751e-20
"Kiriya, Daisuke",0.0006760182524928173,0.0,1.1873375919844751e-20
"Javey, Ali",0.0006760182524928173,0.0,1.1873375919844751e-20
"Zhou, Jiadong",0.002028054757478452,0.0006772630633772373,0.0009441535225934227
"Lin, Junhao",0.0010985296603008281,0.0,0.0008190907801091132
"Lv, Danhui",0.0010985296603008281,0.0,0.0008190907801091132
"Shi, Jia",0.0010985296603008281,0.0,0.0008190907801091132
"Sun, Linfeng",0.0010985296603008281,0.0,0.0008190907801091132
"Niu, Lin",0.0010985296603008281,0.0,0.0008190907801091132
"Liu, Fucai",0.002028054757478452,0.0006772630633772373,0.0009441535225934227
"Wang, Xiaowei",0.0010985296603008281,0.0,0.0008190907801091132
"Liu, Xinfeng",0.0010985296603008281,0.0,0.0008190907801091132
"Suenaga, Kazu",0.0010985296603008281,0.0,0.0008190907801091132
"Jin, Chuanhong",0.0010985296603008281,0.0,0.0008190907801091132
"Chao, Shaofei",0.00042251140780801076,0.0,0.0003885930691191171
"Xue, Yanhui",0.00042251140780801076,0.0,0.0003885930691191171
"Wu, Fufa",0.00042251140780801076,0.0,0.0003885930691191171
"Muhammad, Sufyan Javed",0.00042251140780801076,0.0,0.0003885930691191171
"Gong, Yonghui",0.0010985296603008281,0.0,0.0002463218442327794
"Yong, Kai",0.0010985296603008281,0.0,0.0002463218442327794
"Wu, Chun",0.0010985296603008281,0.0,0.0002463218442327794
"Zhang, Lan",0.0010985296603008281,0.0,0.0002463218442327794
"Su, Gehong",0.0010985296603008281,0.0,0.0002463218442327794
"Wang, Yanying",0.0010985296603008281,0.0,0.0002463218442327794
"Ye, Jianshan",0.0010985296603008281,0.0,0.0002463218442327794
"Liu, Tao",0.0010985296603008281,0.0,0.0002463218442327794
"Rao, Hanbing",0.0010985296603008281,0.0,0.0002463218442327794
"Lu, Zhiwei",0.0010985296603008281,0.0,0.0002463218442327794
"Kolaei, Morteza",0.000507013689369613,0.0,4.511833119781916e-25
"Li, Wenjun",0.0008450228156160215,0.0003482579864742451,0.00011280182580618387
"Chen, Wendou",0.00042251140780801076,0.0,4.1472423833202386e-05
"Yang, Limeng",0.00042251140780801076,0.0,4.1472423833202386e-05
"Wu, Hailiang",0.00042251140780801076,0.0,4.1472423833202386e-05
"Mao, Ningtao",0.00042251140780801076,0.0,4.1472423833202386e-05
"Lee, Sang Yeon",0.00042251140780801076,0.0,2.793203157953156e-29
"Kim, Jinseo",0.00042251140780801076,0.0,2.793203157953156e-29
"Ahn, Byungmin",0.00042251140780801076,0.0,2.793203157953156e-29
"Cho, In Sun",0.00042251140780801076,0.0,2.793203157953156e-29
"Yu, Hak Ki",0.00042251140780801076,0.0,2.793203157953156e-29
"Seo, Hyungtak",0.00042251140780801076,0.0,2.793203157953156e-29
"Han, Xiling",0.0003380091262464086,0.0,2.414572686608978e-06
"Yu, Yifu",0.0003380091262464086,0.0,2.414572686608978e-06
"Liu, Dali",0.0003380091262464086,0.0,2.414572686608978e-06
"Luo, Cai-Yun",0.0005915159709312151,0.0,0.0001884036790817119
"Yang, Yin-Cai",0.0005915159709312151,0.0,0.0001884036790817119
"Li, Xiaofan",0.0005915159709312151,0.0,0.0001884036790817119
"Peng, P.",0.0005915159709312151,0.0,0.0001884036790817119
"Lele, N.",0.0002535068446848065,0.0,6.570990368930812e-38
"Bambo, M. F.",0.0002535068446848065,0.0,6.570990368930812e-38
"Mmutlane, E. M.",0.0002535068446848065,0.0,6.570990368930812e-38
"Dlamini, L. N.",0.0002535068446848065,0.0,6.570990368930812e-38
"Zhu, Quping",0.00042251140780801076,0.0,4.0750844135524055e-06
"Yan, Zhehui",0.00042251140780801076,0.0,4.0750844135524055e-06
"Wang, Yiding",0.00042251140780801076,0.0,4.0750844135524055e-06
"Wang, Jinneng",0.00042251140780801076,0.0,4.0750844135524055e-06
"Hao, Dong",0.0008450228156160215,0.00024085185498183047,6.811706853041596e-05
"Zhu, Luping",0.00042251140780801076,0.0,4.0750844135524055e-06
"Zhang, Xinci",0.0003380091262464086,0.0,0.0014523163173666036
"Guo, Ping",0.0003380091262464086,0.0,0.0014523163173666036
"Pan, Qingjiang",0.0009295250971776238,5.247262164955499e-05,0.010909414079404715
"Zhang, Guo",0.0003380091262464086,0.0,0.0014523163173666036
"Dang, Rui",0.000507013689369613,0.0,0.0021458185357972567
"Tang, Jia",0.000507013689369613,0.0,0.0021458185357972567
"Xiao, Yong-Hao",8.450228156160216e-05,0.0,1.1672423683483423e-52
"Zhang, Wei-De",8.450228156160216e-05,0.0,1.1672423683483423e-52
"Sun, Yanan",0.00042251140780801076,0.0,2.793203157953156e-29
"Zhu, Yuqi",0.00042251140780801076,0.0,2.793203157953156e-29
"Zhang, Shengjiang",0.00042251140780801076,0.0,2.793203157953156e-29
"Chen, Suhang",0.00042251140780801076,0.0,2.793203157953156e-29
"Zhao, Fengqi",0.00042251140780801076,0.0,2.793203157953156e-29
"Xu, Kangzhen",0.00042251140780801076,0.0,2.793203157953156e-29
"Ko, Wen-Yin",0.0003380091262464086,0.0,3.683167485230363e-33
"Liu, Yu-Che",0.0003380091262464086,0.0,3.683167485230363e-33
"Lai, Jun-Yan",0.0003380091262464086,0.0,3.683167485230363e-33
"Chung, Chia-Ching",0.0003380091262464086,0.0,3.683167485230363e-33
"Lin, Kuan-Jiuh",0.0003380091262464086,0.0,3.683167485230363e-33
"Bai, Hangxin",0.0007605205340544194,0.0,9.11427413671029e-07
"Chen, Chuanjian",0.0007605205340544194,0.0,9.11427413671029e-07
"Di, Xue",0.0007605205340544194,0.0,9.11427413671029e-07
"Zhang, Weili",0.0007605205340544194,0.0,9.11427413671029e-07
"Jing, Fangli",0.0007605205340544194,0.0,9.11427413671029e-07
"Qiu, Hailong",0.0007605205340544194,0.0,9.11427413671029e-07
"Hu, Zhanggui",0.0007605205340544194,0.0,9.11427413671029e-07
"Wu, Yicheng",0.0007605205340544194,0.0,9.11427413671029e-07
"Liu, Hongjun",0.0007605205340544194,0.0,9.11427413671029e-07
"Rather, Rayees Ahmad",0.0001690045631232043,0.0,1.92059692882817e-40
"Singh, Satnam",0.0002535068446848065,0.0,2.4598552326558998e-40
"Pal, Bonamali",0.0002535068446848065,0.0,2.4598552326558998e-40
"Jia, Dongjie",0.000507013689369613,0.0,5.327153564675236e-26
"Li, Xianyu",0.000507013689369613,0.0,5.327153564675236e-26
"Cai, Rongyan",0.000507013689369613,0.0,5.327153564675236e-26
"Ma, Bochao",0.000507013689369613,0.0,5.327153564675236e-26
"Zhao, Qixian",0.000507013689369613,0.0,5.327153564675236e-26
"Chigan, Tonglin",0.000507013689369613,0.0,5.327153564675236e-26
"Yang, Peipei",0.000507013689369613,0.0,5.327153564675236e-26
"Panchal, D.",0.0001690045631232043,0.0,4.961725533464465e-44
"Sharma, A.",0.0001690045631232043,0.0,4.961725533464465e-44
"Pal, S.",0.0001690045631232043,0.0,4.961725533464465e-44
Nu Quynh Trang Ton,0.00042251140780801076,0.0,3.0784243060408898e-15
Thi Ngoc Tu Le,0.00042251140780801076,0.0,3.0784243060408898e-15
"Kim, Sangho",0.0008450228156160215,8.450942280064228e-06,2.439009286390575e-14
Vinh Ai Dao,0.00042251140780801076,0.0,3.0784243060408898e-15
"Yi, Junsin",0.00042251140780801076,0.0,3.0784243060408898e-15
Thi Hanh Thu Vu,0.00042251140780801076,0.0,3.0784243060408898e-15
"Kim, Songhee",0.0003380091262464086,0.0,1.6321249915654135e-19
"Faraji, M.",0.000507013689369613,0.0,5.327153564675236e-26
"Sabzali, M.",0.000507013689369613,0.0,5.327153564675236e-26
"Yousefzadeh, S.",0.000507013689369613,0.0,5.327153564675236e-26
"Sarikhani, N.",0.000507013689369613,0.0,5.327153564675236e-26
"Ziashahabi, A.",0.000507013689369613,0.0,5.327153564675236e-26
"Zirak, M.",0.000507013689369613,0.0,5.327153564675236e-26
"Moshfegh, A. Z.",0.000507013689369613,0.0,5.327153564675236e-26
"Hou, Ruipeng",0.0006760182524928173,0.0,0.0003267189979047783
"Wang, Jun",0.0017745479127936454,0.0006262148229527593,0.0003404498995751867
"Ge, Mengke",0.0006760182524928173,0.0,0.0003267189979047783
"Huang, Zhipeng",0.0006760182524928173,0.0,0.0003267189979047783
"Zhang, Chi",0.0006760182524928173,0.0,0.0003267189979047783
"Zeng, Qianqian",0.0008450228156160215,0.0,2.256296004556058e-07
"Zhou, Xiaoling",0.0008450228156160215,0.0,2.256296004556058e-07
"Shen, Liguo",0.0008450228156160215,0.0,2.256296004556058e-07
"Zhao, Die Ling",0.0008450228156160215,0.0,2.256296004556058e-07
"Kong, Ning",0.0008450228156160215,0.0,2.256296004556058e-07
"Li, Yingbo",0.0008450228156160215,0.0,2.256296004556058e-07
"Qiu, Xiaofan",0.0008450228156160215,0.0,2.256296004556058e-07
"Chen, Cheng",0.0011830319418624302,0.00048170370996366093,2.6262137805974254e-06
"Teng, Jiaheng",0.0008450228156160215,0.0,2.2562960045560578e-07
"Xu, Yanchao",0.0008450228156160215,0.0,2.2562960045560578e-07
"Lin, Hongjun",0.0008450228156160215,0.0,2.2562960045560578e-07
"Chiarello, Gian Luca",0.0005915159709312151,0.0,3.699138722121488e-23
"Bernareggi, Massimo",0.0005915159709312151,0.0,3.699138722121488e-23
"Pedroni, Matteo",0.0005915159709312151,0.0,3.699138722121488e-23
"Magni, Mirko",0.0005915159709312151,0.0,3.699138722121488e-23
"Pietralunga, Silvia M.",0.0005915159709312151,0.0,3.699138722121488e-23
"Tagliaferri, Alberto",0.0005915159709312151,0.0,3.699138722121488e-23
"Vassallo, Espedito",0.0005915159709312151,0.0,3.699138722121488e-23
"Selli, Elena",0.0005915159709312151,0.0,3.699138722121488e-23
"Huang, Dongdong",0.000507013689369613,0.0,0.0004345940081399916
"Wang, Tingting",0.0017745479127936454,0.004952871313573646,0.002130675086201611
"Zheng, Chan",0.000507013689369613,0.0,0.0004345940081399916
"Xiao, Xueqing",0.000507013689369613,0.0,0.0004345940081399916
"Cai, Shuguang",0.000507013689369613,0.0,0.0004345940081399916
"Chen, Wenzhe",0.000507013689369613,0.0,0.0004345940081399916
"Wang, Chuanjie",0.0003380091262464086,0.0,3.857954373937072e-05
"Yang, Guanglei",0.0003380091262464086,0.0,3.857954373937072e-05
"Shi, Wenbin",0.0003380091262464086,0.0,3.857954373937072e-05
"Matras-Postolek, Katarzyna",0.000507013689369613,0.0,4.288651403876264e-05
"Qin, Yingying",0.000507013689369613,0.0,7.626522762218453e-05
"Meng, Fanying",0.0019435524759168496,0.0011158825755324287,0.0007517929811964763
"Feng, Yonghai",0.000507013689369613,0.0,7.626522762218452e-05
"Sahu, Shivshankar",8.450228156160216e-05,0.0,4.043385252481582e-43
"Xu, Weiwei",0.0006760182524928173,0.00024357785938970992,1.2164641691948146e-05
"Chen, Chongyang",0.0003380091262464086,0.0,1.0201305329238097e-05
"Xu, Lai",0.0003380091262464086,0.0,1.0201305329238097e-05
"Zhang, Yajun",0.00042251140780801076,0.0,1.0726714223376122e-05
"Wu, Zhongyi",0.00042251140780801076,0.0,1.0726714223376122e-05
"Shi, Huijie",0.00042251140780801076,0.0,1.0726714223376122e-05
"Wang, Wenhao",0.0007605205340544194,0.0,0.00023333140322768432
"Liu, Zhisong",0.0007605205340544194,0.0,0.00023333140322768432
"Kang, Yanli",0.0007605205340544194,0.0,0.00023333140322768432
"Chen, Qiang",0.0007605205340544194,0.0,0.00023333140322768432
"Liu, Minmin",0.0007605205340544194,0.0,0.00023333140322768432
"Ye, Bang-Ce",0.0007605205340544194,0.0,0.00023333140322768432
"Jiang, Fan",0.0008450228156160215,0.0,0.006911443622266213
"Zhang, Zhao",0.001605543349670441,0.006579290184750205,0.007251546857610444
"Liu, Long",0.0005915159709312151,0.0,3.994025269983534e-05
"Shen, Shaohua",0.0005915159709312151,0.0,3.994025269983534e-05
"Yang, Dongjiang",0.0005915159709312151,0.0,3.994025269983534e-05
"Li, Xiaoze",0.0002535068446848065,0.0,0.0007813362903546975
"Paul, Bappi",0.0005915159709312151,0.0,4.835740687553849e-22
"Manwar, Nilesh",0.0005915159709312151,0.0,4.835740687553849e-22
"Bhanja, Piyali",0.0005915159709312151,0.0,4.835740687553849e-22
"Sellaiyan, S.",0.0005915159709312151,0.0,4.835740687553849e-22
"Sharma, Sachin K.",0.0005915159709312151,0.0,4.835740687553849e-22
"Khatun, Rubina",0.0005915159709312151,0.0,4.835740687553849e-22
"Jain, Suman",0.0005915159709312151,0.0,4.835740687553849e-22
"Saha, Arka",0.0002535068446848065,0.0,6.570990368930812e-38
"Paul, Anirban",0.0002535068446848065,0.0,6.570990368930812e-38
"Srivastava, Divesh N.",0.0002535068446848065,0.0,6.570990368930812e-38
"Panda, Asit B.",0.0002535068446848065,0.0,6.570990368930812e-38
"Lei, Yizhe",0.000507013689369613,0.0,3.106894091835332e-07
"Liao, Shengqiang",0.000507013689369613,0.0,3.106894091835332e-07
"Yang, Gengtao",0.000507013689369613,0.0,3.106894091835332e-07
"Chen, Lianqing",0.0011830319418624302,0.00020372098694480063,3.848310651368851e-06
"Xi, Benjun",0.000507013689369613,0.0,3.106894091835333e-07
"Jin, Shiwei",0.000507013689369613,0.0,3.106894091835333e-07
"Tang, Dingguo",0.0008450228156160215,4.2843208023056554e-05,1.333902065030193e-06
"Hou, Chen",0.000507013689369613,0.0,0.00011455265576395239
"Zhu, Zhiqiang",0.000507013689369613,0.0,0.00011455265576395239
"Lu, Shiwei",0.000507013689369613,0.0,0.00011455265576395239
"Zou, Fujun",0.000507013689369613,0.0,0.00011455265576395239
"Kundu, Diponkar",0.0006760182524928173,0.0,2.2782422822469768e-20
"Roy, Sourav",0.0007605205340544194,8.450942280064227e-07,2.309517825088193e-20
"Mustak, Rubiat",0.0006760182524928173,0.0,2.2782422822469768e-20
"Eid, Mahmoud M. A.",0.0006760182524928173,0.0,2.2782422822469768e-20
"Rashed, Ahmed Nabih Zaki",0.0006760182524928173,0.0,2.2782422822469768e-20
"Mondol, Nibir",0.0006760182524928173,0.0,2.2782422822469768e-20
"Ferdous, A. H. M. Iftekharul",0.0006760182524928173,0.0,2.2782422822469768e-20
"Hossain, Md. Amzad",0.0006760182524928173,0.0,2.2782422822469768e-20
"Pan, Xiangxiang",0.0005915159709312151,0.0,3.699138722121488e-23
"Qian, Huidong",0.0005915159709312151,0.0,3.699138722121488e-23
"Xu, Jiansheng",0.0005915159709312151,0.0,3.699138722121488e-23
"Wang, Haifeng",0.0005915159709312151,0.0,3.699138722121488e-23
"Um, Han-Don",0.0005915159709312151,0.0,3.699138722121488e-23
"Lin, Chao",0.0005915159709312151,0.0,3.699138722121488e-23
"Li, Xiaopeng",0.0005915159709312151,0.0,3.699138722121488e-23
"Luo, Wei",0.0005915159709312151,0.0,3.699138722121488e-23
"Zhang, Zina",0.0001690045631232043,0.0,2.007394155126001e-36
"Qin, Qingyuan",0.00042251140780801076,0.0,5.7119733237632356e-06
"Shi, Qingdan",0.00042251140780801076,0.0,5.7119733237632356e-06
"Sun, Wen",0.0003380091262464086,0.0,5.452220847354322e-06
"Liu, Xintian",8.450228156160216e-05,0.0,5.71911249666826e-09
"Wang, Congwei",0.000507013689369613,4.8170370996366096e-05,1.1861974491106276e-07
"Han, Jiangchao",0.0001690045631232043,0.0,4.961725533464465e-44
"Shen, Jimei",0.0001690045631232043,0.0,4.961725533464465e-44
"Gao, Guoying",0.0001690045631232043,0.0,4.961725533464465e-44
"Pandey, Priyanka",0.0001690045631232043,0.0,8.542977000906623e-24
"Gahlawat, Soniya",0.0001690045631232043,0.0,8.542977000906623e-24
"Ingole, Pravin P.",0.0007605205340544194,0.0,5.1624492405551845e-23
"Parthiban, Nisha",0.000507013689369613,0.0,6.093633641679094e-16
"Dhanasekaran, Gokulnath",0.000507013689369613,0.0,6.093633641679094e-16
"Vijayakumar, G.",0.000507013689369613,0.0,6.093633641679094e-16
"Thangavel, Elangovan",0.000507013689369613,0.0,6.093633641679094e-16
"Sakthivel, P.",0.0007605205340544194,4.4789994084340406e-05,6.276237692801158e-16
"Pan, Ling",0.0002535068446848065,0.0,6.570990368930812e-38
"Chen, Qianlin",0.0002535068446848065,0.0,6.570990368930812e-38
"Song, Fangxiang",0.0002535068446848065,0.0,6.570990368930812e-38
"Li, Zuo",0.0002535068446848065,0.0,6.570990368930812e-38
"Jing, Xuedong",0.00042251140780801076,0.0,6.878466478013892e-05
"Qiao, Qian",0.00042251140780801076,0.0,6.878466478013892e-05
"Shao, Binbin",0.0007605205340544194,0.0,2.5746341227214633e-05
"Wang, Jiajia",0.0007605205340544194,0.0,2.5746341227214633e-05
"Zeng, Guangming",0.0007605205340544194,0.0,2.5746341227214633e-05
"Tang, Lin",0.0007605205340544194,0.0,2.5746341227214633e-05
"Liang, Qinghua",0.0007605205340544194,0.0,2.5746341227214633e-05
"He, Qingyun",0.0007605205340544194,0.0,2.5746341227214633e-05
"Wu, Ting",0.0007605205340544194,0.0,2.5746341227214633e-05
"Yuan, Xingzhong",0.0007605205340544194,0.0,2.5746341227214633e-05
"Cai, Kai",0.0005915159709312151,0.0,1.858769426916956e-05
"Lv, Si-Yuan",0.0005915159709312151,0.0,1.858769426916956e-05
"Song, Lu-Na",0.0005915159709312151,0.0,1.858769426916956e-05
"Chen, Lang",0.0005915159709312151,0.0,1.858769426916956e-05
"Au, Chak-Tong",0.0005915159709312151,0.0,1.858769426916956e-05
"Berholts, Artjom",0.00042251140780801076,0.0,1.5493021640219213e-23
"Rubin, Pavel",0.00042251140780801076,0.0,1.5493021640219213e-23
"Kahro, Tauno",0.00042251140780801076,0.0,1.5493021640219213e-23
"Maruyama, Yasutake",0.0001690045631232043,0.0,1.92059692882817e-40
"Singh, Mayank K.",0.0002535068446848065,0.0,6.570990368930812e-38
"Krishnan, Sarathkumar",0.0002535068446848065,0.0,6.570990368930812e-38
"Singh, Khushwant",0.0002535068446848065,0.0,6.570990368930812e-38
"Rai, Dhirendra K.",0.0002535068446848065,0.0,6.570990368930812e-38
"Bai, Jinglong",0.0009295250971776238,0.0,0.0002306001083098225
"Wang, Qiao",0.0009295250971776238,0.0,0.0002306001083098225
"Cheng, Xu",0.0009295250971776238,0.0,0.0002306001083098225
"Yang, Zhenyu",0.0009295250971776238,0.0,0.0002306001083098225
"Gu, Xiuyun",0.0009295250971776238,0.0,0.0002306001083098225
"Huang, Baoyu",0.0009295250971776238,0.0,0.0002306001083098225
"Sun, Gengzhi",0.0009295250971776238,0.0,0.0002306001083098225
"Pan, Xiaojun",0.0013520365049856345,1.405434531226807e-05,0.0003053561358435334
"Zhou, Jin Yuan",0.0009295250971776238,0.0,0.0002306001083098225
"Kong, Xianglong",0.0009295250971776238,0.0,1.3509656878869165e-15
"Gao, Peng",0.0009295250971776238,0.0,1.3509656878869165e-15
"Jiang, Rui",0.0009295250971776238,0.0,1.3509656878869165e-15
"Feng, Jing",0.0009295250971776238,0.0,1.3509656878869165e-15
"Yang, Piaoping",0.0009295250971776238,0.0,1.3509656878869165e-15
"Gai, Shili",0.0007605205340544194,0.0,1.1493760190970267e-15
"Chen, Yujin",0.0007605205340544194,0.0,1.1493760190970267e-15
"Chi, Qianqian",0.0009295250971776238,0.0,1.3509656878869165e-15
"Xu, Fuchun",0.0009295250971776238,0.0,1.3509656878869165e-15
"Ye, Wei",0.0009295250971776238,0.0,1.3509656878869165e-15
"Zou, Jing",0.0005915159709312151,0.0,0.0003988070820312546
"Zou, Yilun",0.0005915159709312151,0.0,0.0003988070820312546
"Wang, Haitao",0.0005915159709312151,0.0,0.0003988070820312546
"Wu, Pingxiu",0.0005915159709312151,0.0,0.0003988070820312546
Arramel,0.0005915159709312151,0.0,0.0003988070820312546
"Jiang, Jizhou",0.0005915159709312151,0.0,0.0003988070820312546
"Wang, Shuai",0.0005915159709312151,0.0,8.701374417037524e-06
"Yang, Jun",0.0005915159709312151,0.0,8.701374417037524e-06
"Han, Bo",0.0005915159709312151,0.0,8.701374417037524e-06
"Nie, Rong",0.0005915159709312151,0.0,8.701374417037524e-06
"Wang, Jixian",0.0009295250971776238,5.949669624863641e-05,5.2878185857140175e-05
"Wang, Jianguo",0.0005915159709312151,0.0,8.701374417037524e-06
"Hu, Xueshan",0.0005915159709312151,0.0,6.991398747013804e-06
"Cai, Yang",0.0005915159709312151,0.0,6.991398747013804e-06
"Liu, Tianyu",0.00042251140780801076,0.0,0.00011201243441858986
"Wang, Chongxi",0.00042251140780801076,0.0,0.00011201243441858986
"Xu, Peng",0.0008450228156160215,0.00048504522809107356,0.00011364720535814221
"Sun, Xiaonan",0.00042251140780801076,0.0,0.00011201243441858986
"Zhang, Jintao",0.00042251140780801076,0.0,0.00011201243441858986
"Wen, Mingyue",0.00042251140780801076,0.0,0.0013589926413112806
"Cheng, Ting",0.00042251140780801076,0.0,0.0013589926413112806
"Tian, Yuan",0.0014365387865472366,0.016134837353157724,0.0015207846784644047
"Li, Wenhua",0.000507013689369613,0.0,1.021103271591269e-05
"Zhang, Xuejuan",0.000507013689369613,0.0,1.021103271591269e-05
"Xu, Qian",0.000507013689369613,0.0,1.021103271591269e-05
"Li, Cuihong",0.000507013689369613,0.0,1.021103271591269e-05
"Bo, Zhishan",0.000507013689369613,0.0,1.021103271591269e-05
"Ding, Shiqi",0.0008450228156160215,0.0,0.0025745519919122264
"Chen, Jiankang",0.0008450228156160215,0.0,0.0025745519919122264
"Wang, Amin",0.0008450228156160215,0.0,0.0025745519919122264
"Dai, Jingjie",0.0008450228156160215,0.0,0.0025745519919122264
"Dai, Xin",0.0008450228156160215,0.0,0.0025745519919122264
"Li, Guicun",0.0008450228156160215,0.0,0.0025745519919122264
"Meng, Alan",0.0008450228156160215,0.0,0.0025745519919122264
"Li, Zhenjiang",0.0008450228156160215,0.0,0.0025745519919122264
"Cui, Entian",0.0002535068446848065,0.0,7.212219684145907e-06
"Yu, Guiyun",0.0002535068446848065,0.0,7.212219684145907e-06
"Dong, Fan",0.0003380091262464086,0.0,1.1939736492923512e-05
"Xiong, Ting",0.0003380091262464086,0.0,1.1939736492923512e-05
"Sun, Yanjuan",0.0003380091262464086,0.0,1.1939736492923512e-05
"Zhang, Yuxin",0.001605543349670441,0.0003958472812845276,4.375784440182013e-05
"Guo, Xiaomeng",0.000507013689369613,0.0,1.5477293217815484e-05
"Zhang, Zhiyuan",0.000507013689369613,0.0,1.5477293217815484e-05
"Liu, Yilian",0.000507013689369613,0.0,1.5477293217815484e-05
"Tan, Xianjun",0.0003380091262464086,0.0,3.683167485230363e-33
"Jiang, Zhenying",0.0003380091262464086,0.0,3.683167485230363e-33
"Zhang, Mingkun",0.0003380091262464086,0.0,3.683167485230363e-33
"Huang, Chenyang",0.0003380091262464086,0.0,3.683167485230363e-33
"Huang, Yuxiong",0.0003380091262464086,0.0,3.683167485230363e-33
"Wang, Hongtao",0.0008450228156160215,0.0,6.443158657212699e-05
"Liu, Yueying",0.0008450228156160215,0.0,6.443158657212699e-05
"Li, Yueyue",0.0008450228156160215,0.0,6.443158657212699e-05
"Wang, Chenchang",0.0008450228156160215,0.0,6.443158657212699e-05
"Bai, Jihao",0.0008450228156160215,0.0,6.443158657212699e-05
"Liu, Fengmin",0.0008450228156160215,0.0,6.443158657212699e-05
"Liang, Xishuang",0.0008450228156160215,0.0,6.443158657212699e-05
"Yuan, Su-Xian",0.0003380091262464086,0.0,1.0141565341191914e-05
"Lu, Tong -Bu",0.0003380091262464086,0.0,1.0141565341191914e-05
"Cho, Phyu Phyu",0.0003380091262464086,0.0,2.0417019525656356e-30
"Mon, Phyu Phyu",0.0003380091262464086,0.0,2.0417019525656356e-30
"Kumar, Mohit",0.0006760182524928173,0.0,3.474082700195044e-30
"Dobhal, Saiyam",0.0003380091262464086,0.0,2.0417019525656352e-30
"Challapalli, Subrahmanyam",0.0003380091262464086,0.0,2.0417019525656352e-30
"Liu, Zhongying",0.00042251140780801076,0.0,2.793203157953156e-29
"Pan, Meng",0.00042251140780801076,0.0,2.793203157953156e-29
"Zhou, Yihai",0.00042251140780801076,0.0,2.793203157953156e-29
"Yang, Wanping",0.00042251140780801076,0.0,2.793203157953156e-29
"Zhang, Xiaoxi",0.00042251140780801076,0.0,2.793203157953156e-29
"Yang, Renchun",0.00042251140780801076,0.0,2.793203157953156e-29
"Elangovan, Hemaprabha",0.0002535068446848065,0.0,6.570990368930812e-38
"Kesavan, Arul Varman",0.0002535068446848065,0.0,6.570990368930812e-38
"Chattopadhyay, Kamanio",0.0002535068446848065,0.0,6.570990368930812e-38
"Ramamurthy, Praveen C.",0.0002535068446848065,0.0,6.570990368930812e-38
"Mo, Xiaojie",0.0005915159709312151,0.0,1.708448246768696e-05
"Zhang, Xiaohan",0.0005915159709312151,0.0,1.708448246768696e-05
"Lin, Biyun",0.0005915159709312151,0.0,1.708448246768696e-05
"Ning, Chuangyu",0.0005915159709312151,0.0,1.708448246768696e-05
"Liao, Hua",0.0005915159709312151,0.0,1.708448246768696e-05
"Chen, Zhihong",0.0005915159709312151,0.0,1.708448246768696e-05
"Tan, Jialong",0.0002535068446848065,0.0,6.570990368930812e-38
"Hong, Kunquan",0.0002535068446848065,0.0,6.570990368930812e-38
"Shen, Gang",0.0002535068446848065,0.0,6.570990368930812e-38
"Yan, Yuna",0.0002535068446848065,0.0,6.570990368930812e-38
"Han, Zhonghui",0.0003380091262464086,0.0,1.3301667221056334e-05
"Zuo, Yan",0.0003380091262464086,0.0,1.3301667221056334e-05
"Ren, Hejun",0.0003380091262464086,0.0,1.3301667221056334e-05
"Sumathi, M.",0.0001690045631232043,0.0,4.961725533464465e-44
"Prakasam, A.",0.0001690045631232043,0.0,4.961725533464465e-44
"Anbarasan, P. M.",0.0001690045631232043,0.0,4.961725533464465e-44
"Mirhosseini, Hadiseh",0.0002535068446848065,0.0,6.570990368930812e-38
"Mostafavi, Ali",0.0002535068446848065,0.0,6.570990368930812e-38
"Shamspur, Tayebeh",0.0002535068446848065,0.0,6.570990368930812e-38
"Sargazi, Ghasem",0.0002535068446848065,0.0,6.570990368930812e-38
"Vu, Van Tu",0.0006760182524928173,0.0,2.0211798094709718e-13
"Phan, Thanh Luan",0.0006760182524928173,0.0,2.0211798094709718e-13
"Vu, Thi Thanh Huong",0.0006760182524928173,0.0,2.0211798094709718e-13
"Park, Mi Hyang",0.0006760182524928173,0.0,2.0211798094709718e-13
"Do, Van Dam",0.0006760182524928173,0.0,2.0211798094709718e-13
"Bui, Viet Quoc",0.0006760182524928173,0.0,2.0211798094709718e-13
"Ren, Huimin",0.000507013689369613,0.0,0.0006425479188305764
"Lin, Cuixia",0.000507013689369613,0.0,0.0006425479188305764
"Huang, Zulv",0.000507013689369613,0.0,0.0006425479188305764
"Peng, Tianying",0.000507013689369613,0.0,0.0006425479188305764
"Liu, Saiwen",0.000507013689369613,0.0,0.0006425479188305764
"Fang, Li Jun",0.000507013689369613,0.0,5.249548362680994e-06
"Li, Yu Hang",0.000507013689369613,0.0,5.249548362680994e-06
"Liu, Peng Fei",0.000507013689369613,0.0,5.249548362680994e-06
"Wang, Dan Ping",0.000507013689369613,0.0,5.249548362680994e-06
"Zeng, Hui Dan",0.000507013689369613,0.0,5.249548362680994e-06
"Wang, Xue Lu",0.000507013689369613,0.0,5.249548362680994e-06
"Rajavel, Krishnamoorthy",0.0003380091262464086,0.0,3.683167485230363e-33
"Hussain, Manzoor",0.0005915159709312151,0.0,8.598123715607912e-12
"Mehran, Muhammad Taqi",0.0005915159709312151,0.0,8.598123715607912e-12
"Cui, Shu",0.0003380091262464086,0.0,4.599147776761442e-06
"Li, Guodong",0.0003380091262464086,0.0,4.599147776761442e-06
"Meng, Lingxin",0.000507013689369613,0.0,5.327153564675236e-26
"Xuan, Haicheng",0.000507013689369613,0.0,5.327153564675236e-26
"Wang, Jie",0.000507013689369613,0.0,5.327153564675236e-26
"Liang, Xiaohong",0.000507013689369613,0.0,5.327153564675236e-26
"Li, Yuping",0.000507013689369613,0.0,5.327153564675236e-26
"Yang, Jie",0.000507013689369613,0.0,5.327153564675236e-26
"Han, Peide",0.000507013689369613,0.0,5.327153564675236e-26
"Wang, Lijing",0.0007605205340544194,0.0,1.7032333192621767e-06
"Li, Kexue",0.0007605205340544194,0.0,1.7032333192621767e-06
"Tan, Huaqiao",0.0007605205340544194,0.0,1.7032333192621767e-06
"Chen, Yunning",0.0007605205340544194,0.0,1.7032333192621767e-06
"Cheng, Xueying",0.0007605205340544194,0.0,1.7032333192621767e-06
"Zhao, Zhao",0.0007605205340544194,0.0,1.7032333192621767e-06
"Shang, Qingkun",0.0007605205340544194,0.0,1.7032333192621767e-06
"Sun, Zaicheng",0.0011830319418624302,0.0002776948350734787,8.179369517784724e-06
"Yao, Haiqian",0.0007605205340544194,0.0,7.214530631079946e-05
"Le, Shukun",0.0007605205340544194,0.0,7.214530631079946e-05
"Xu, Haitao",0.0007605205340544194,0.0,7.214530631079946e-05
"Chang, Jiangnan",0.0002535068446848065,0.0,0.0007794817829192397
"Yang, Ruiying",0.0006760182524928173,0.0,1.7643160660892732e-05
"Jiang, Guihua",0.0006760182524928173,0.0,1.7643160660892732e-05
"Jian, Ningge",0.0006760182524928173,0.0,1.7643160660892732e-05
"He, Leiliang",0.0006760182524928173,0.0,1.7643160660892732e-05
"Liu, Li'e",0.0006760182524928173,0.0,1.7643160660892732e-05
"Qu, Lingbo",0.0006760182524928173,0.0,1.7643160660892732e-05
"Wu, Yongjun",0.0006760182524928173,0.0,1.7643160660892732e-05
"Meng, Junjing",0.0003380091262464086,0.0,5.452220847354322e-06
"Tang, Yacen",0.0005915159709312151,0.0,1.6627713808861786e-05
"Qi, Ning",0.0005915159709312151,0.0,1.6627713808861786e-05
"Zhang, Yumeng",0.0012675342234240324,0.0009660667397910393,0.00016585528168442415
"Fu, Min",0.0005915159709312151,0.0,1.6627713808861786e-05
"Du, Penghui",0.000507013689369613,0.0,1.297788195275449e-05
"Zhao, Dongye",0.000507013689369613,0.0,1.297788195275449e-05
"Li, Si",0.000507013689369613,0.0,1.297788195275449e-05
"Sun, Fengbin",0.000507013689369613,0.0,1.297788195275449e-05
"Duin, Evert C.",0.000507013689369613,0.0,1.297788195275449e-05
Jemini,0.0001690045631232043,0.0,1.92059692882817e-40
"Peng, Zhenbo",0.0007605205340544194,0.0,1.1493760190970267e-15
"Jia, Peipei",0.0007605205340544194,0.0,1.1493760190970267e-15
"Man, Gabriel",0.0002535068446848065,0.0,5.680679881092347e-34
"Schwartz, Jeffrey",0.00042251140780801076,0.0,8.033694531340778e-34
"Sturm, James C.",0.0002535068446848065,0.0,5.680679881092347e-34
"Kahn, Antoine",0.00042251140780801076,0.0,8.033694531340778e-34
"Pi, Yuanhang",0.0003380091262464086,0.0,3.683167485230363e-33
"Wang, Rongtong",0.0003380091262464086,0.0,3.683167485230363e-33
"Liang, Chao",0.0003380091262464086,0.0,3.683167485230363e-33
"Jiang, Yin",0.0003380091262464086,0.0,3.683167485230363e-33
"Jiao, Feipeng",0.0003380091262464086,0.0,3.683167485230363e-33
"Huang, Yongjie",0.0006760182524928173,0.0,0.0002464185534718831
"Chen, Yuqing",0.0006760182524928173,0.0,0.0002464185534718831
"Xu, Qing",0.0014365387865472366,0.002602867924578867,0.0033982956556088875
"Xu, Chunyan",0.0006760182524928173,0.0,0.0002464185534718831
"Yang, Liying",0.0006760182524928173,0.0,0.0002464185534718831
"Jiang, Ningyi",0.0006760182524928173,0.0,0.0002464185534718831
"Zhong, Jibin",0.0006760182524928173,0.0,0.0002464185534718831
"Zhao, Xinghan",0.0006760182524928173,0.0,0.0002464185534718831
"Nawawi, M. G. M.",0.0003380091262464086,0.0,3.979046766095878e-06
"Hussain, Murid",0.0003380091262464086,0.0,3.979046766095878e-06
"Muhammad, Ayyaz",0.0003380091262464086,0.0,3.979046766095878e-06
"Chen, Qian",0.0010985296603008281,0.0,0.0001382862581021017
"Qin, Shengjian",0.0010985296603008281,0.0,0.0001382862581021017
"Zuo, Jinghan",0.0010985296603008281,0.0,0.0001382862581021017
"Tan, Shengdong",0.0010985296603008281,0.0,0.0001382862581021017
"Cui, Shiqiang",0.0010985296603008281,0.0,0.0001382862581021017
"Wang, Haowu",0.0010985296603008281,0.0,0.0001382862581021017
"Xiao, Jing",0.0010985296603008281,0.0,0.0001382862581021017
"Shang, Jiaxiang",0.0010985296603008281,0.0,0.0001382862581021017
"Li, Huayang",0.0007605205340544194,0.0,0.0001953422435871315
"Li, Chuannan",0.0007605205340544194,0.0,0.0001953422435871315
"Wen, Shanpeng",0.0007605205340544194,0.0,0.0001953422435871315
"Wang, Chen",0.0007605205340544194,0.0,0.0001953422435871315
"Li, Chang",0.0007605205340544194,0.0,0.0001953422435871315
"Wang, Changhao",0.0007605205340544194,0.0,0.0001953422435871315
"Huang, Lingchu",0.0007605205340544194,0.0,0.0001953422435871315
"Dong, Wei",0.0007605205340544194,0.0,0.0001953422435871315
"El-Shazly, A. N.",0.0003380091262464086,0.0,3.683167485230363e-33
"Hegazy, Aiat H.",0.0003380091262464086,0.0,3.683167485230363e-33
"Rashad, M. M.",0.0003380091262464086,0.0,3.683167485230363e-33
"El-Shahat, M. F.",0.0003380091262464086,0.0,3.683167485230363e-33
"Allam, Nageh K.",0.0003380091262464086,0.0,3.683167485230363e-33
"Dong, Mei",0.00042251140780801076,0.0,7.651443392454119e-05
"Ma, Xiaohui",0.0007605205340544194,0.0018263744806008301,7.783040493596215e-05
"Geng, Liang",0.00042251140780801076,0.0,7.651443392454119e-05
"Li, Mengchao",0.00042251140780801076,0.0,7.651443392454119e-05
"Liu, Zhangmeng",0.00042251140780801076,0.0,2.793203157953156e-29
"Xiang, Hui",0.00042251140780801076,0.0,2.793203157953156e-29
"Zhang, Anrang",0.00042251140780801076,0.0,2.793203157953156e-29
"Wu, Lihua",0.00042251140780801076,0.0,2.793203157953156e-29
"Fu, Yunzhi",0.00042251140780801076,0.0,2.793203157953156e-29
"Zhou, Qixin",0.00042251140780801076,0.0,2.793203157953156e-29
"Zhang, J.",0.00042251140780801076,0.0,0.0031215185362380563
"Liu, L. Z.",0.00042251140780801076,0.0,0.0031215185362380563
"Yang, L.",0.00042251140780801076,0.0,0.0031215185362380563
"Gan, Z. X.",0.00042251140780801076,0.0,0.0031215185362380563
"Wu, X. L.",0.00042251140780801076,0.0,0.0031215185362380563
"Chu, Paul K.",0.0017745479127936454,0.00048170370996366093,0.05255351050607129
"Zare Pour, Mohammad Amin",0.0009295250971776238,0.0,2.399201675543134e-14
"Qaisrani, Muhammad Nawaz",0.0009295250971776238,0.0,2.399201675543134e-14
"Hoehn, Christian",0.0009295250971776238,0.0,2.399201675543134e-14
"Wolf, Johannes Laurenz",0.0009295250971776238,0.0,2.399201675543134e-14
"Mogharehabed, Negin",0.0009295250971776238,0.0,2.399201675543134e-14
"Velazquez Rojas, Jennifer",0.0009295250971776238,0.0,2.399201675543134e-14
"Jaegermann, Wolfram",0.0014365387865472366,0.0,2.6121316155661997e-14
"Runge, Erich",0.0009295250971776238,0.0,2.399201675543134e-14
"van de Krol, Roel",0.0009295250971776238,0.0,2.399201675543134e-14
"Hannappel, Thomas",0.0009295250971776238,0.0,2.399201675543134e-14
"Dressler, Christian",0.0009295250971776238,0.0,2.399201675543134e-14
"Paszuk, Agnieszka",0.0009295250971776238,0.0,2.399201675543134e-14
"Meng, Dan",0.000507013689369613,0.0,1.976051035915939e-05
"He, Chun",0.000507013689369613,0.0,1.976051035915939e-05
"San, Xiaoguang",0.000507013689369613,0.0,1.976051035915939e-05
"Jin, Quan",0.000507013689369613,0.0,1.976051035915939e-05
"Qi, Jian",0.0012675342234240324,0.0007707259359418575,2.0437322948566226e-05
"Feng, Xionghan",0.00042251140780801076,0.0,3.054506026698345e-05
"Wen, Qiye",0.00042251140780801076,0.0,3.054506026698345e-05
"Pareek, Alka",0.0002535068446848065,0.0,2.0628705802176858e-14
"Paik, Pradip",0.0002535068446848065,0.0,2.0628705802176858e-14
"Ye, Zhidong",0.00042251140780801076,0.0,0.0031215185362380563
"Miao, Rui",0.00042251140780801076,0.0,0.0031215185362380563
"Miao, Fengjuan",0.00042251140780801076,0.0,0.0031215185362380563
"Tao, Bairui",0.00042251140780801076,0.0,0.0031215185362380563
"Zang, Yu",0.00042251140780801076,0.0,0.0031215185362380563
"Chen, Xiaojie",0.00042251140780801076,0.0,0.0008954348848388332
"Yu, Kehan",0.0007605205340544194,0.0,8.941310519300236e-05
"Li, Xinglong",0.0007605205340544194,0.0,8.941310519300236e-05
"Zhao, Haoyu",0.0007605205340544194,0.0,8.941310519300236e-05
"Ma, Chen",0.0007605205340544194,0.0,8.941310519300236e-05
"Wang, Zhongyue",0.0007605205340544194,0.0,8.941310519300236e-05
"Lv, Peng",0.0012675342234240324,0.0020514564961065574,0.0008355481537824737
"Hu, Ertao",0.0007605205340544194,0.0,8.941310519300236e-05
"Zheng, Jiajin",0.0007605205340544194,0.0,8.941310519300236e-05
"Ostrikov, Kostya (Ken)",0.0007605205340544194,0.0,8.941310519300236e-05
"Ahmad, Yahia H.",0.0008450228156160215,0.0,1.3672764925812446e-20
"Kamand, Fadi Z.",0.0005915159709312151,0.0,5.3860961622784386e-20
"Zekri, Atef",0.00042251140780801076,0.0,1.211243253011708e-20
"Chae, Kyu-Jung",0.00042251140780801076,0.0,1.211243253011708e-20
"Aissa, Brahim",0.00042251140780801076,0.0,1.211243253011708e-20
"Al-Qaradawi, Siham Y.",0.00042251140780801076,0.0,1.211243253011708e-20
"Hossain, Md. Jubayer",8.450228156160216e-05,0.0,2.848513735585794e-21
"Nie, Yahui",0.0006760182524928173,0.0,1.1873375919844751e-20
"Liu, Junyi",0.0006760182524928173,0.0,1.1873375919844751e-20
"Li, Ningbo",0.0006760182524928173,0.0,1.1873375919844751e-20
"Wang, Yuxi",0.0006760182524928173,0.0,1.1873375919844751e-20
"Cheng, Qin",0.0006760182524928173,0.0,1.1873375919844751e-20
"He, Shanshan",0.0006760182524928173,0.0,1.1873375919844751e-20
"Guo, Qihao",0.0006760182524928173,0.0,1.1873375919844751e-20
"Zhao, Ran",0.0006760182524928173,0.0,1.1873375919844751e-20
"Pan, Fei",0.0006760182524928173,0.0,1.1873375919844751e-20
"Xia, Bingquan",0.0005915159709312151,0.0,3.733847594946607e-05
"He, Bowen",0.0005915159709312151,0.0,3.733847594946607e-05
"Zhang, Jianjun",0.0017745479127936454,6.0378023503004044e-05,0.00011166934102729835
"Li, Laiquan",0.0005915159709312151,0.0,3.733847594946607e-05
"Zhang, Yanzhao",0.0005915159709312151,0.0,3.733847594946607e-05
"Ran, Jingrun",0.0005915159709312151,0.0,3.733847594946607e-05
"Qiao, Shi-Zhang",0.0005915159709312151,0.0,3.733847594946607e-05
"Gong, Qian",0.0008450228156160215,0.0,8.274064532327203e-08
"Zou, Jing-Yun",0.0008450228156160215,0.0,8.274064532327203e-08
"Ren, Ming",0.0008450228156160215,0.0,8.274064532327203e-08
"Zhu, Si-Qi",0.0008450228156160215,0.0,8.274064532327203e-08
"Zhou, Yu-Rong",0.0008450228156160215,0.0,8.274064532327203e-08
"Zhao, Li-Ming",0.0008450228156160215,0.0,8.274064532327203e-08
"Wu, Yu-Long",0.0008450228156160215,0.0,8.274064532327203e-08
"Di, Jiang-Tao",0.0008450228156160215,0.0,8.274064532327203e-08
"Kang, Li-Xing",0.0008450228156160215,0.0,8.274064532327203e-08
"Li, Qing-Wen",0.0008450228156160215,0.0,8.274064532327203e-08
"Li, Mengyan",0.0002535068446848065,0.0,5.794585883663925e-06
"Lv, Ting",0.0002535068446848065,0.0,5.794585883663925e-06
"Ding, Meng",0.0002535068446848065,0.0,5.794585883663925e-06
"Chang, Lu",0.0008450228156160215,0.0,7.611523825204976e-05
"Wu, Huan",0.0008450228156160215,0.0,7.611523825204976e-05
"Yang, Wenhan",0.0008450228156160215,0.0,7.611523825204976e-05
"Cao, Jinrong",0.0008450228156160215,0.0,7.611523825204976e-05
"Fan, Hua",0.0008450228156160215,0.0,7.611523825204976e-05
"Wang, Jingquan",0.0008450228156160215,0.0,7.611523825204976e-05
"Liu, Haitao",0.0008450228156160215,0.0,7.611523825204976e-05
"Hou, Yunhu",0.0008450228156160215,0.0,7.611523825204976e-05
"Jiang, Yunchao",0.0008450228156160215,0.0,7.611523825204976e-05
"Zhu, Hao",0.0008450228156160215,0.0,7.611523825204976e-05
"Sun, Yiheng",0.000507013689369613,0.0,3.269243865206357e-05
"Liu, Yichen",0.000507013689369613,0.0,3.269243865206357e-05
"Yang, Liping",0.0011830319418624302,0.00038536296797092877,3.3582400021043035e-05
"Wu, Yingxian",0.000507013689369613,0.0,3.269243865206357e-05
"Lian, Zhengshuai",0.000507013689369613,0.0,3.269243865206357e-05
"Wang, Fei",0.001605543349670441,0.007000934656508794,0.0005166574642509945
"Yang, Naitao",0.000507013689369613,0.0,3.269243865206357e-05
"Xu, Xin",0.0006760182524928173,0.0,2.2091158956325437e-05
"Chen, Sheng",0.0006760182524928173,0.0,2.2091158956325437e-05
"Xi, Kai",0.0014365387865472366,7.890220983556151e-05,0.00013480263318101218
"Guo, Chaowei",0.0006760182524928173,0.0,2.2091158956325434e-05
"Guo, Shengwu",0.0006760182524928173,0.0,2.2091158956325434e-05
"Yu, Demei",0.0006760182524928173,0.0,2.2091158956325434e-05
"Kumar, R. Vasant",0.0006760182524928173,0.0,2.2091158956325434e-05
"Mai, The-Hung",0.0014365387865472366,0.0,7.427352621910428e-06
"Do, Huy-Binh",0.0014365387865472366,0.0,7.427352621910428e-06
"Pham, Long Duy",0.0014365387865472366,0.0,7.427352621910428e-06
"Phan, Thien Xuan",0.0014365387865472366,0.0,7.427352621910428e-06
"Chen, Wei-Zhi",0.0014365387865472366,0.0,7.427352621910428e-06
"Lan, Liang-Wei",0.0014365387865472366,0.0,7.427352621910428e-06
"Lin, Hung-Ju",0.0014365387865472366,0.0,7.427352621910428e-06
"Nguyen, Van-Hung",0.0014365387865472366,0.0,7.427352621910428e-06
"Dong, Chung-Li",0.0018590501943552475,9.29603650807065e-06,7.590192265324243e-06
"Kumar, Alagarsamy S. K.",0.0014365387865472366,0.0,7.427352621910428e-06
"El-Mahdy, Ahmed F. M.",0.0014365387865472366,0.0,7.427352621910428e-06
"Lee, Hyeonseok",0.001605543349670441,1.6901884560128454e-06,7.479114205033991e-06
"Dang, Dinh Khoi",0.0014365387865472366,0.0,7.427352621910428e-06
"Vo, Dai-Viet N.",0.0014365387865472366,0.0,7.427352621910428e-06
"Tu, Li-Wei",0.0014365387865472366,0.0,7.427352621910428e-06
"Kuo, Chien-Cheng",0.0014365387865472366,0.0,7.427352621910428e-06
"Yang, Hung-Duen",0.0014365387865472366,0.0,7.427352621910428e-06
"Pham, Phuong, V",0.0014365387865472366,0.0,7.427352621910428e-06
"Jia, Chuancheng",0.0012675342234240324,0.0007143260885283401,0.00018584855757997564
"Ma, Wei",0.0009295250971776238,0.0,5.0103689489683885e-05
"Gu, Chunhui",0.0009295250971776238,0.0,5.0103689489683885e-05
"Chen, Hongliang",0.0009295250971776238,0.0,5.0103689489683885e-05
"Yu, Haomiao",0.0009295250971776238,0.0,5.0103689489683885e-05
"Li, Xinxi",0.0012675342234240324,0.0007143260885283401,0.00018584855757997564
"Xia, Andong",0.0009295250971776238,0.0,5.0103689489683885e-05
"Hou, Xiaoyuan",0.0009295250971776238,0.0,5.0103689489683885e-05
"Meng, Sheng",0.0009295250971776238,0.0,5.0103689489683885e-05
"Thakare, Vishal P.",0.0007605205340544194,0.0,1.987171558734849e-17
"Antad, Vivek V.",0.0007605205340544194,0.0,1.987171558734849e-17
"Chikate, Parameshwar R.",0.0007605205340544194,0.0,1.987171558734849e-17
"Khare, Ruchita T.",0.0007605205340544194,0.0,1.987171558734849e-17
"More, Mahendra A.",0.0007605205340544194,0.0,1.987171558734849e-17
"Dhayal, Rajendra S.",0.0007605205340544194,0.0,1.987171558734849e-17
"Patil, Shankar I.",0.0007605205340544194,0.0,1.987171558734849e-17
"Ma, Yuan-Ron",0.0007605205340544194,0.0,1.987171558734849e-17
"Schmidt-Mende, Lukas",0.0007605205340544194,0.0,1.987171558734849e-17
"Tang, Shin-Yi",0.0010985296603008281,0.0,0.00017371692382167644
"Shih, Yu-Chuan",0.0010985296603008281,0.0,0.00017371692382167644
"Shen, Ying-Chun",0.0010985296603008281,0.0,0.00017371692382167644
"Cyu, Ruei-Hong",0.0010985296603008281,0.0,0.00017371692382167644
"Chen, Chieh-Ting",0.0010985296603008281,0.0,0.00017371692382167644
"Yang, Tzu-Yi",0.0010985296603008281,0.0,0.00017371692382167644
"Chaudhary, Mayur",0.0010985296603008281,0.0,0.00017371692382167644
"Peng, Yu-Ren",0.0010985296603008281,0.0,0.00017371692382167644
"Kuo, Yao-Ren",0.0010985296603008281,0.0,0.00017371692382167644
"Miao, Wen-Chien",0.0010985296603008281,0.0,0.00017371692382167644
"Yu, Yi-Jen",0.0010985296603008281,0.0,0.00017371692382167644
"Lee, Ling",0.0010985296603008281,0.0,0.00017371692382167644
"Kuo, Hao-Chung",0.0010985296603008281,0.0,0.00017371692382167644
"Qin, Xiang",0.0001690045631232043,0.0,4.961725533464465e-44
"Ji, Lijun",0.0001690045631232043,0.0,4.961725533464465e-44
"Zhu, Aiping",0.0001690045631232043,0.0,4.961725533464465e-44
"Dhandole, Love Kumar",0.00042251140780801076,0.0,8.060740108178114e-13
"Bae, Ho-Sub",0.00042251140780801076,0.0,8.060740108178114e-13
"Chae, Weon-Sik",0.0018590501943552475,0.0001605679033212203,1.3614069474872786e-12
"Cho, Min",0.00042251140780801076,0.0,8.060740108178114e-13
"Guo, Yiwei",0.000507013689369613,0.0,7.89959328322507e-05
"Dai, Xianying",0.000507013689369613,0.0,7.89959328322507e-05
"Ma, Shenhui",0.000507013689369613,0.0,7.89959328322507e-05
"Yang, Liu",0.000507013689369613,0.0,7.89959328322507e-05
"Bu, Yuyu",0.000507013689369613,0.0,7.89959328322507e-05
"Hao, Yue",0.000507013689369613,0.0,7.89959328322507e-05
"Li, Xiaoyu",0.0002535068446848065,0.0,6.570990368930812e-38
"Peng, Kang",0.0002535068446848065,0.0,6.570990368930812e-38
"Chen, Huaxin",0.0002535068446848065,0.0,6.570990368930812e-38
"Wang, Zhenjun",0.0002535068446848065,0.0,6.570990368930812e-38
"Cai, Junhao",0.00042251140780801076,0.0,2.793203157953156e-29
"Zhang, Aoxue",0.00042251140780801076,0.0,2.793203157953156e-29
"Tao, Heng",0.00042251140780801076,0.0,2.793203157953156e-29
"Li, Ruoping",0.00042251140780801076,0.0,2.793203157953156e-29
"Han, Junhe",0.00042251140780801076,0.0,2.793203157953156e-29
"Huang, Mingju",0.00042251140780801076,0.0,2.793203157953156e-29
"Lei, Da",0.0009295250971776238,0.0,1.1147920005629327e-06
"Shang, Wenzhe",0.0009295250971776238,0.0,1.1147920005629327e-06
"Li, Yongpeng",0.0009295250971776238,0.0,1.1147920005629327e-06
"Qiao, Shaoming",0.0009295250971776238,0.0,1.1147920005629327e-06
"Zhong, Yiping",0.0009295250971776238,0.0,1.1147920005629327e-06
"Deng, Xiaoyu",0.0009295250971776238,0.0,1.1147920005629327e-06
"Shi, Xiaoshan",0.0009295250971776238,0.0,1.1147920005629327e-06
"Hao, Ce",0.0009295250971776238,0.0,1.1147920005629327e-06
"Song, Xuedan",0.0009295250971776238,0.0,1.1147920005629327e-06
"Zhang, Fengxiang",0.0009295250971776238,0.0,1.1147920005629327e-06
"Yu, Siyuan",0.0002535068446848065,0.0,2.1532092645060286e-07
"Huang, Chaobiao",0.0002535068446848065,0.0,2.1532092645060286e-07
"Han, Deman",0.0002535068446848065,0.0,2.1532092645060286e-07
"Mishra, Shashi B.",0.0001690045631232043,0.0,2.190073290178674e-31
"Nanda, B. R. K.",0.0001690045631232043,0.0,2.190073290178674e-31
"Zhan, Teng",0.0010985296603008281,1.3521507648102779e-05,2.021349813253354e-06
"Sun, Jianwen",0.0010985296603008281,1.3521507648102779e-05,2.021349813253354e-06
"Feng, Tao",0.0013520365049856345,0.00028902222597819655,1.982705080300157e-06
"Zhang, Yulong",0.0009295250971776238,0.0,1.955474209979913e-06
"Zhou, Binru",0.0009295250971776238,0.0,1.955474209979913e-06
"Zhang, Banghong",0.0010985296603008281,1.3521507648102779e-05,2.0213498132533537e-06
"Wang, Junxi",0.0010985296603008281,1.3521507648102779e-05,2.0213498132533537e-06
"Sarro, Pasqualina M.",0.0009295250971776238,0.0,1.955474209979913e-06
"Liu, Zewen",0.0010985296603008281,1.3521507648102779e-05,2.0213498132533537e-06
"Yi, Xiaoyan",0.0010985296603008281,1.365808853343715e-05,2.0213498132533537e-06
"Li, Jinmin",0.0010985296603008281,1.3521507648102779e-05,2.0213498132533537e-06
"Zou, Dejun",0.00042251140780801076,0.0,0.00167440178127883
"Ji, Xuebing",0.00042251140780801076,0.0,0.00167440178127883
"Yang, Haiyan",0.00042251140780801076,0.0,0.00167440178127883
"Shi, Zhengjun",0.00042251140780801076,0.0,0.00167440178127883
"Wang, Dawei",0.00042251140780801076,0.0,0.00167440178127883
"Asghar, Zeeshan",0.0008450228156160215,0.0,2.2127524400699098e-16
"Habib, Haris",0.0008450228156160215,0.0,2.2127524400699098e-16
"Bilal, Muhammad",0.0008450228156160215,0.0,2.2127524400699098e-16
"Rehman, Zia Ur",0.0008450228156160215,0.0,2.2127524400699098e-16
"Butt, Faheem K.",0.0008450228156160215,0.0,2.2127524400699098e-16
"Zheng, Kewang",0.0008450228156160215,0.0,2.2127524400699098e-16
"Liu, Yuxue",0.0008450228156160215,0.0,2.2127524400699098e-16
"Lin, Hui",0.0008450228156160215,0.0,2.2127524400699098e-16
"Zhang, Yongcai",0.0008450228156160215,0.0,2.2127524400699098e-16
"Wang, Xiaozhi",0.0008450228156160215,0.0,2.2127524400699098e-16
"Hou, Jianhua",0.0008450228156160215,0.0,2.2127524400699098e-16
"Flores, Soraya Y.",0.0007605205340544194,0.0,2.073438964253325e-18
"Pacheco, Elluz",0.0007605205340544194,0.0,2.073438964253325e-18
"Malca, Carlos",0.0007605205340544194,0.0,2.073438964253325e-18
"Peng, Xiaoyan",0.0007605205340544194,0.0,2.073438964253325e-18
"Chen, Yihua",0.0007605205340544194,0.0,2.073438964253325e-18
"Zhou, Badi",0.0007605205340544194,0.0,2.073438964253325e-18
"Pinero, Dalice M.",0.0007605205340544194,0.0,2.073438964253325e-18
"Diaz-Vazquez, Liz M.",0.0007605205340544194,0.0,2.073438964253325e-18
"Zhou, Andrew F.",0.0007605205340544194,0.0,2.073438964253325e-18
"Feng, Peter X.",0.0007605205340544194,0.0,2.073438964253325e-18
"Wang, Linxi",0.0007605205340544194,1.9003889633862902e-05,8.770112610934975e-05
"Patrick, D. Simon",0.00042251140780801076,0.0,4.339473324420831e-27
"Bharathi, P.",0.00042251140780801076,0.0,4.339473324420831e-27
"Kamalakannan, S.",0.00042251140780801076,0.0,4.339473324420831e-27
"Archana, J.",0.0006760182524928173,0.0,5.760457333381746e-27
"Navaneethan, M.",0.0006760182524928173,0.0,5.760457333381746e-27
"Mohan, M. Krishna",0.00042251140780801076,0.0,4.339473324420831e-27
"Zuo, Cheng",0.000507013689369613,0.0,5.327153564675236e-26
"Tai, Xishi",0.000507013689369613,0.0,5.327153564675236e-26
"Jiang, Zaiyong",0.000507013689369613,0.0,5.327153564675236e-26
"Liu, Meifang",0.000507013689369613,0.0,5.327153564675236e-26
"Jiang, Jinhe",0.000507013689369613,0.0,5.327153564675236e-26
"Su, Qian",0.000507013689369613,0.0,5.327153564675236e-26
"Yan, Xueyuan",0.000507013689369613,0.0,5.327153564675236e-26
"Lu, Yi",0.000507013689369613,0.0,0.005672431024771069
"Fan, Deqi",0.000507013689369613,0.0,0.005672431024771069
"Xu, Haolan",0.000507013689369613,0.0,0.005672431024771069
"Min, Huihua",0.000507013689369613,0.0,0.005672431024771069
"Lin, Zixia",0.000507013689369613,0.0,0.005672431024771069
"Shao, Mingjiao",0.0010985296603008281,0.0,0.001661072719637221
"Sheng, Hongwei",0.0010985296603008281,0.0,0.001661072719637221
"Lin, Liqi",0.0010985296603008281,0.0,0.001661072719637221
"Ma, Hongyun",0.0010985296603008281,0.0,0.001661072719637221
"Yuan, Jiao",0.0010985296603008281,0.0,0.001661072719637221
"Zhang, Xuetao",0.0010985296603008281,0.0,0.001661072719637221
"Li, Wenquan",0.0010985296603008281,0.0,0.001661072719637221
"Su, Qing",0.0010985296603008281,0.0,0.001661072719637221
"Lan, Wei",0.0010985296603008281,0.0,0.001661072719637221
"Khan, Salman",0.001690045631232043,2.414426869886315e-05,0.0005471298021806474
"Shayan, Muhammad",0.0007605205340544194,0.0,0.0001269096121658102
"Ullah, Rizwan",0.0007605205340544194,0.0,0.0001269096121658102
"Rizwan, Muhammad",0.0007605205340544194,0.0,0.0001269096121658102
"Khan, Afsar",0.001690045631232043,2.414426869886315e-05,0.0005471298021806474
"Alodhayb, Abdullah N.",0.0007605205340544194,0.0,0.0001269096121658102
"Iqbal, Anam",0.0007605205340544194,0.0,0.0001269096121658102
"Iqbal, Kanwal",0.0007605205340544194,0.0,0.0001269096121658102
"Ullah, Sami",0.0007605205340544194,0.0,0.0001269096121658102
"Al-Wasidi, Asma S.",0.00042251140780801076,0.0,2.793203157953156e-29
"Ahmed, Mohamed A.",0.00042251140780801076,0.0,2.793203157953156e-29
"Ahmed, Hoda A.",0.00042251140780801076,0.0,2.793203157953156e-29
"Mahmoud, Safwat A.",0.00042251140780801076,0.0,2.793203157953156e-29
"Mohamed, Ashraf A.",0.00042251140780801076,0.0,2.793203157953156e-29
"Ahmed, Mahmoud A.",0.00042251140780801076,0.0,2.793203157953156e-29
"Zhang, Zhanbo",0.000507013689369613,0.0,1.2650690567707571e-08
"Wang, Yanyan",0.000507013689369613,0.0,1.2650690567707571e-08
"Ying, Shuyang",0.000507013689369613,0.0,1.2650690567707571e-08
"Zhao, Jiang",0.000507013689369613,0.0,1.2650690567707571e-08
"Peng, Changsi",0.000507013689369613,0.0,1.2650690567707571e-08
"Fan, Qi",0.00042251140780801076,0.0,0.00029817852928116557
"Chen, Ke",0.001014027378739226,0.00033719259697456266,0.0003048066885272494
"Liang, Kun",0.00042251140780801076,0.0,0.00029817852928116557
"Gao, Liguo",0.0001690045631232043,0.0,2.7266718832048103e-14
"Du, Jingwen",0.0001690045631232043,0.0,2.7266718832048103e-14
"Ma, Tingli",0.0013520365049856345,0.0,2.915488759295807e-13
"Wu, Deguang",0.0007605205340544194,0.0,1.104530138766688e-06
"Cai, Yuqin",0.0007605205340544194,0.0,1.104530138766688e-06
"Lv, Shuhong",0.0007605205340544194,0.0,1.104530138766688e-06
"Liu, Haining",0.0007605205340544194,0.0,1.104530138766688e-06
"You, Wenxia",0.0012675342234240324,0.0,9.028053379933284e-05
"Xu, Zheyuan",0.0012675342234240324,0.0,9.028053379933284e-05
"Jiang, Ying",0.001605543349670441,0.00048170370996366093,9.12630757148467e-05
"Zheng, Weihao",0.0012675342234240324,0.0,9.028053379933284e-05
"Yang, Xin",0.0012675342234240324,0.0,9.028053379933284e-05
"Liang, Jieyuan",0.0012675342234240324,0.0,9.028053379933284e-05
"Yi, Xiao",0.0012675342234240324,0.0,9.028053379933284e-05
"Wang, Tinghao",0.0012675342234240324,0.0,9.028053379933284e-05
"Gao, Fei",0.0012675342234240324,0.0,9.028053379933284e-05
"Zhu, Xiaoli",0.0012675342234240324,0.0,9.028053379933284e-05
"Yuan, Quan",0.0012675342234240324,0.0,9.028053379933284e-05
"Li, Yanghanqi",0.000507013689369613,0.0,7.761771820782192e-06
"Zhang, Kewang",0.000507013689369613,0.0,7.761771820782192e-06
"Wu, Zhengying",0.000507013689369613,0.0,7.761771820782192e-06
"Wang, Caiqin",0.000507013689369613,0.0,7.761771820782192e-06
"Du, Yukou",0.000507013689369613,0.0,7.761771820782192e-06
"Chang, Zhihua",0.0007605205340544194,0.0,2.6925299575846386e-11
"Liu, Wendong",0.0007605205340544194,0.0,2.6925299575846386e-11
"Feng, Junan",0.0007605205340544194,0.0,2.6925299575846386e-11
"Lin, Zenghui",0.0007605205340544194,0.0,2.6925299575846386e-11
"Wang, Tianyi",0.0007605205340544194,0.0,2.6925299575846386e-11
"Lei, Yaojie",0.0007605205340544194,0.0,2.6925299575846386e-11
"Wang, Guoxiu",0.0007605205340544194,0.0,2.6925299575846386e-11
"Qin, Shan",0.00042251140780801076,0.0,2.7897674950376203e-07
"Ge, Chengrong",0.00042251140780801076,0.0,2.7897674950376203e-07
"Kong, Xiangming",0.00042251140780801076,0.0,2.7897674950376203e-07
"Fu, Meng",0.00042251140780801076,0.0,2.7897674950376203e-07
"Zhuang, Ziheng",0.00042251140780801076,0.0,2.7897674950376203e-07
"Jin, Zhouzheng",0.0005915159709312151,0.0,1.1357414374552757e-07
"Li, Jingru",0.0005915159709312151,0.0,1.1357414374552757e-07
"Liu, Dan",0.0013520365049856345,0.00033719259697456266,1.6578549548399337e-06
"Sun, Yanmin",0.0005915159709312151,0.0,1.1357414374552757e-07
"Li, Xiaoyun",0.0005915159709312151,0.0,1.1357414374552757e-07
"Cai, Qi",0.0005915159709312151,0.0,1.1357414374552757e-07
"Ding, Hui",0.0005915159709312151,0.0,1.1357414374552757e-07
"Gui, Jianzhou",0.0005915159709312151,0.0,1.1357414374552757e-07
Abdullah,0.000507013689369613,0.0,1.1035444284441217e-24
"Reshak, Ali H.",0.000507013689369613,0.0,1.1035444284441217e-24
"Rashid, Haroon Ur",0.000507013689369613,0.0,1.1035444284441217e-24
"Azam, Sikander",0.000507013689369613,0.0,1.1035444284441217e-24
"Ali, Dania",0.000507013689369613,0.0,1.1035444284441217e-24
"Idzuchi, Hiroshi",0.0005915159709312151,0.0,3.699138722121488e-23
"Allcca, Andres E. Llacsahuanga",0.0005915159709312151,0.0,3.699138722121488e-23
"Haglund, Amanda Victo",0.0005915159709312151,0.0,3.699138722121488e-23
"Pan, Xing-Chen",0.0005915159709312151,0.0,3.699138722121488e-23
"Matsuda, Takuya",0.0005915159709312151,0.0,3.699138722121488e-23
"Tanigaki, Katsumi",0.0005915159709312151,0.0,3.699138722121488e-23
"Mandrus, David",0.0005915159709312151,0.0,3.699138722121488e-23
"Chen, Yong P.",0.0005915159709312151,0.0,3.699138722121488e-23
"Aydin, Kubra",0.000507013689369613,0.0,5.327153564675236e-26
"Woo, Seongwon",0.000507013689369613,0.0,5.327153564675236e-26
"Kanade, Vinit Kaluram",0.000507013689369613,0.0,5.327153564675236e-26
"Choi, Seulgi",0.000507013689369613,0.0,5.327153564675236e-26
"Ahn, Chisung",0.000507013689369613,0.0,5.327153564675236e-26
"Lim, Byungkwon",0.000507013689369613,0.0,5.327153564675236e-26
"Kim, Taesung",0.000507013689369613,0.0,5.327153564675236e-26
"Kuang, Junyan",0.00042251140780801076,0.0,7.603068772725195e-05
"Yin, Junwei",0.00042251140780801076,0.0,7.603068772725195e-05
"Wu, Yongchuan",0.00042251140780801076,0.0,2.793203157953156e-29
"Liu, Zhongmin",0.00042251140780801076,0.0,2.793203157953156e-29
"Li, Yaru",0.00042251140780801076,0.0,2.793203157953156e-29
"Chen, Jitao",0.00042251140780801076,0.0,2.793203157953156e-29
"Zhu, Xixi",0.00042251140780801076,0.0,2.793203157953156e-29
"Na, Ping",0.00042251140780801076,0.0,2.793203157953156e-29
"Qin, Na",0.000507013689369613,0.0,1.5867526687999627e-06
"Liu, Yuhao",0.0008450228156160215,0.0,1.906942748679568e-06
"Wu, Weiming",0.0008450228156160215,0.0,1.906942748679568e-06
"Chen, Xun",0.000507013689369613,0.0,1.5867526687999627e-06
"Li, Zhaohui",0.000507013689369613,0.0,1.5867526687999627e-06
"Wang, Kaixin",0.0009295250971776238,0.0,4.951251776318967e-07
"Huang, Denghui",0.0009295250971776238,0.0,4.951251776318967e-07
"Chi, Hanwen",0.0009295250971776238,0.0,4.951251776318967e-07
"Zheng, Zicheng",0.0009295250971776238,0.0,4.951251776318967e-07
"Tu, Ni",0.0009295250971776238,0.0,4.951251776318967e-07
"Bi, Jianfeng",0.0009295250971776238,0.0,4.951251776318967e-07
"Jiang, Jie",0.0009295250971776238,0.0,4.951251776318967e-07
"Tang, Minxian",0.0009295250971776238,0.0,4.951251776318967e-07
"Plakhotnyuk, Maksym M.",0.0005915159709312151,0.0,3.699138722121488e-23
"Schueler, Nadine",0.0005915159709312151,0.0,3.699138722121488e-23
"Shkodin, Evgeniy",0.0005915159709312151,0.0,3.699138722121488e-23
"Vijayan, Ramachandran Ammapet",0.0005915159709312151,0.0,3.699138722121488e-23
"Masilamani, Sangaravadivel",0.0005915159709312151,0.0,3.699138722121488e-23
"Varadharajaperumal, Muthubalan",0.0005915159709312151,0.0,3.699138722121488e-23
"Crovetto, Andrea",0.0005915159709312151,0.0,3.699138722121488e-23
"Hansen, Ole",0.0005915159709312151,0.0,3.699138722121488e-23
"Xu, Fang",0.0011830319418624302,0.00038536296797092877,9.146456061255254e-06
"Mei, Jingjing",0.000507013689369613,0.0,8.899240160702945e-06
"Zheng, Miqian",0.000507013689369613,0.0,8.899240160702945e-06
"Bai, Dandan",0.000507013689369613,0.0,8.899240160702945e-06
"Wu, Dapeng",0.000507013689369613,0.0,8.899240160702945e-06
"Gao, Zhiyong",0.000507013689369613,0.0,8.899240160702945e-06
"Chen, Fen",0.0003380091262464086,0.0,3.694543047710978e-05
"Luo, Bifu",0.0003380091262464086,0.0,3.694543047710978e-05
"Xu, Feiyan",0.0012675342234240324,3.1352531521550366e-05,8.186353619879553e-05
"Meng, Kai",0.00042251140780801076,0.0,5.5034713844439494e-05
"Liu, Huibiao",0.00042251140780801076,0.0,5.5034713844439494e-05
"Wang, Yuankun",0.0008450228156160215,0.0,0.00012712516843302408
"Zhang, Ruifang",0.0008450228156160215,0.0,0.00012712516843302408
"Wu, Hu",0.0008450228156160215,0.0,0.00012712516843302408
"Lu, Shiyao",0.0008450228156160215,0.0,0.00012712516843302408
"Harris, Christopher J.",0.0008450228156160215,0.0,0.00012712516843302408
"Kumar, Ramachandran Vasant",0.0008450228156160215,0.0,0.00012712516843302408
"Feng, Fu",0.0005915159709312151,0.0,1.2791897373367685e-05
"Hu, Ning",0.0005915159709312151,0.0,1.2791897373367685e-05
"Wang, Qingmiao",0.0005915159709312151,0.0,1.2791897373367685e-05
"Hu, Qiuyan",0.0005915159709312151,0.0,1.2791897373367685e-05
"Guo, Shichao",0.0005915159709312151,0.0,1.2791897373367685e-05
"Jin, Wei",0.0012675342234240324,0.00019656615215691515,0.00012015609600146888
"Li, Chuanbin",0.0005915159709312151,0.0,1.2791897373367689e-05
"Lee, Chan Woo",0.000507013689369613,0.0,5.327153564675236e-26
"Seo, Seung-Deok",0.000507013689369613,0.0,5.327153564675236e-26
"Kim, Dong Wook",0.000507013689369613,0.0,5.327153564675236e-26
"Park, Sangbaek",0.000507013689369613,0.0,5.327153564675236e-26
"Jin, Kyoungsuk",0.000507013689369613,0.0,5.327153564675236e-26
"Kim, Dong-Wan",0.000507013689369613,0.0,5.327153564675236e-26
"Hong, Kug Sun",0.000507013689369613,0.0,5.327153564675236e-26
"Miro-Zarate, Jorge Luis",0.0003380091262464086,0.0,3.683167485230363e-33
"Cervantes-Sodi, Felipe",0.0003380091262464086,0.0,3.683167485230363e-33
"Elias-Espinosa, Milton Carlos",0.0003380091262464086,0.0,3.683167485230363e-33
"Garcia-Trujillo, Skarleth",0.0003380091262464086,0.0,3.683167485230363e-33
"Diliegros-Godines, Carolina Janani",0.0003380091262464086,0.0,3.683167485230363e-33
"Feng, Yangyang",0.0008450228156160215,0.0,0.00011049461616503374
"Luo, Chunjia",0.0008450228156160215,0.0,0.00011049461616503374
"Chen, Xushuai",0.0008450228156160215,0.0,0.00011049461616503374
"Gu, Jincui",0.0008450228156160215,0.0,0.00011049461616503374
"Zhang, Yanmei",0.0008450228156160215,0.0,0.00011049461616503374
"Chao, Min",0.0008450228156160215,0.0,0.00011049461616503374
"Li, Mengru",0.0008450228156160215,0.0,0.00011049461616503374
"Wang, Xun",0.0008450228156160215,0.0,0.00011049461616503374
"Yan, Luke",0.0008450228156160215,0.0,0.00011049461616503374
"Pandey, Anand",0.0002535068446848065,0.0,6.570990368930812e-38
"Kumar, Tarun",0.0002535068446848065,0.0,6.570990368930812e-38
"Mondal, Arnab",0.0002535068446848065,0.0,6.570990368930812e-38
"Bag, Ankush",0.0002535068446848065,0.0,6.570990368930812e-38
"Cai, Zhicheng",0.00042251140780801076,0.0,1.358929313260934e-06
"Hilal, Muhammad",0.00042251140780801076,0.0,1.358929313260934e-06
"Kim, Hyojung",0.00042251140780801076,0.0,1.358929313260934e-06
"Kim, Jun-Hyun",0.00042251140780801076,0.0,1.358929313260934e-06
"Lee, Chang Hyun",0.00042251140780801076,0.0,1.358929313260934e-06
"Varma, Ranjana",0.0002535068446848065,0.0,6.570990368930812e-38
"Chaurasia, Shivkumar",0.0002535068446848065,0.0,6.570990368930812e-38
"Patel, Nainesh",0.0002535068446848065,0.0,6.570990368930812e-38
"Bhanage, B. M.",0.0002535068446848065,0.0,6.570990368930812e-38
"Chen, Xiang-Hong",0.0002535068446848065,0.0,6.570990368930812e-38
"Hu, Zhi-Xin",0.0002535068446848065,0.0,6.570990368930812e-38
"Gao, Kuang-Hong",0.0002535068446848065,0.0,6.570990368930812e-38
"Li, Zhi-Qing",0.0002535068446848065,0.0,6.570990368930812e-38
"Tian, Hongyi",0.0003380091262464086,0.0,7.36046977566957e-06
"Zhang, Ya-nan",0.0003380091262464086,0.0,7.36046977566957e-06
"Wang, Yanbin",0.0003380091262464086,0.0,7.36046977566957e-06
"Cao, Tongcheng",0.0003380091262464086,0.0,7.36046977566957e-06
"Ponomarenko, V. P.",0.0001690045631232043,0.0,4.961725533464465e-44
"Popov, V. S.",0.0001690045631232043,0.0,4.961725533464465e-44
"Popov, S., V",0.0001690045631232043,0.0,4.961725533464465e-44
"Lin, Qiong",0.0002535068446848065,0.0,5.477999015561195e-06
"Liang, Lei",0.0002535068446848065,0.0,0.0005571841396376634
"Cao, Jing",0.0002535068446848065,0.0,0.0005571841396376634
"Lin, Haili",0.0002535068446848065,0.0,0.0005571841396376634
"Meng, Linxing",0.0003380091262464086,0.0,2.655444968531224e-06
"Tian, Wei",0.000507013689369613,3.59945150436349e-07,3.3352132732501623e-06
"Nazir, Safdar",0.00042251140780801076,0.0,5.457697706487854e-07
"Cheng, Jianli",0.0003380091262464086,0.0,5.239601990211502e-07
"Yang, Kesong",0.0012675342234240324,0.00024118989267303304,9.25950117870653e-06
"Li, Ming-Hsien",0.0005915159709312151,0.0,3.699138722121488e-23
"Yang, Yu-Syuan",0.0005915159709312151,0.0,3.699138722121488e-23
"Wang, Kuo-Chin",0.0005915159709312151,0.0,3.699138722121488e-23
"Chiang, Yu-Hsien",0.0005915159709312151,0.0,3.699138722121488e-23
"Shen, Po-Shen",0.0005915159709312151,0.0,3.699138722121488e-23
"Lai, Wei-Chih",0.0005915159709312151,0.0,3.699138722121488e-23
"Guo, Tzung-Fang",0.0005915159709312151,0.0,3.699138722121488e-23
"Chen, Peter",0.0005915159709312151,0.0,3.699138722121488e-23
"Liu, Zhifang",0.0006760182524928173,0.0,2.9770383637041304e-08
"Li, Mingjie",0.0006760182524928173,0.0,2.9770383637041304e-08
"Sun, Yilin",0.0006760182524928173,0.0,2.9770383637041304e-08
"Wang, Huaipeng",0.0006760182524928173,0.0,2.9770383637041304e-08
"Chen, Hongwu",0.0006760182524928173,0.0,2.9770383637041304e-08
"Tian, Yulan",0.0006760182524928173,0.0,2.9770383637041304e-08
"Ding, Yingtao",0.0006760182524928173,0.0,2.9770383637041304e-08
"Chen, Zhiming",0.0006760182524928173,0.0,2.9770383637041304e-08
"Zhang, Yuelan",0.0005915159709312151,0.0,3.699138722121488e-23
"Li, Liping",0.0005915159709312151,0.0,3.699138722121488e-23
"Han, Dong",0.0005915159709312151,0.0,3.699138722121488e-23
"Fu, Sixian",0.0005915159709312151,0.0,3.699138722121488e-23
"Liu, Yan",0.0005915159709312151,0.0,3.699138722121488e-23
"Han, Bingqi",0.0005915159709312151,0.0,3.699138722121488e-23
"Yang, Min",0.0005915159709312151,0.0,3.699138722121488e-23
"Li, Guangshe",0.0005915159709312151,0.0,3.699138722121488e-23
"Wang, Libo",0.00042251140780801076,0.0,7.59233809328832e-05
"Qi, Shihan",0.0005915159709312151,0.0,5.335428810783746e-05
"Yin, Zhuangzhuang",0.0005915159709312151,0.0,5.335428810783746e-05
"Liu, Xiangxuan",0.0005915159709312151,0.0,2.9764228961380855e-15
"Wang, Xuanjun",0.0005915159709312151,0.0,2.9764228961380855e-15
"Liu, Can",0.0005915159709312151,0.0,2.9764228961380855e-15
"Li, Zhengcao",0.0005915159709312151,0.0,2.9764228961380855e-15
"Tang, Minghua",0.0005915159709312151,0.0,0.009036007698053974
"Song, Linlin",0.0005915159709312151,0.0,0.009036007698053974
"Tang, Guoqiang",0.0005915159709312151,0.0,0.009036007698053974
"Zhang, Bingjie",0.0005915159709312151,0.0,0.009036007698053974
"Zhang, Lisha",0.0005915159709312151,0.0,0.009036007698053974
"More, Vivek Mohan",0.0003380091262464086,0.0,2.0740920106571098e-14
"Mishra, Atul Kumar",0.0003380091262464086,0.0,2.0740920106571098e-14
"Park, Jinjoo",0.0003380091262464086,0.0,2.0740920106571098e-14
"Franklin, Daniel",0.00042251140780801076,0.0,0.000764633773735782
"Koul, Supriya",0.00042251140780801076,0.0,0.000764633773735782
"Kushima, Akihiro",0.00042251140780801076,0.0,0.000764633773735782
"Chen, Chih-Yen",8.450228156160216e-05,0.0,1.1672423683483423e-52
"Tseng, Chia-Chieh",8.450228156160216e-05,0.0,1.1672423683483423e-52
"Pasupuleti, Kedhareswara Sairam",0.0006760182524928173,0.0,1.1873375919844751e-20
"Reddeppa, Maddaka",0.0006760182524928173,0.0,1.1873375919844751e-20
"Chougule, S. S.",0.0006760182524928173,0.0,1.1873375919844751e-20
"Bak, Na-hyun",0.0006760182524928173,0.0,1.1873375919844751e-20
"Nam, Dong-Jin",0.0006760182524928173,0.0,1.1873375919844751e-20
"Jung, Namgee",0.0006760182524928173,0.0,1.1873375919844751e-20
"Cho, Hak Dong",0.0006760182524928173,0.0,1.1873375919844751e-20
"Kim, Song-Gang",0.0006760182524928173,0.0,1.1873375919844751e-20
"Kim, Moon-Deock",0.0006760182524928173,0.0,1.1873375919844751e-20
"Zhou, Rui",0.0003380091262464086,0.0,5.2344493267997836e-06
"Dong, Zhongliang",0.0003380091262464086,0.0,5.2344493267997836e-06
"Xu, Jiayue",0.0003380091262464086,0.0,5.2344493267997836e-06
"Kollbek, Kamila",0.0006760182524928173,0.0,1.1873375919844751e-20
"Jarosinski, Lukasz",0.0006760182524928173,0.0,1.1873375919844751e-20
"Dabczynski, Pawel",0.0006760182524928173,0.0,1.1873375919844751e-20
"Jablonski, Piotr",0.0006760182524928173,0.0,1.1873375919844751e-20
"Gajewska, Marta",0.0006760182524928173,0.0,1.1873375919844751e-20
"Jelen, Piotr",0.0006760182524928173,0.0,1.1873375919844751e-20
"Rysz, Jakub",0.0006760182524928173,0.0,1.1873375919844751e-20
"Szacilowski, Konrad",0.0006760182524928173,0.0,1.1873375919844751e-20
"Przybylski, Marek",0.0006760182524928173,0.0,1.1873375919844751e-20
"Wu, Nan",0.0003380091262464086,0.0,9.95136363949903e-05
"Behara, Dilip Kumar",0.0007605205340544194,0.0,1.8778271828506058e-21
"Sharma, Gyan Prakash",0.0007605205340544194,0.0,1.8778271828506058e-21
"Upadhyay, Arun Prakash",0.0007605205340544194,0.0,1.8778271828506058e-21
"Gyanprakash, Maurya",0.00042251140780801076,0.0,1.1300624461263965e-21
"Pala, Raj Ganesh S.",0.0007605205340544194,0.0,1.8778271828506058e-21
Sri Sivakumar,0.00042251140780801076,0.0,1.1300624461263965e-21
"Rahaman, Mizanur",0.0002535068446848065,0.0,6.570990368930812e-38
"Ahmed, Hasive",0.0002535068446848065,0.0,6.570990368930812e-38
"Sadman, Sarker Md",0.0002535068446848065,0.0,6.570990368930812e-38
"Islam, Muhammad Rakibul",0.0002535068446848065,0.0,6.570990368930812e-38
"Shen, Zihan",0.0009295250971776238,0.0,0.00037896710523443967
"Pu, Mengjie",0.0009295250971776238,0.0,0.00037896710523443967
"Xie, Yue",0.0009295250971776238,0.0,0.00037896710523443967
"Liu, Junxing",0.0009295250971776238,0.0,0.00037896710523443967
"Zhu, Shibo",0.0009295250971776238,0.0,0.00037896710523443967
"Wei, Luming",0.0009295250971776238,0.0,0.00037896710523443967
"Zheng, Wanbing",0.0009295250971776238,0.0,0.00037896710523443967
"Zhang, Lingsun",0.0009295250971776238,0.0,0.00037896710523443967
"Wang, Xinzhi",0.0009295250971776238,0.0,0.00037896710523443967
"Xu, Bentuo",0.0009295250971776238,0.0,0.00037896710523443967
"Huang, Mingzhi",0.0009295250971776238,0.0,0.00037896710523443967
"Pirashanthan, Arumugam",0.00042251140780801076,0.0,2.793203157953156e-29
"Kajana, Thirunavukarasu",0.00042251140780801076,0.0,2.793203157953156e-29
"Velauthapillai, Dhayalan",0.00042251140780801076,0.0,2.793203157953156e-29
"Shivatharsiny, Yohi",0.00042251140780801076,0.0,2.793203157953156e-29
"Bentouba, Said",0.00042251140780801076,0.0,2.793203157953156e-29
"Ravirajan, Punniamoorthy",0.00042251140780801076,0.0,2.793203157953156e-29
"Wang, Pingquan",0.000507013689369613,0.0,1.9053254088628097e-05
"Ji, Hao",0.00042251140780801076,0.0,2.793203157953156e-29
"Li, Zelin",0.00042251140780801076,0.0,2.793203157953156e-29
"Xu, Zhenyi",0.00042251140780801076,0.0,2.793203157953156e-29
"Yao, Lingmin",0.00042251140780801076,0.0,2.793203157953156e-29
"Tong, Rui",0.00042251140780801076,0.0,2.793203157953156e-29
"Zhang, Shan",0.00042251140780801076,0.0,2.793203157953156e-29
"Cao, Linh Chi T.",0.000507013689369613,0.0,5.327153564675236e-26
"Chen, P. S.",0.000507013689369613,0.0,5.327153564675236e-26
"Lin, Y. H.",0.000507013689369613,0.0,5.327153564675236e-26
"Nagao, Yuki",0.000507013689369613,0.0,5.327153564675236e-26
"Boonruang, Sakoolkan",0.000507013689369613,0.0,5.327153564675236e-26
"Jong, Chao-An",0.000507013689369613,0.0,5.327153564675236e-26
"Hsu, Shu-Han",0.000507013689369613,0.0,5.327153564675236e-26
"Zhou, Quan",0.0012675342234240324,2.1497167008625446e-05,3.38295044116182e-05
"Dai, Xingjian",0.0012675342234240324,2.1497167008625446e-05,3.38295044116182e-05
"Li, Kailin",0.0007605205340544194,0.0,1.1999496661258408e-05
"Zhang, Chenzhi",0.0012675342234240324,2.1497167008625446e-05,3.38295044116182e-05
"Zhang, Xinfang",0.0012675342234240324,2.1497167008625446e-05,3.38295044116182e-05
"Du, Zhilan",0.0007605205340544194,0.0,1.1999496661258408e-05
"Yi, Shuang",0.0007605205340544194,0.0,1.1999496661258408e-05
"Yang, Pingan",0.0007605205340544194,0.0,1.1999496661258408e-05
"Rao, Jinsong",0.0012675342234240324,2.1497167008625446e-05,3.38295044116182e-05
"Lin, Xue",0.00042251140780801076,0.0,5.595868046495229e-06
"Wang, Jingbo",0.00042251140780801076,0.0,5.595868046495229e-06
"Shi, Junyou",0.00042251140780801076,0.0,5.595868046495229e-06
"Hong, Yuanzhi",0.00042251140780801076,0.0,5.595868046495229e-06
"Lin, Jin",0.0006760182524928173,0.0,7.162028629227573e-07
"Liao, Guanwan",0.0006760182524928173,0.0,7.162028629227573e-07
"Zhang, Xinshui",0.0006760182524928173,0.0,5.397542470072122e-05
"Zhang, Qiudi",0.0006760182524928173,0.0,5.397542470072122e-05
"Zhang, Zhengmei",0.0006760182524928173,0.0,5.397542470072122e-05
"Bian, Haiqin",0.0006760182524928173,0.0,5.397542470072122e-05
"Shi, Huimin",0.0006760182524928173,0.0,5.397542470072122e-05
"Gao, Xin",0.0008450228156160215,0.00028902222597819655,6.826643425009372e-05
"Jian, Shouwei",0.000507013689369613,0.0,4.314310324059914e-06
"Wang, Weizhen",0.000507013689369613,0.0,4.314310324059914e-06
"Li, Baodong",0.000507013689369613,0.0,4.314310324059914e-06
"Huang, Jianxiang",0.000507013689369613,0.0,4.314310324059914e-06
"Lei, Yuting",0.000507013689369613,0.0,4.314310324059914e-06
"Wang, Danfeng",0.000507013689369613,0.0,4.314310324059914e-06
"Rajhi, Abeer A.",0.0002535068446848065,0.0,1.5812554476708627e-25
"Aljohani, Naif S.",0.0002535068446848065,0.0,1.5812554476708627e-25
"Chen, Xiaotao",0.0008450228156160215,0.0,2.6036994946886963e-15
"Hu, Zhuofeng",0.0008450228156160215,0.0,2.6036994946886963e-15
"Ao, Zhimin",0.0008450228156160215,0.0,2.6036994946886963e-15
"Brudvig, Gary W.",0.0008450228156160215,0.0,2.6036994946886963e-15
"Tian, Fenghui",0.0008450228156160215,0.0,2.6036994946886963e-15
"Yu, Jimmy C.",0.0008450228156160215,0.0,2.6036994946886963e-15
"Li, Chuanhao",0.0008450228156160215,0.0,2.6036994946886963e-15
"Ren, Jin-Tao",8.450228156160216e-05,0.0,1.1672423683483423e-52
"Yuan, Zhong-Yong",8.450228156160216e-05,0.0,1.1672423683483423e-52
"Liu, Jiancheng",0.0005915159709312151,0.0,0.00012712477702197603
"Yang, Jingxuan",0.0003380091262464086,0.0,3.683167485230363e-33
"Li, Yingjie",0.0003380091262464086,0.0,3.683167485230363e-33
"Liu, Huaying",0.0003380091262464086,0.0,3.683167485230363e-33
"Tang, Xiaoning",0.0003380091262464086,0.0,3.683167485230363e-33
"Li, Huan",0.0003380091262464086,0.0,3.683167485230363e-33
"Lin, Peiyao",0.00042251140780801076,0.0,0.00020523145708625288
"Li, Dongsheng",0.00042251140780801076,0.0,0.00020523145708625288
"Tian, Lijun",0.0006760182524928173,0.0,3.7150717441337065e-06
"Xie, Jinyang",0.0006760182524928173,0.0,3.7150717441337065e-06
"Zhang, Chengjiang",0.0006760182524928173,0.0,3.7150717441337065e-06
"Chen, Junning",0.0006760182524928173,0.0,3.7150717441337065e-06
"Li, Qin",0.0014365387865472366,0.0006783392183752351,7.5749573009890185e-06
"Lv, Kangle",0.0019435524759168496,0.004421110847796706,1.1864638519537249e-05
"Deng, Kejian",0.0006760182524928173,0.0,3.7150717441337065e-06
"Ding, Zhu",0.0003380091262464086,0.0,7.179624291193581e-06
"Chang, Xue",0.0003380091262464086,0.0,7.179624291193581e-06
"Xu, Jun",0.0003380091262464086,0.0,7.179624291193581e-06
"Wang, Dan-Hong",0.0003380091262464086,0.0,7.179624291193581e-06
"Shen, Zhexi",0.00042251140780801076,0.0,2.793203157953156e-29
"Shi, Jiayi",0.00042251140780801076,0.0,2.793203157953156e-29
"Xiao, Longlong",0.00042251140780801076,0.0,2.793203157953156e-29
"Yu, Boqu",0.00042251140780801076,0.0,2.793203157953156e-29
"Chen, Xiaoxin",0.00042251140780801076,0.0,2.793203157953156e-29
"Zhang, Chaohong",0.00042251140780801076,0.0,2.793203157953156e-29
"Du, Kunrong",0.0006760182524928173,0.0,0.00010352473118798335
"Zheng, Huibin",0.0006760182524928173,0.0,0.00010352473118798335
"Oum, Wansik",0.0003380091262464086,0.0,1.1379051049688621e-31
"Shin, Ka Yoon",0.0003380091262464086,0.0,1.1379051049688621e-31
"Kim, Sang Sub",0.0003380091262464086,0.0,1.1379051049688621e-31
"Kim, Hyoun Woo",0.0003380091262464086,0.0,1.1379051049688621e-31
"Chai, Xiaobo",0.0001690045631232043,0.0,3.4789955083953495e-06
"Cheng, Chuanwei",0.0001690045631232043,0.0,3.4789955083953495e-06
"Huang, Shiu-Ming",0.0005915159709312151,0.0,3.699138722121488e-23
"Tu, Tzu-Yueh",0.0005915159709312151,0.0,3.699138722121488e-23
"Wang, Pin-Cing",0.0005915159709312151,0.0,3.699138722121488e-23
"Li, Chang -Yu",0.0005915159709312151,0.0,3.699138722121488e-23
"Chou, Mitch",0.0005915159709312151,0.0,3.699138722121488e-23
"Wu, Hao-Ting",0.0005915159709312151,0.0,3.699138722121488e-23
"Hsieh, Yue-Cheng",0.0005915159709312151,0.0,3.699138722121488e-23
"Chen, Ruei-San",0.0005915159709312151,0.0,3.699138722121488e-23
"Yamashita, Nanae",0.00042251140780801076,0.0,2.793203157953156e-29
"Komiyama, Hideaki",0.00042251140780801076,0.0,2.793203157953156e-29
"Zhao, Yongbin",0.00042251140780801076,0.0,2.793203157953156e-29
"Komura, Motonori",0.00042251140780801076,0.0,2.793203157953156e-29
"Iyoda, Tomokazu",0.00042251140780801076,0.0,2.793203157953156e-29
"Nagai, Keiji",0.00042251140780801076,0.0,2.793203157953156e-29
"Ranjith, Kugalur Shanmugam",0.00042251140780801076,0.0,2.793203157953156e-29
"Vilian, A. T. Ezhil",0.00042251140780801076,0.0,2.793203157953156e-29
"Ghoreishian, Seyed Majid",0.00042251140780801076,0.0,2.793203157953156e-29
"Umapathi, Reddicherla",0.00042251140780801076,0.0,2.793203157953156e-29
"Huh, Yun Suk",0.00042251140780801076,0.0,2.793203157953156e-29
"Han, Young-Kyu",0.00042251140780801076,0.0,2.793203157953156e-29
"Cui, Xue-Ping",0.0005915159709312151,0.0,3.699138722121488e-23
"Jiang, Ke-Jian",0.0005915159709312151,0.0,3.699138722121488e-23
"Huang, Jin-Hua",0.0005915159709312151,0.0,3.699138722121488e-23
"Zhang, Qian-Qian",0.0005915159709312151,0.0,3.699138722121488e-23
"Su, Mei-Ju",0.0005915159709312151,0.0,3.699138722121488e-23
"Yang, Lian-Ming",0.0005915159709312151,0.0,3.699138722121488e-23
"Song, Yan-Lin",0.0005915159709312151,0.0,3.699138722121488e-23
"Zhou, Xue-Qin",0.0005915159709312151,0.0,3.699138722121488e-23
"Awasthi, Ganesh Prasad",0.00042251140780801076,0.0,2.793203157953156e-29
"Poudel, Milan Babu",0.00042251140780801076,0.0,2.793203157953156e-29
"Shin, Miyeon",0.00042251140780801076,0.0,2.793203157953156e-29
"Sharma, Krishna Prasad",0.00042251140780801076,0.0,2.793203157953156e-29
"Kim, Han Joo",0.00042251140780801076,0.0,2.793203157953156e-29
"Yu, Changho",0.00042251140780801076,0.0,2.793203157953156e-29
"Li, Sijin",0.0003380091262464086,0.0,1.6071212051739945e-06
"Liu, Limei",0.0003380091262464086,0.0,1.6071212051739945e-06
"Pang, Huan",0.0003380091262464086,0.0,1.6071212051739945e-06
"Zhu, Rongmei",0.0003380091262464086,0.0,1.6071212051739945e-06
"Sun, Jiawei",0.00042251140780801076,0.0,2.793203157953156e-29
"Farid, Muhammad Usman",0.00042251140780801076,0.0,2.793203157953156e-29
"Boey, Min Wei",0.00042251140780801076,0.0,2.793203157953156e-29
"Sato, Yugo",0.00042251140780801076,0.0,2.793203157953156e-29
"Chen, Guanghao",0.00042251140780801076,0.0,2.793203157953156e-29
"An, Alicia Kyoungjin",0.00042251140780801076,0.0,2.793203157953156e-29
"Islam, M. Jahurul",0.00042251140780801076,0.0,1.1475093881274116e-07
"Reddy, D. Amaranatha",0.0015210410681088388,0.00021676666948364744,9.995705370649114e-07
"Han, Noh Soo",0.00042251140780801076,0.0,1.1475093881274116e-07
"Choi, Jiha",0.00042251140780801076,0.0,1.1475093881274116e-07
"Song, Jae Kyu",0.00042251140780801076,0.0,1.1475093881274116e-07
"Kim, Tae Kyu",0.0014365387865472366,0.00016859629848728133,9.972774921449968e-07
"Bharath, G.",0.00042251140780801076,0.0,2.793203157953156e-29
"Palanisamy, Selvakumar",0.00042251140780801076,0.0,2.793203157953156e-29
"Sivaranjani, T.",0.00042251140780801076,0.0,2.793203157953156e-29
"Karthigeyan, A.",0.00042251140780801076,0.0,2.793203157953156e-29
"Rajakarthihan, S.",0.00042251140780801076,0.0,2.793203157953156e-29
"Banat, Fawzi",0.00042251140780801076,0.0,2.793203157953156e-29
"Schuerings, Christian",0.0003380091262464086,0.0,6.633166651999181e-21
"Jha, Jaya",0.0002535068446848065,0.0,8.82897213838813e-35
"Meer, Mudassar",0.0002535068446848065,0.0,8.82897213838813e-35
"Ganguly, Swaroop",0.0002535068446848065,0.0,8.82897213838813e-35
"Saha, Dipankar",0.000507013689369613,0.0,1.4530292472105008e-34
"Zhou, Haowei",0.0008450228156160215,0.0,1.973544002838554e-05
"Li, Xiao",0.0008450228156160215,0.0,1.973544002838554e-05
"Liu, Junyu",0.0008450228156160215,0.0,1.973544002838554e-05
"Zhang, Jinlin",0.0008450228156160215,0.0,1.973544002838554e-05
"Liu, Zhongming",0.0008450228156160215,0.0,1.973544002838554e-05
"Darwish, Moustafa Adel",0.0008450228156160215,0.0,1.973544002838554e-05
"Salem, M. M.",0.0008450228156160215,0.0,1.973544002838554e-05
"Zhou, Tao",0.0019435524759168496,0.00039649837732963754,0.00016633196885877858
"Yilmaz, Murat",0.0008450228156160215,0.0,1.973544002838554e-05
"Uddin, Azim",0.0008450228156160215,0.0,1.973544002838554e-05
"Zhou, Di",0.0017745479127936454,0.0006705627716423013,8.266564035299259e-05
"Otgonbayar, Zambaga",0.0002535068446848065,4.8170370996366096e-05,4.941568218862815e-06
"Oh, Won -Chun",0.0001690045631232043,0.0,4.930177301911594e-06
"Zhang, Tianxi",0.0003380091262464086,0.0,4.026689832643249e-05
"Gao, Rui",0.0005915159709312151,0.0,4.186277742161173e-23
"Zheng, Lirong",0.0005915159709312151,0.0,4.186277742161173e-23
"Chen, Zhongjun",0.0005915159709312151,0.0,4.186277742161173e-23
"Wu, Zhonghua",0.0005915159709312151,0.0,4.186277742161173e-23
"Sun, Limei",0.0005915159709312151,0.0,4.186277742161173e-23
"Hu, Zhongbo",0.0005915159709312151,0.0,4.186277742161173e-23
"Liu, Xiangfeng",0.0005915159709312151,0.0,4.186277742161173e-23
"Karawek, Apisit",0.001014027378739226,0.0,5.376448557103886e-10
"Kittipoom, Kittipad",0.0008450228156160215,0.0,4.71591425670363e-10
"Tansuthepverawongse, Labhassiree",0.0008450228156160215,0.0,4.71591425670363e-10
"Ratchahat, Sakhon",0.0008450228156160215,0.0,4.71591425670363e-10
"Dharman, Ranjith Kumar",0.00042251140780801076,0.0,5.838412052256058e-07
"Mariappan, Athibala",0.00042251140780801076,0.0,5.838412052256058e-07
"Mannu, Pandian",0.00042251140780801076,0.0,5.838412052256058e-07
"Nga, Ta Thi Thuy",0.00042251140780801076,0.0,5.838412052256058e-07
"Oh, Tae Hwan",0.0009295250971776238,5.0705653680385366e-06,6.004537461561327e-07
"Shen, Yongzhen",0.00042251140780801076,0.0,0.0005159820084082866
"Zhou, Jie",0.0010985296603008281,0.0004932434592059949,0.0005395530956545347
"Zhong, Jianxin",0.0005915159709312151,5.751335718377044e-07,0.0005946688166535185
"Cheng, Huijie",0.00042251140780801076,0.0,2.5103852825486744e-05
"Jiao, Shuqiang",0.0005915159709312151,3.595571541147473e-06,2.899019644516374e-05
"Takeda, Osamu",0.00042251140780801076,0.0,2.5103852825486744e-05
"Wu, Xiaohui",0.0005915159709312151,0.0,0.00037562920374221753
"Liu, Cheng",0.001014027378739226,0.0009780811527720721,0.00038089127778778936
"Gong, Haiming",0.0002535068446848065,0.0,3.788225670907016e-05
"Li, Hongying",0.0002535068446848065,0.0,3.788225670907016e-05
"Wan, Jing",0.0002535068446848065,0.0,0.00012596751995456632
"Tong, Xili",0.0003380091262464086,0.0,3.683167485230363e-33
"Yang, Peng",0.0003380091262464086,0.0,3.683167485230363e-33
"Wang, Yunwei",0.0003380091262464086,0.0,3.683167485230363e-33
"Qin, Yong",0.0003380091262464086,0.0,3.683167485230363e-33
"Guo, Xiangyun",0.0003380091262464086,0.0,3.683167485230363e-33
"Zhang, Shuting",0.0005915159709312151,0.0,0.001172341218915878
"Wang, Honghuo",0.0005915159709312151,0.0,0.001172341218915878
"Wu, Tingting",0.0005915159709312151,0.0,0.001172341218915878
"Chang, Wenjiao",0.0005915159709312151,0.0,0.001172341218915878
"Li, Yifan",0.0005915159709312151,0.0,0.001172341218915878
"Wang, Junying",0.0005915159709312151,0.0,0.001172341218915878
"Yang, Yongqiang",0.0005915159709312151,0.0,0.001172341218915878
"Gao, Qiqian",0.00042251140780801076,0.0,4.389677417368453e-06
"Sun, Shihan",0.00042251140780801076,0.0,4.389677417368453e-06
"Li, Xuesong",0.00042251140780801076,0.0,4.389677417368453e-06
"Zhang, Xueyu",0.00042251140780801076,0.0,4.389677417368453e-06
"Duan, Lianfeng",0.00042251140780801076,0.0,4.389677417368453e-06
"Yang, Zhan",0.0001690045631232043,0.0,4.961725533464465e-44
"Lin, Zehao",0.0001690045631232043,0.0,4.961725533464465e-44
"Huang, Jianguo",0.0001690045631232043,0.0,4.961725533464465e-44
"Shi, Rongrong",0.0003380091262464086,0.0,1.1423475046218633e-07
"Song, Kai",0.0003380091262464086,0.0,1.1423475046218633e-07
"Liu, Chunyang",0.0003380091262464086,0.0,1.1423475046218633e-07
"Liu, Shengqian",0.000507013689369613,0.0,0.0005587288282344371
"Tao, Yue",0.000507013689369613,0.0,0.0005587288282344371
"Zhou, Hu",0.000507013689369613,0.0,0.0005587288282344371
"Li, Mengyu",0.000507013689369613,0.0,0.0005587288282344371
"Agbadaola, Michael Tope",0.0002535068446848065,0.0,6.570990368930812e-38
"Adeojo, Oluwamumiyo Dorcas",0.0002535068446848065,0.0,6.570990368930812e-38
"Michael-Agbadaola, Olaitan",0.0002535068446848065,0.0,6.570990368930812e-38
"Babalola, Jonathan Oyebamiji",0.0002535068446848065,0.0,6.570990368930812e-38
"Zhang, Zi-Long",0.0003380091262464086,0.0,0.0007171151503820779
"Tao, Liang",0.0003380091262464086,0.0,0.0007171151503820779
"Wang, Jing-Wen",0.0003380091262464086,0.0,0.0007171151503820779
"Ma, Ying-Jie",0.0003380091262464086,0.0,0.0007171151503820779
"Zhang, Xue-Long",0.000507013689369613,0.0,0.00032589285270160495
"Zhu, Jun",0.0008450228156160215,0.0022493973590604626,0.003423915096442886
"Fan, Li",0.000507013689369613,0.0,0.0003258928527016049
"Chen, Hai-Tao",0.000507013689369613,0.0,0.0003258928527016049
"He, Hui",0.000507013689369613,0.0,0.0003258928527016049
"Liang, Chen",0.0006760182524928173,0.0,6.691165026132154e-07
"Wang, Keyu",0.0006760182524928173,0.0,6.691165026132154e-07
"Wang, Yixing",0.0006760182524928173,0.0,6.691165026132154e-07
"Li, Shiyi",0.0006760182524928173,0.0,6.691165026132154e-07
"Qu, Kai",0.0006760182524928173,0.0,6.691165026132154e-07
"Lei, Linfeng",0.0006760182524928173,0.0,6.691165026132154e-07
"Zhuang, Linzhou",0.0006760182524928173,0.0,6.691165026132154e-07
"Xu, Zhi",0.0006760182524928173,0.0,6.691165026132154e-07
"Ma, Lixia",0.00042251140780801076,0.0,1.3206239232734487e-06
"Guo, Yingjie",0.00042251140780801076,0.0,1.3206239232734487e-06
"Wang, Zhongke",0.00042251140780801076,0.0,1.3206239232734487e-06
"Yin, Hang",0.00042251140780801076,0.0,1.3206239232734487e-06
"Jiang, Ruibin",0.00042251140780801076,0.0,1.3206239232734487e-06
"Ma, Rui",0.0007605205340544194,0.0,4.505954877466841e-05
"Han, Zejun",0.0007605205340544194,0.0,4.505954877466841e-05
"Cui, Xueqiong",0.0007605205340544194,0.0,4.505954877466841e-05
"Shi, Qiongfeng",0.0007605205340544194,0.0,4.505954877466841e-05
"Weng, Peijie",0.00042251140780801076,0.0,4.229903577904329e-07
"Cai, Qing",0.00042251140780801076,0.0,4.229903577904329e-07
"Wu, Huadong",0.00042251140780801076,0.0,4.229903577904329e-07
"Guo, Jia",0.00042251140780801076,0.0,4.229903577904329e-07
"Greco, Rossella",0.0007605205340544194,0.0,0.0004342117094655529
"Baxauli-Marin, Lucia",0.0007605205340544194,0.0,0.0004342117094655529
"Temerov, Filipp",0.0007605205340544194,0.0,0.0004342117094655529
"Daboczi, Matyas",0.0007605205340544194,0.0,0.0004342117094655529
"Niu, Yuran",0.0007605205340544194,0.0,0.0004342117094655529
"Zakharov, Alexei",0.0007605205340544194,0.0,0.0004342117094655529
"Li, Taohai",0.0007605205340544194,0.0,0.0004342117094655529
"Cao, Wei",0.0007605205340544194,0.0,0.0004342117094655529
"Shu, Kaiqian",0.0001690045631232043,0.0,4.961725533464465e-44
"Chuaicham, Chitiphon",0.0001690045631232043,0.0,4.961725533464465e-44
"Sasaki, Keiko",0.0001690045631232043,0.0,4.961725533464465e-44
"Sun, Dongya",0.0003380091262464086,0.0,3.683167485230363e-33
"Lin, Zhenyong",0.0003380091262464086,0.0,3.683167485230363e-33
"Xiao, Shengfu",0.0003380091262464086,0.0,3.683167485230363e-33
"Yin, Qinwen",0.0003380091262464086,0.0,3.683167485230363e-33
"He, Liwen",0.0003380091262464086,0.0,3.683167485230363e-33
"Phuan, Yi Wen",0.0002535068446848065,0.0,6.570990368930812e-38
"Chong, Meng Nan",0.0002535068446848065,0.0,6.570990368930812e-38
"Ocon, Joey D.",0.0002535068446848065,0.0,6.570990368930812e-38
"Chan, Eng Seng",0.0002535068446848065,0.0,6.570990368930812e-38
"Mofarah, Sajjad S.",0.001014027378739226,0.0,1.839950486749718e-05
"Daiyan, Rahman",0.001014027378739226,0.0,1.839950486749718e-05
"Esmailpour, Ali Asghar",0.001014027378739226,0.0,1.839950486749718e-05
"Lim, Sean",0.001014027378739226,0.0,1.839950486749718e-05
"Chen, Ewing Y.",0.001014027378739226,0.0,1.839950486749718e-05
"Fatima, Nisar",0.0007605205340544194,0.0,2.073438964253325e-18
"Tahir, Muhammad Bilal",0.0007605205340544194,0.0,2.073438964253325e-18
"Noor, Asma",0.0007605205340544194,0.0,2.073438964253325e-18
"Sagir, M.",0.0007605205340544194,0.0,2.073438964253325e-18
"Tahir, M. Suleman",0.0007605205340544194,0.0,2.073438964253325e-18
"Alrobei, Hussein",0.0007605205340544194,0.0,2.073438964253325e-18
"Fatima, Urooj",0.0007605205340544194,0.0,2.073438964253325e-18
"Shahzad, Khurram",0.0007605205340544194,0.0,2.073438964253325e-18
"Ali, Arshid Mahmood",0.0007605205340544194,0.0,2.073438964253325e-18
"Muhammad, Shabbir",0.0007605205340544194,0.0,2.073438964253325e-18
"Wu, Zhi",0.00042251140780801076,0.0,2.793203157953156e-29
"Gong, Cheng",0.00042251140780801076,0.0,2.793203157953156e-29
"Yu, Jiangdong",0.00042251140780801076,0.0,2.793203157953156e-29
"Sun, Lan",0.00042251140780801076,0.0,2.793203157953156e-29
"Xiao, Wang",0.00042251140780801076,0.0,2.793203157953156e-29
"Lin, Changjian",0.00042251140780801076,0.0,2.793203157953156e-29
"Sun, Zhen",0.0007605205340544194,0.0,3.118146306410941e-05
"Yuan, Jiahuan",0.0007605205340544194,0.0,3.118146306410941e-05
"Chi, Zengfu",0.0007605205340544194,0.0,3.118146306410941e-05
"Lv, Linlin",0.0007605205340544194,0.0,3.118146306410941e-05
"Wang, Haixu",0.0007605205340544194,0.0,3.118146306410941e-05
"Luo, Weiwei",0.0007605205340544194,0.0,3.118146306410941e-05
"Diao, Quanping",0.0007605205340544194,0.0,3.118146306410941e-05
"Xie, Haijiao",0.0018590501943552475,0.0005145498248968835,0.00014053226178852582
"Cai, Xiang",0.0007605205340544194,0.0,3.1181463064109415e-05
"Kim, Hark Jin",0.0001690045631232043,0.0,4.961725533464465e-44
"Seo, Junhyeok",0.0001690045631232043,0.0,4.961725533464465e-44
"Rose, Michael J.",0.0001690045631232043,0.0,4.961725533464465e-44
"Lu, Guanyu",0.000507013689369613,0.0,3.1043951491421076e-07
"Pan, Zhiliang",0.000507013689369613,0.0,3.1043951491421076e-07
"Gubbin, Christopher R.",0.000507013689369613,0.0,3.1043951491421076e-07
"Kowalski, Ryan A.",0.000507013689369613,0.0,3.1043951491421076e-07
"De Liberato, Simone",0.000507013689369613,0.0,3.1043951491421076e-07
"Li, Deyu",0.0015210410681088388,0.00028902222597819655,4.875702139163648e-06
"Caldwell, Joshua D.",0.000507013689369613,0.0,3.1043951491421076e-07
"Yang, Dong",0.0017745479127936454,0.0008313632677654896,0.0007426875592724907
"Yin, Liangming",0.0003380091262464086,0.0,6.677536111900087e-05
"Luo, Shuqi",0.00042251140780801076,0.0,1.5580716891266832e-05
"Zhang, Z. Conrad",0.00042251140780801076,0.0,1.5580716891266832e-05
"Yang, Pengqi",0.000507013689369613,0.0,0.0002617550381278289
"Zhang, Jia",0.000507013689369613,0.0,0.0002617550381278289
"Chen, Chaowen",0.000507013689369613,0.0,0.0002617550381278289
"Guo, Xinyue",0.000507013689369613,0.0,0.0002617550381278289
"Wu, Zhengyan",0.0013520365049856345,4.436818052976255e-05,0.0003119117403836737
"Hu, Xiaorui",0.0003380091262464086,0.0,3.683167485230363e-33
"Ren, R.",0.0003380091262464086,0.0,3.683167485230363e-33
"Yan, Haihong",0.0003380091262464086,0.0,3.683167485230363e-33
"Yuwen, Xinyuan",0.0003380091262464086,0.0,3.683167485230363e-33
"Wang, Yinlin",0.0003380091262464086,0.0,3.683167485230363e-33
"Wu, Ming-hong",0.00042251140780801076,0.0,3.169156002003774e-05
"Wang, De-jin",0.00042251140780801076,0.0,3.169156002003774e-05
"Xue, Yuan-cheng",0.00042251140780801076,0.0,3.169156002003774e-05
"Majhi, Dibyananda",0.00042251140780801076,0.0,5.167771306496131e-19
"Bhoi, Y. P.",0.00042251140780801076,0.0,5.167771306496131e-19
"Kwon, Ki Chang",0.0007605205340544194,0.0,2.5156592413370333e-06
"Hong, Kootak",0.0007605205340544194,0.0,2.5156592413370333e-06
"Andoshe, Dinsefa Mensur",0.0007605205340544194,0.0,2.5156592413370333e-06
"Oh, Jeong Hyeon",0.0007605205340544194,0.0,2.5156592413370333e-06
"Zhang, Xuan",0.0006760182524928173,0.0,0.0012685886127658304
"Fang, Yuan",0.0006760182524928173,0.0,0.0012685886127658304
"Diwu, Jiahao",0.0006760182524928173,0.0,0.0012685886127658304
"Zhao, Chongyang",0.000507013689369613,0.0,0.0007844134744079777
"Lee, Woo Jae",0.000507013689369613,0.0,0.0007844134744079777
"Huo, Siping",0.000507013689369613,0.0,0.0007844134744079777
"Fang, Jun",0.000507013689369613,0.0,0.0007844134744079777
"Cao, Dandan",0.0005915159709312151,0.0,0.003030150522620706
"Zhu, Shuxu",0.0005915159709312151,0.0,0.003030150522620706
"Li, Yunfei",0.0005915159709312151,0.0,0.003030150522620706
"Cui, Yuming",0.0005915159709312151,0.0,0.003030150522620706
"Xue, Zhongxin",0.0005915159709312151,0.0,0.003030150522620706
"Kim, Dongyun",0.0009295250971776238,0.0,3.4096892138408875e-13
"Lee, Kyuseok",0.0009295250971776238,0.0,3.4096892138408875e-13
"Park, Young Ho",0.0009295250971776238,0.0,3.4096892138408875e-13
"Lee, Junho",0.0009295250971776238,0.0,3.4096892138408875e-13
"Lee, Jeonghyeon",0.0009295250971776238,0.0,3.4096892138408875e-13
"Shin, Chaelin",0.0009295250971776238,0.0,3.4096892138408875e-13
"Jeong, Hyeonjong",0.0009295250971776238,0.0,3.4096892138408875e-13
"Cho, Chang-Hee",0.0015210410681088388,5.0705653680385364e-05,6.228072549543696e-13
"Lee, Seung Jun",0.0009295250971776238,0.0,3.4096892138408875e-13
"In, Su-Il",0.0009295250971776238,0.0,3.4096892138408875e-13
"Haldar, Toton",0.00042251140780801076,0.0,2.793203157953156e-29
"Chen, Chin-Wen",0.00042251140780801076,0.0,2.793203157953156e-29
"Shiu, Jia-Wei",0.00042251140780801076,0.0,2.793203157953156e-29
"Wu, Hsin-Ting",0.00042251140780801076,0.0,2.793203157953156e-29
"Rwei, Syang-Peng",0.00042251140780801076,0.0,2.793203157953156e-29
"Yu, Chi-Hua",0.00042251140780801076,0.0,2.793203157953156e-29
"Wang, Qingjie",0.001014027378739226,0.0,1.2559603789730807e-05
"Oldham, Louise L.",0.001014027378739226,0.0,1.2559603789730807e-05
"Giner-Requena, Alfredo",0.001014027378739226,0.0,1.2559603789730807e-05
"Wang, Zeyuan",0.001014027378739226,0.0,1.2559603789730807e-05
"Montilla-Verdu, Salvador",0.001014027378739226,0.0,1.2559603789730807e-05
"Chen, Rong",0.001014027378739226,0.0,1.2559603789730807e-05
"Du, Dongfeng",0.001014027378739226,0.0,1.2559603789730807e-05
"Lana-Villarreal, Teresa",0.001014027378739226,0.0,1.2559603789730807e-05
"Aschauer, Ulrich",0.001014027378739226,0.0,1.2559603789730807e-05
"Guijarro, Nestor",0.001014027378739226,0.0,1.2559603789730807e-05
"Durrant, James Robert",0.001014027378739226,0.0,1.2559603789730807e-05
"Luo, Jingshan",0.001014027378739226,0.0,1.2559603789730807e-05
"Yang, Yi",0.00042251140780801076,0.0,6.035003877962836e-05
"Gu, Miaoli",0.00042251140780801076,0.0,6.035003877962836e-05
"Mane, Pratik",0.0007605205340544194,0.0,2.073438964253325e-18
"Bhamu, K. C.",0.0007605205340544194,0.0,2.073438964253325e-18
"Burungale, Vishal",0.0007605205340544194,0.0,2.073438964253325e-18
"Seong, Chaewon",0.0007605205340544194,0.0,2.073438964253325e-18
"Heo, Jiwon",0.0007605205340544194,0.0,2.073438964253325e-18
"Bae, Hyojung",0.0007605205340544194,0.0,2.073438964253325e-18
"Cha, An-Na",0.0007605205340544194,0.0,2.073438964253325e-18
"Kang, Sung Gu",0.0007605205340544194,0.0,2.073438964253325e-18
"Lee, Sang Hyun",0.0007605205340544194,0.0,2.073438964253325e-18
"Ha, Jun-Seok",0.0007605205340544194,0.0,2.073438964253325e-18
"Ding, Xiaoya",0.0003380091262464086,0.0,4.8144468428624975e-05
"Han, Shuiquan",0.0003380091262464086,0.0,4.8144468428624975e-05
"Zhang, Dun",0.0003380091262464086,0.0,4.8144468428624975e-05
Ya-Qian Zhang,0.000507013689369613,0.0,0.00013157577855208612
Xiao-Sa Zhang,0.000507013689369613,0.0,0.00013157577855208612
Wen-Ze Li,0.000507013689369613,0.0,0.00013157577855208612
Hong-Tian Zhao,0.000507013689369613,0.0,0.00013157577855208612
"Luan, Jian",0.000507013689369613,0.0,0.00013157577855208612
"Wen, Baowei",0.00042251140780801076,0.0,0.00020831512864724912
"Gao, Menghan",0.00042251140780801076,0.0,0.00020831512864724912
"Lv, Ruibin",0.000507013689369613,0.0,9.618007451492078e-05
"Hu, Hui",0.000507013689369613,0.0,9.618007451492078e-05
"Fan, Maohong",0.000507013689369613,0.0,9.618007451492078e-05
"Li, Kunpeng",0.000507013689369613,0.0,9.618007451492078e-05
"Zhang, Mi",0.000507013689369613,0.0,9.618007451492078e-05
"Osazuwa, Osarieme Uyi",8.450228156160216e-05,0.0,1.1672423683483423e-52
"Ng, Kim Hoong",8.450228156160216e-05,0.0,1.1672423683483423e-52
"Song, Gang",0.0003380091262464086,0.0,4.891684297308656e-06
"He, Zhicai",0.0003380091262464086,0.0,4.891684297308656e-06
"Cao, Yong",0.0003380091262464086,0.0,4.891684297308656e-06
"Ashfaq, Atif",0.00042251140780801076,0.0,2.793203157953156e-29
"Ikram, Muhammad",0.00042251140780801076,0.0,2.793203157953156e-29
"Haider, Ali",0.00042251140780801076,0.0,2.793203157953156e-29
"Ul-Hamid, Anwar",0.00042251140780801076,0.0,2.793203157953156e-29
"Shahzadi, Iram",0.00042251140780801076,0.0,2.793203157953156e-29
"Haider, Junaid",0.00042251140780801076,0.0,2.793203157953156e-29
"Savariraj, Antonysamy Dennyson",0.000507013689369613,0.0,5.327153564675236e-26
"Austeria, P. Muthu",0.000507013689369613,0.0,5.327153564675236e-26
"Jesuraj, P. Justin",0.000507013689369613,0.0,5.327153564675236e-26
"Vinothbabu, P.",0.000507013689369613,0.0,5.327153564675236e-26
"Sivakumar, Periyasamy",0.000507013689369613,0.0,5.327153564675236e-26
"James, Jilly",0.000507013689369613,0.0,5.327153564675236e-26
"Jung, Hyun",0.000507013689369613,0.0,5.327153564675236e-26
"Wang, Xiaoyang",0.0005915159709312151,1.2961524303622145e-05,0.00010275443601742445
"Li, Hongxia",0.0005915159709312151,1.2961524303622145e-05,0.00010275443601742445
"Liu, Xianguo",0.0005915159709312151,1.2961524303622145e-05,0.00010275443601742445
"Jana, Arijit",0.0003380091262464086,0.0,1.1196188155350768e-27
"Karsthof, Robert",0.0003380091262464086,0.0,3.683167485230363e-33
"von Wenckstern, Holger",0.0003380091262464086,0.0,3.683167485230363e-33
"Zuniga-Perez, Jesus",0.0003380091262464086,0.0,3.683167485230363e-33
"Deparis, Christiane",0.0003380091262464086,0.0,3.683167485230363e-33
"Grundmann, Marius",0.0003380091262464086,0.0,3.683167485230363e-33
"Elmaci, Gokhan",0.0002535068446848065,0.0,8.82897213838813e-35
"Erturk, Ali Serol",0.0002535068446848065,0.0,8.82897213838813e-35
"Sevim, Melike",0.0002535068446848065,0.0,8.82897213838813e-35
"Ni, Qian",0.000507013689369613,0.0,3.033905762191831e-06
"Zeng, Dawen",0.000507013689369613,0.0,3.033905762191831e-06
"Liao, Guanglan",0.0010985296603008281,0.00048170370996366093,4.7958887052799294e-05
"Wen, Yanwei",0.000507013689369613,0.0,3.033905762191831e-06
"Shan, Bin",0.000507013689369613,0.0,3.033905762191831e-06
"Xie, Changsheng",0.000507013689369613,0.0,3.033905762191831e-06
"Herber, Marcel",8.450228156160216e-05,0.0,1.1672423683483423e-52
"Hill, Eric H.",8.450228156160216e-05,0.0,1.1672423683483423e-52
"Phung, Nga",0.0009295250971776238,0.0,1.5724335876659903e-14
"Zhang, Dong",0.0009295250971776238,0.0,1.5724335876659903e-14
"van Helvoirt, Cristian",0.0009295250971776238,0.0,1.5724335876659903e-14
"Verhage, Michael",0.0009295250971776238,0.0,1.5724335876659903e-14
"Verheijen, Marcel",0.0009295250971776238,0.0,1.5724335876659903e-14
"Zardetto, Valerio",0.0009295250971776238,0.0,1.5724335876659903e-14
"Bens, Frennie",0.0009295250971776238,0.0,1.5724335876659903e-14
"Weijtens, Christ H. L.",0.0009295250971776238,0.0,1.5724335876659903e-14
"Geerligs, L. J. (Bart)",0.0009295250971776238,0.0,1.5724335876659903e-14
"Kessels, W. M. M.",0.0009295250971776238,0.0,1.5724335876659903e-14
"Macco, Bart",0.0009295250971776238,0.0,1.5724335876659903e-14
"Creatore, Mariadriana",0.0009295250971776238,0.0,1.5724335876659903e-14
"Sun, Changchun",0.00042251140780801076,0.0,9.35978527825684e-06
"Han, Guangting",0.00042251140780801076,0.0,9.35978527825684e-06
"Zhang, Yuanming",0.00042251140780801076,0.0,9.35978527825684e-06
"Zhao, Haiguang",0.00042251140780801076,0.0,9.35978527825684e-06
"Jing, Qihua",0.0006760182524928173,0.0,0.00015693092251883606
"Fan, Xingce",0.0006760182524928173,0.0,0.00015693092251883606
"Hou, Xiangyu",0.0006760182524928173,0.0,0.00015693092251883606
"Xu, Qingyu",0.0006760182524928173,0.0,0.00015693092251883606
"Ni, Zhenhua",0.0006760182524928173,0.0,0.00015693092251883606
"Qiu, Teng",0.0006760182524928173,0.0,0.00015693092251883606
"Zhang, Xiaoying",8.450228156160216e-05,0.0,1.171294617203132e-06
"Yang, Mingyue",0.00042251140780801076,0.0,6.71781929103095e-05
"Tashkandi, Nada Y.",0.0001690045631232043,0.0,2.237953972131439e-25
"Albukhari, Soha M.",0.0001690045631232043,0.0,2.237953972131439e-25
"Wang, Ziyu",0.0014365387865472366,0.0,0.0007104806491854
"Zhu, Xuejie",0.0014365387865472366,0.0,0.0007104806491854
"Zuo, Shengnan",0.0014365387865472366,0.0,0.0007104806491854
"Zhang, Cong",0.0014365387865472366,0.0,0.0007104806491854
"Wang, Chenyu",0.0014365387865472366,0.0,0.0007104806491854
"Ren, Xiaodong",0.0014365387865472366,0.0,0.0007104806491854
"Yang, Zhou",0.0014365387865472366,0.0,0.0007104806491854
"Liu, Zhike",0.002112557039040054,0.0008429814924364067,0.000752483072797841
"Xu, Xixiang",0.0014365387865472366,0.0,0.0007104806491854
"Chang, Qing",0.0014365387865472366,0.0,0.0007104806491854
"Yang, Shaofei",0.0014365387865472366,0.0,0.0007104806491854
"Liu, Zhengxin",0.0014365387865472366,0.0,0.0007104806491854
"Yuan, Ningyi",0.002112557039040054,0.0007835954358843769,0.0007524822810000157
"Ding, Jianning",0.002112557039040054,0.0007835954358843769,0.0007524822810000157
"Liu, Shengzhong (Frank)",0.002112557039040054,0.0008429814924364067,0.000752483072797841
"Seo, Hyun Young",0.00042251140780801076,0.0,5.938679649541549e-13
"Kwon, Ojun",0.00042251140780801076,0.0,5.938679649541549e-13
"Kim, Minhee",0.00042251140780801076,0.0,5.938679649541549e-13
"Oh, Seyoung",0.00042251140780801076,0.0,5.938679649541549e-13
"Park, Woojin",0.00042251140780801076,0.0,5.938679649541549e-13
"Zhang, Lushuai",0.00042251140780801076,0.0,2.793203157953156e-29
"Roy, Susmit Singha",0.00042251140780801076,0.0,2.793203157953156e-29
"English, Caroline R.",0.00042251140780801076,0.0,2.793203157953156e-29
"Hamers, Robert J.",0.00042251140780801076,0.0,2.793203157953156e-29
"Arnold, Michael S.",0.00042251140780801076,0.0,2.793203157953156e-29
"Andrew, Trisha L.",0.00042251140780801076,0.0,2.793203157953156e-29
"Lyu, Lian-Ming",0.00042251140780801076,0.0,2.793203157953156e-29
"Hsiao, Kai-Yuan",0.00042251140780801076,0.0,2.793203157953156e-29
"Lin, Cheng -Yi",0.00042251140780801076,0.0,2.793203157953156e-29
"Tseng, Yu-Han",0.00042251140780801076,0.0,2.793203157953156e-29
"Chang, Yu-Cheng",0.00042251140780801076,0.0,2.793203157953156e-29
"Lu, Ming-Yen",0.00042251140780801076,0.0,2.793203157953156e-29
"Wu, Hongtao",0.0001690045631232043,0.0,0.0007305688269711572
"Jiao, Fei-peng",0.0001690045631232043,0.0,0.0007305688269711572
"Cai, Guoneng",0.0003380091262464086,0.0,3.9261566141182344e-05
"Li, Meijin",0.0003380091262464086,0.0,3.9261566141182344e-05
"Tang, Dianping",0.0003380091262464086,0.0,3.9261566141182344e-05
"Jiang, Xuhong",0.00042251140780801076,0.0,1.9650145863657178e-05
"Wu, Hanshuo",0.0005915159709312151,0.0,1.820325875101037e-05
"Wu, Yuxin",0.0005915159709312151,0.0,1.820325875101037e-05
"Xu, Mingquan",0.0005915159709312151,0.0,1.820325875101037e-05
"Xu, Xuanpan",0.0009295250971776238,4.248087986950052e-05,0.0006058170373939676
"Dou, Haoyun",0.0009295250971776238,4.248087986950052e-05,0.0006058170373939676
"Ali, Rawaid",0.0006760182524928173,0.0,0.0002689339203674832
"Zhe, Rongjie",0.0009295250971776238,4.248087986950052e-05,0.0006058170373939676
"Zheng, Lingxia",0.001014027378739226,0.00042005490189582403,0.0003026344691149289
"Bao, Xinjun",0.0009295250971776238,4.248087986950052e-05,0.0006058170373939676
"Fan, Baoyan",0.0006760182524928173,0.0,0.0002689339203674832
"Wang, Kailin",0.0003380091262464086,0.0,0.0006958157679499059
"Lin, Wen-Feng",0.0003380091262464086,0.0,0.0006958157679499059
"Donoso, J. Pedro",0.0006760182524928173,0.0,4.482857125088789e-16
"Magon, Claudio J.",0.0006760182524928173,0.0,4.482857125088789e-16
"Silva, Igor D. A.",0.0006760182524928173,0.0,4.482857125088789e-16
"Molins, Elies",0.0006760182524928173,0.0,4.482857125088789e-16
"Xue, Leilei",0.0006760182524928173,0.0,7.388841421196672e-05
"Zhang, Jie",0.0006760182524928173,0.0,7.388841421196672e-05
"Zhang, Ruiyong",0.0006760182524928173,0.0,7.388841421196672e-05
"Duan, Jizhou",0.0006760182524928173,0.0,7.388841421196672e-05
"Sand, Wolfgang",0.0006760182524928173,0.0,7.388841421196672e-05
"Hou, Baorong",0.0011830319418624302,0.00028902222597819655,7.520833622727546e-05
"Li, Yanqiang",0.00042251140780801076,0.0,1.5632918682998607e-06
"Cui, Ming",0.00042251140780801076,0.0,1.5632918682998607e-06
"Xiong, Jiabin",0.00042251140780801076,0.0,1.5632918682998607e-06
"Mi, Liwei",0.00042251140780801076,0.0,1.5632918682998607e-06
"Chen, Siru",0.00042251140780801076,0.0,1.5632918682998607e-06
"Mei, Feifei",0.0003380091262464086,0.0,0.00018024598682962246
"Li, Wanyue",0.0003380091262464086,0.0,0.00018024598682962246
"Chang, Guoqing",0.00042251140780801076,0.0,1.615623796290851e-09
"Ullah, Wajid",0.00042251140780801076,0.0,1.615623796290851e-09
"Li, Aike",0.00042251140780801076,0.0,1.615623796290851e-09
"Das, Sandeep K.",0.00042251140780801076,0.0,1.615623796290851e-09
"Wang, Xu",0.00042251140780801076,0.0,1.615623796290851e-09
"Maity, Sukhendu",0.0001690045631232043,0.0,4.961725533464465e-44
"Sarkar, Krishnendu",0.0001690045631232043,0.0,4.961725533464465e-44
"Kumar, Praveen",0.0001690045631232043,0.0,4.961725533464465e-44
"Ye, Yingzhi",0.00042251140780801076,0.0,2.0283594776809203e-05
"Sharshir, Swellam",0.00042251140780801076,0.0,2.0283594776809203e-05
"Zhang, Bingwen",0.00042251140780801076,0.0,2.0283594776809203e-05
"Wang, Chong",0.00042251140780801076,0.0,2.0283594776809203e-05
"Yuan, Zhanhui",0.00042251140780801076,0.0,2.0283594776809203e-05
"Ni, Zitao",0.0008450228156160215,0.0,0.0001742728346628805
"Ding, Siyu",0.0008450228156160215,0.0,0.0001742728346628805
"Dai, Ruijie",0.0008450228156160215,0.0,0.0001742728346628805
"Wang, Rongfei",0.0008450228156160215,0.0,0.0001742728346628805
"Zhou, Yao",0.0027885752915328714,0.0035231079456322064,0.00041458466731294683
"Yang, Jinpeng",0.0008450228156160215,0.0,0.0001742728346628805
"Hu, Guangzhi",0.0008450228156160215,0.0,0.0001742728346628805
"Xu, Yingde",0.0007605205340544194,0.0,1.4365396499054364e-17
"Liu, Xiangmei",0.0007605205340544194,0.0,1.4365396499054364e-17
"Zheng, Yufeng",0.0007605205340544194,0.0,1.4365396499054364e-17
"Li, Changyi",0.0007605205340544194,0.0,1.4365396499054364e-17
"Yeung, Kelvin Wai Kwok",0.0007605205340544194,0.0,1.4365396499054364e-17
"Cui, Zhenduo",0.0007605205340544194,0.0,1.4365396499054364e-17
"Wu, Shuilin",0.0007605205340544194,0.0,1.4365396499054364e-17
"Wang, Yangyang",0.0005915159709312151,0.0,0.0012613861908850313
"Wang, Xiaoshu",0.0005915159709312151,0.0,0.0012613861908850313
"Liu, Jin",0.0005915159709312151,0.0,0.0012613861908850313
"Wang, Jinsheng",0.0005915159709312151,0.0,0.0012613861908850313
"Xi, Beidou",0.0005915159709312151,0.0,0.0012613861908850313
"Luo, Linhui",0.0007605205340544194,0.0,0.00011004970014651663
"Lei, Yun",0.0007605205340544194,0.0,0.00011004970014651663
"Wang, Yongqin",0.0007605205340544194,0.0,0.00011004970014651663
"Du, Beibei",0.0007605205340544194,0.0,0.00011004970014651663
"Wu, Yuncui",0.0007605205340544194,0.0,0.00011004970014651663
"Bao, Shenxu",0.0007605205340544194,0.0,0.00011004970014651663
"Tu, Wenmao",0.0007605205340544194,0.0,0.00011004970014651663
"Fernandez-Catala, J.",0.0002535068446848065,0.0,6.570990368930812e-38
"Navlani-Garcia, M.",0.0002535068446848065,0.0,6.570990368930812e-38
"Berenguer-Murcia, A.",0.0002535068446848065,0.0,6.570990368930812e-38
"Cazorla-Amoros, D.",0.0002535068446848065,0.0,6.570990368930812e-38
"Jayachitra, S.",0.0002535068446848065,0.0,2.1714209968295316e-13
"Murugan, P.",0.0002535068446848065,0.0,2.1714209968295316e-13
"Jin, Zhao",0.0002535068446848065,0.0,8.01835469432923e-15
"Wang, Qiyu",0.0002535068446848065,0.0,8.01835469432923e-15
"Cui, Xiaoqiang",0.0002535068446848065,0.0,8.01835469432923e-15
"Singh, Yashaswini",0.000507013689369613,0.0,1.9459167075628893e-23
"Dwivedi, D. K.",0.000507013689369613,0.0,1.9459167075628893e-23
"Lohia, Pooja",0.0007605205340544194,0.0,2.5337892210720962e-23
"Mishra, Adarsh Chandra",0.0007605205340544194,0.0,2.5337892210720962e-23
"Yadav, Sapana",0.0007605205340544194,0.0,2.5337892210720962e-23
"Eldesoky, Gaber E.",0.000507013689369613,0.0,1.9459167075628887e-23
"Hossain, M. Khalid",0.000507013689369613,0.0,1.9459167075628887e-23
"Ohsawa, Takeo",0.00042251140780801076,0.0,2.793203157953156e-29
"Shimizu, Ryota",0.00042251140780801076,0.0,2.793203157953156e-29
"Iwaya, Katsuya",0.00042251140780801076,0.0,2.793203157953156e-29
"Shiraki, Susumu",0.00042251140780801076,0.0,2.793203157953156e-29
"Nojima, Tsutomu",0.00042251140780801076,0.0,2.793203157953156e-29
"Hitosugi, Taro",0.00042251140780801076,0.0,2.793203157953156e-29
"Yu, Sujing",0.0005915159709312151,0.0,6.4536180296996225e-06
"Wang, Xingwei",0.0005915159709312151,0.0,6.4536180296996225e-06
"Huang, Jiankun",0.0005915159709312151,0.0,6.4536180296996225e-06
"Pan, Wenjing",0.0005915159709312151,0.0,6.4536180296996225e-06
"Zhang, Jianhua",0.0005915159709312151,0.0,6.4536180296996225e-06
"Meteku, Benjamin Edem",0.0005915159709312151,0.0,6.4536180296996225e-06
"Zeng, Jingbin",0.0005915159709312151,0.0,6.4536180296996225e-06
"Xu, Hua",0.00042251140780801076,0.0,1.1078422330635444e-05
"Ouyang, Shuxin",0.00042251140780801076,0.0,1.1078422330635444e-05
"Liu, Lequan",0.00042251140780801076,0.0,1.1078422330635444e-05
"Wang, Defa",0.00042251140780801076,0.0,1.1078422330635444e-05
"Kako, Tetsuya",0.00042251140780801076,0.0,1.1078422330635444e-05
"Ma, Enhui",0.0003380091262464086,0.0,2.1892218138928578e-05
"Gou, Yineng",0.0003380091262464086,0.0,2.1892218138928578e-05
"Luo, Wenqing",0.0003380091262464086,0.0,2.1892218138928578e-05
"Li, Haozhi",0.000507013689369613,0.0,0.00034181953510806565
"Ren, Guangmin",0.000507013689369613,0.0,0.00034181953510806565
"Su, Wei",0.0005915159709312151,0.0,4.125786383834363e-05
"Mao, Huican",0.0005915159709312151,0.0,4.125786383834363e-05
"Liu, Yinuo",0.0005915159709312151,0.0,4.125786383834363e-05
"Lyu, Yingchun",0.0005915159709312151,0.0,4.125786383834363e-05
"Guo, Bingkun",0.0005915159709312151,0.0,4.125786383834363e-05
"Singh, Ajeet",0.0005915159709312151,0.0,4.9500144221133796e-23
"Rohilla, Jyoti",0.0005915159709312151,0.0,4.9500144221133796e-23
"Hassan, Md Samim",0.0005915159709312151,0.0,4.9500144221133796e-23
"Devaiah, Trupthi C.",0.0005915159709312151,0.0,4.9500144221133796e-23
"Santra, Pralay K.",0.0005915159709312151,0.0,4.9500144221133796e-23
"Ghosh, Dibyajyoti",0.0005915159709312151,0.0,4.9500144221133796e-23
"Sapra, Sameer",0.0005915159709312151,0.0,4.9500144221133796e-23
"An, Guangyu",0.00042251140780801076,0.0,0.0001063111089625054
"Wu, Chuang",0.00042251140780801076,0.0,0.0001063111089625054
"Pieta, Izabela S.",0.0006760182524928173,0.0,1.3182710646406744e-19
"Rathi, Anuj",0.0006760182524928173,0.0,1.3182710646406744e-19
"Pieta, Piotr",0.0006760182524928173,0.0,1.3182710646406744e-19
"Nowakowski, Robert",0.0006760182524928173,0.0,1.3182710646406744e-19
"Holdynski, Marcin",0.0006760182524928173,0.0,1.3182710646406744e-19
"Kaminska, Agnieszka",0.0006760182524928173,0.0,1.3182710646406744e-19
"Gawande, Manoj B.",0.0006760182524928173,0.0,1.3182710646406744e-19
"Zboril, Radek",0.0006760182524928173,0.0,1.3182710646406744e-19
"Zhai, Haifa",0.0006760182524928173,0.0,2.428318234653424e-06
"Qi, Jingjing",0.0006760182524928173,0.0,2.428318234653424e-06
"Tan, You",0.0006760182524928173,0.0,2.428318234653424e-06
"Li, Hongjing",0.0006760182524928173,0.0,2.428318234653424e-06
"Kang, Yingbo",0.0006760182524928173,0.0,2.428318234653424e-06
"Liu, Hairui",0.0006760182524928173,0.0,2.428318234653424e-06
"Shang, Jun",0.0006760182524928173,0.0,2.428318234653424e-06
"Park, Ho Seok",0.0006760182524928173,0.0,2.428318234653424e-06
"Zhou, Quanmei",0.0005915159709312151,0.0,0.0002254441990884145
"Wei, Yuchen",0.0005915159709312151,0.0,0.0002254441990884145
"Zhang, Congmin",0.000507013689369613,0.0,0.0001842609858724924
"Sun, Jingxue",0.000507013689369613,0.0,0.0001842609858724924
"Lv, Chade",0.000507013689369613,0.0,0.0001842609858724924
"Fan, Shuo",0.000507013689369613,0.0,0.0001842609858724924
"Xing, Weinan",0.000507013689369613,0.0,0.0001842609858724924
"Karmakar, Arun",0.0003380091262464086,0.0,3.683167485230363e-33
"Mahendiran, Durairaj",0.0003380091262464086,0.0,3.683167485230363e-33
"Madhu, Ragunath",0.0003380091262464086,0.0,3.683167485230363e-33
"Murugan, Palanichamy",0.0003380091262464086,0.0,3.683167485230363e-33
"Kundu, Subrata",0.0003380091262464086,0.0,3.683167485230363e-33
"Abrusci, Agnese",0.00042251140780801076,0.0,1.8805590945536132e-16
"Stranks, Samuel D.",0.0011830319418624302,0.0,6.788063571550791e-16
"Docampo, Pablo",0.00042251140780801076,0.0,1.8805590945536132e-16
"Yip, Hin-Lap",0.00042251140780801076,0.0,1.8805590945536132e-16
"Jen, Alex K-Y.",0.00042251140780801076,0.0,1.8805590945536132e-16
"Snaith, Henry J.",0.0011830319418624302,0.0,6.788063571550791e-16
"Amin, Nor Aishah Saidina",0.0001690045631232043,0.0,1.9294380047084506e-06
"Hao, Baofei",0.00042251140780801076,0.0,2.793203157953156e-29
"Ahmadi, Younes",0.00042251140780801076,0.0,2.793203157953156e-29
"Szulejko, Jan",0.00042251140780801076,0.0,2.793203157953156e-29
"Zhang, Tianhao",0.00042251140780801076,0.0,2.793203157953156e-29
"Lu, Zhansheng",0.00042251140780801076,0.0,2.793203157953156e-29
"Kim, Ki-Hyun",0.00042251140780801076,0.0,2.793203157953156e-29
"Park, Jeongwoo",0.000507013689369613,0.0,2.035197402307438e-12
"Eom, Hyobin",0.000507013689369613,0.0,2.035197402307438e-12
"Shong, Bonggeun",0.000507013689369613,0.0,2.035197402307438e-12
"Liu, Zhiyuan",0.0009295250971776238,0.0,0.00016348416217096617
"Qin, Weiwei",0.0009295250971776238,0.0,0.00016348416217096617
"Tan, Liping",0.0009295250971776238,0.0,0.00016348416217096617
"Yang, Jilei",0.0009295250971776238,0.0,0.00016348416217096617
"Yu, Debao",0.0009295250971776238,0.0,0.00016348416217096617
"Mu, Qingqing",0.0009295250971776238,0.0,0.00016348416217096617
"Bao, Anquan",0.0009295250971776238,0.0,0.00016348416217096617
"Bi, Yali",0.0009295250971776238,0.0,0.00016348416217096617
"Yu, Wenjuan",0.0009295250971776238,0.0,0.00016348416217096617
"Yi, Jiayu",0.0006760182524928173,0.0,3.6127664269332284e-07
"Ke, Sunzai",0.0006760182524928173,0.0,3.6127664269332284e-07
"Yang, Xuhui",0.0006760182524928173,0.0,3.6127664269332284e-07
"Xue, Hun",0.0006760182524928173,0.0,3.6127664269332284e-07
"Qian, Qingrong",0.0006760182524928173,0.0,3.6127664269332284e-07
"Lee, Sangheon",0.0005915159709312151,0.0,3.699138722121488e-23
"Flanagan, Joseph C.",0.0005915159709312151,0.0,3.699138722121488e-23
"Lee, Byungho",0.0005915159709312151,0.0,3.699138722121488e-23
"Hwang, Taehyun",0.0005915159709312151,0.0,3.699138722121488e-23
"Kim, Jaewook",0.0005915159709312151,0.0,3.699138722121488e-23
"Gil, Bumjin",0.0005915159709312151,0.0,3.699138722121488e-23
"Shim, Moonsub",0.0005915159709312151,0.0,3.699138722121488e-23
"Park, Byungwoo",0.0005915159709312151,0.0,3.699138722121488e-23
"Lin, Yimin",0.0002535068446848065,0.0,6.570990368930812e-38
"Fang, Wanqing",0.0002535068446848065,0.0,6.570990368930812e-38
"Xv, Rongzi",0.0002535068446848065,0.0,6.570990368930812e-38
"Fu, Li",0.0002535068446848065,0.0,6.570990368930812e-38
"Jiang, Xishun",0.00042251140780801076,0.0,2.793203157953156e-29
"Fang, Tao",0.00042251140780801076,0.0,2.793203157953156e-29
"Tao, Jia-Jia",0.00042251140780801076,0.0,2.793203157953156e-29
"Zhang, Yongchun",0.00042251140780801076,0.0,2.793203157953156e-29
"Zhang, Yangyi",0.00042251140780801076,0.0,2.793203157953156e-29
"Shi, Yonghua",0.00042251140780801076,0.0,2.793203157953156e-29
"Zeng, Yizhi",8.450228156160216e-05,0.0,1.1672423683483423e-52
"Ren, Xianghong",8.450228156160216e-05,0.0,1.1672423683483423e-52
"Feng, Yuan Ping",8.450228156160216e-05,0.0,6.654624954168915e-06
"Guan, Guijian",0.0002535068446848065,0.0,6.570990368930812e-38
"Ye, Enyi",0.0002535068446848065,0.0,6.570990368930812e-38
"You, Mingliang",0.0002535068446848065,0.0,6.570990368930812e-38
"Li, Zibiao",0.0002535068446848065,0.0,6.570990368930812e-38
"Zhang, Yihong",0.00042251140780801076,0.0,6.851988383673217e-06
"Zhang, Can",0.00042251140780801076,0.0,6.851988383673217e-06
"Li, Yuanli",0.00042251140780801076,0.0,6.851988383673217e-06
"Zhuang, Chunqiang",0.00042251140780801076,0.0,6.851988383673217e-06
"Liang, Zhiping",0.0007605205340544194,0.0,6.5434991408669835e-15
"Lei, Shuangying",0.0007605205340544194,0.0,6.5434991408669835e-15
"Wang, Mingsong",0.0007605205340544194,0.0,6.5434991408669835e-15
"Liu, Junlin",0.0007605205340544194,0.0,6.5434991408669835e-15
"Tan, Guoqiang",0.0005915159709312151,0.0,1.083390678144856e-14
"Feng, Shuaijun",0.0005915159709312151,0.0,1.083390678144856e-14
"Liu, Yun",0.0005915159709312151,0.0,1.083390678144856e-14
"Liu, Wenlong",0.0005915159709312151,0.0,1.083390678144856e-14
"Xia, Ao",0.0005915159709312151,0.0,1.083390678144856e-14
"Ren, Huijun",0.0005915159709312151,0.0,1.083390678144856e-14
"Lv, Long",0.0005915159709312151,0.0,1.083390678144856e-14
"Li, Xiaoguang",0.0002535068446848065,0.0,6.570990368930812e-38
"Li, Yinle",0.0002535068446848065,0.0,6.570990368930812e-38
"Shen, Jianfeng",0.0002535068446848065,0.0,6.570990368930812e-38
"Ye, Mingxin",0.0002535068446848065,0.0,6.570990368930812e-38
"Kiran, Gundegowda Kalligowdanadoddi",0.000507013689369613,0.0,1.2506617665491427e-25
"Singh, Saurabh",0.000507013689369613,0.0,1.2506617665491427e-25
"Mahato, Neelima",0.000507013689369613,0.0,1.2506617665491427e-25
"Sreekanth, Thupakula Venkata Madhukar",0.000507013689369613,0.0,1.2506617665491427e-25
"Dillip, Gowra Raghupathy",0.000507013689369613,0.0,1.2506617665491427e-25
"Yoo, Kisoo",0.0007605205340544194,0.0,1.3934897282022666e-25
"Kim, Jonghoon",0.000507013689369613,0.0,1.2506617665491427e-25
"Qin, Tianwei",0.0002535068446848065,0.0,2.317979956423638e-05
"Ma, Weiliang",0.0002535068446848065,0.0,2.317979956423638e-05
"Li, Peining",0.001690045631232043,0.005342670784317616,7.779923822412596e-05
"Yu, Hailing",0.0011830319418624302,0.0,0.00016394688780498796
"Huang, Yongquan",0.0011830319418624302,0.0,0.00016394688780498796
"Nong, Zhisheng",0.0011830319418624302,0.0,0.00016394688780498796
"Tang, Kexin",0.0011830319418624302,0.0,0.00016394688780498796
"Cai, Zeyu",0.0011830319418624302,0.0,0.00016394688780498796
"Huang, Kaichen",0.0011830319418624302,0.0,0.00016394688780498796
"Lan, Huimin",0.0011830319418624302,0.0,0.00016394688780498796
"Zhang, Qianqian",0.0011830319418624302,0.0,0.00016394688780498796
"Zhu, Jingchuan",0.0011830319418624302,0.0,0.00016394688780498796
"Wu, Lili",0.0011830319418624302,0.0,0.00016394688780498796
"Luo, Hui",0.0011830319418624302,0.0,0.00016394688780498796
"Veerasubramani, Ganesh Kumar",0.0002535068446848065,0.0,6.570990368930812e-38
"Park, Myung-Soo",0.0002535068446848065,0.0,6.570990368930812e-38
"Nagaraju, Goli",0.0002535068446848065,0.0,6.570990368930812e-38
"Kim, Dong-Won",0.0002535068446848065,0.0,6.570990368930812e-38
"Sarkar, Ayan",0.00042251140780801076,0.0,1.5662045501646885e-22
"De, Debasis",0.0006760182524928173,4.2254711400321136e-07,2.2408860603087014e-22
"Raj, Aditya",0.00042251140780801076,0.0,1.5662045501646885e-22
"Zhong, Zhicheng",0.00042251140780801076,0.0,8.745753414220816e-06
"Si, Liang",0.00042251140780801076,0.0,8.745753414220816e-06
"Yin, Wei-Guo",0.00042251140780801076,0.0,8.745753414220816e-06
"Yunoki, Seiji",0.00042251140780801076,0.0,8.745753414220816e-06
"Held, Karsten",0.00042251140780801076,0.0,8.745753414220816e-06
"Zhu, Zhengru",0.0002535068446848065,0.0,6.570990368930812e-38
"Tang, Longjun",0.0002535068446848065,0.0,6.570990368930812e-38
"Jiang, Junchao",0.0002535068446848065,0.0,6.570990368930812e-38
"Li, Hong",0.0002535068446848065,0.0,6.570990368930812e-38
"Xu, Xunqiang",0.0006760182524928173,0.0,0.00017961935425510865
"Xu, Yuan",0.0006760182524928173,0.0,0.00017961935425510865
"Zhang, Liqiu",0.0006760182524928173,0.0,0.00017961935425510865
"Shen, Hongxia",0.0006760182524928173,0.0,0.00017961935425510865
"Cheng, Qiong",0.0006760182524928173,0.0,0.00017961935425510865
"Liu, Lichun",0.0006760182524928173,0.0,0.00017961935425510865
"Hong, Soon Hyung",0.0006760182524928173,0.0,0.00017961935425510865
"Gu, Hao",0.0002535068446848065,0.0,3.0508805991744656e-05
"Zhao, Chen",0.0009295250971776238,0.0004011540765880072,0.0004351051548712703
"Zhang, Yiqiang",0.0002535068446848065,0.0,3.0508805991744656e-05
"Cai, Hua",0.0005915159709312151,0.0,0.0009229633988280307
"Liang, Peipei",0.0005915159709312151,0.0,0.0009229633988280307
"Shi, Liqun",0.0005915159709312151,0.0,0.0009229633988280307
"Yang, Xu",0.0005915159709312151,0.0,0.0009229633988280307
"Wu, Jiada",0.0005915159709312151,0.0,0.0009229633988280307
"Li, Rongjie",0.0011830319418624302,0.0003528428219485913,0.0003061834928860131
"Luan, Qingjie",0.000507013689369613,0.0,0.000287280264399699
"Dong, Cheng",0.000507013689369613,0.0,0.000287280264399699
"Lu, Yunfeng",0.000507013689369613,0.0,0.000287280264399699
"Nikitenko, V. I.",0.0003380091262464086,0.0,1.9593622409963151e-31
"Shull, R. D.",0.0003380091262464086,0.0,1.9593622409963151e-31
"Yang, Yilong",0.0006760182524928173,3.0426487791483984e-06,0.0001261075499460173
"Li, Yongli",0.0006760182524928173,3.0426487791483984e-06,0.0001261075499460173
"Wang, Jinshu",0.0006760182524928173,3.0426487791483984e-06,0.0001261075499460173
"He, Di",0.0006760182524928173,3.0426487791483984e-06,0.0001261075499460173
"Wu, Junshu",0.000507013689369613,0.0,8.878836517785774e-05
"Dai, Hongxing",0.000507013689369613,0.0,8.878836517785774e-05
"Nehra, Simran",0.00042251140780801076,0.0,4.561549200162412e-19
"Shrivastava, Shikha",0.00042251140780801076,0.0,4.561549200162412e-19
"Chhillar, Sonu",0.00042251140780801076,0.0,4.561549200162412e-19
"Yadav, C. S.",0.00042251140780801076,0.0,4.561549200162412e-19
"Dogra, Anjana",0.0012675342234240324,0.0,8.208467345997107e-19
"Luo, Yijia",0.0002535068446848065,0.0,2.1344615287687683e-05
"Simbrunner, Josef",0.000507013689369613,0.0,5.327153564675236e-26
"Domke, Jari",0.000507013689369613,0.0,5.327153564675236e-26
"Sojka, Falko",0.000507013689369613,0.0,5.327153564675236e-26
"Knez, Daniel",0.000507013689369613,0.0,5.327153564675236e-26
"Resel, Roland",0.000507013689369613,0.0,5.327153564675236e-26
"Fritz, Torsten",0.000507013689369613,0.0,5.327153564675236e-26
"Forker, Roman",0.000507013689369613,0.0,5.327153564675236e-26
"Adewinbi, Saheed A.",0.00042251140780801076,0.0,2.793203157953156e-29
"Roble, Martin",0.00042251140780801076,0.0,2.793203157953156e-29
"Fernandez, Jose",0.00042251140780801076,0.0,2.793203157953156e-29
"Vega, Felipe",0.00042251140780801076,0.0,2.793203157953156e-29
"Rocco, Fabrizzio",0.00042251140780801076,0.0,2.793203157953156e-29
"Diaz-Droguett, Donovan",0.00042251140780801076,0.0,2.793203157953156e-29
"Wang, Chengjuan",0.0008450228156160215,0.0,4.019107986671132e-16
"Jiang, Haotian",0.0008450228156160215,0.0,4.019107986671132e-16
"Cui, Bowen",0.0008450228156160215,0.0,4.019107986671132e-16
"Xu, Xiaodan",0.0008450228156160215,0.0,4.019107986671132e-16
"Li, Mengfan",0.0008450228156160215,0.0,4.019107986671132e-16
"Xu, Zhenhao",0.0008450228156160215,0.0,4.019107986671132e-16
"Tan, Hongxue",0.0008450228156160215,0.0,4.019107986671132e-16
"Yang, Deli",0.0008450228156160215,0.0,4.019107986671132e-16
"Feng, Yanqiu",0.0008450228156160215,0.0,4.019107986671132e-16
"Wang, Chengguo",0.0008450228156160215,0.0,4.019107986671132e-16
"Bi, Kaixi",0.0009295250971776238,0.0,6.608230762277755e-05
"Wan, Qiang",0.0009295250971776238,0.0,6.608230762277755e-05
"Shu, Zhiwen",0.0009295250971776238,0.0,6.608230762277755e-05
"Shao, Gonglei",0.0009295250971776238,0.0,6.608230762277755e-05
"Jin, Yuanyuan",0.0009295250971776238,0.0,6.608230762277755e-05
"Zhu, Mengjian",0.0009295250971776238,0.0,6.608230762277755e-05
"Liu, Huaizhi",0.0009295250971776238,0.0,6.608230762277755e-05
"Chen, Yiqin",0.0009295250971776238,0.0,6.608230762277755e-05
"Babu, G. Anandha",0.0002535068446848065,0.0,7.160775241983476e-17
"Kayalvizhi, B.",0.0002535068446848065,0.0,7.160775241983476e-17
"Hemalatha, P.",0.0002535068446848065,0.0,7.160775241983476e-17
"Narangari, Parvathala Reddy",0.0007605205340544194,0.0,2.073438964253325e-18
"Karuturi, Siva Krishna",0.0007605205340544194,0.0,2.073438964253325e-18
"Wu, Yiliang",0.0007605205340544194,0.0,2.073438964253325e-18
"Wong-Leung, Jennifer",0.0007605205340544194,0.0,2.073438964253325e-18
"Vora, Kaushal",0.0007605205340544194,0.0,2.073438964253325e-18
"Lysevych, Mykhaylo",0.0007605205340544194,0.0,2.073438964253325e-18
"Wan, Yimao",0.0007605205340544194,0.0,2.073438964253325e-18
"Tan, Hark Hoe",0.0007605205340544194,0.0,2.073438964253325e-18
"Jagadish, Chennupati",0.0007605205340544194,0.0,2.073438964253325e-18
"Mokkapati, Sudha",0.0007605205340544194,0.0,2.073438964253325e-18
"Moerman, David",0.0003380091262464086,0.0,3.329268536639034e-15
"Kim, Hyungchul",0.0003380091262464086,0.0,3.329268536639034e-15
"Colbert, Adam E.",0.0003380091262464086,0.0,3.329268536639034e-15
"Graham, Samuel",0.0003380091262464086,0.0,3.329268536639034e-15
"Ginger, David S.",0.0012675342234240324,0.0,2.7000389484468582e-14
"Tao, Binglin",8.450228156160216e-05,0.0,1.1672423683483423e-52
"Yan, Zifeng",8.450228156160216e-05,0.0,1.1672423683483423e-52
"Qiu, Limin",0.0007605205340544194,0.0,0.0013172165660415554
"Pan, Zhiguang",0.0007605205340544194,0.0,0.0013172165660415554
"Guo, Xiaoxuan",0.0007605205340544194,0.0,0.0013172165660415554
"Wang, Tianqi",0.0007605205340544194,0.0,0.0013172165660415554
"Dong, Xiangting",0.0007605205340544194,0.0,0.0013172165660415554
"Fan, Xing",0.001014027378739226,0.0,4.789816260753804e-06
"Tao, Yi",0.001014027378739226,0.0,4.789816260753804e-06
"Zhang, Wangwei",0.001014027378739226,0.0,4.789816260753804e-06
"Li, Bingxin",0.001014027378739226,0.0,4.789816260753804e-06
"Ma, Ziyuan",0.001014027378739226,0.0,4.789816260753804e-06
"Geng, Zhiming",0.001014027378739226,0.0,4.789816260753804e-06
"Yan, Xue-Jun",0.001014027378739226,0.0,4.789816260753804e-06
"Lu, Ming-Hui",0.001014027378739226,0.0,4.789816260753804e-06
"Lu, Hong",0.001014027378739226,0.0,4.789816260753804e-06
"Chen, Yan-Feng",0.001014027378739226,0.0,4.789816260753804e-06
"Nandakumar, Velu",0.0006760182524928173,0.0,2.217322677148595e-07
"Arumugam, Chandravadhana",0.0006760182524928173,0.0,2.217322677148595e-07
"Karthikeyan, Vaithinathan",0.0006760182524928173,0.0,2.217322677148595e-07
"Roy, Vellaisamy A. L.",0.0006760182524928173,0.0,2.217322677148595e-07
"Sungoum, Chongkol",0.0006760182524928173,0.0,2.217322677148595e-07
"Mannu, Rashmi",0.0006760182524928173,0.0,2.217322677148595e-07
"Anantha-Iyengar, Gopalan",0.0006760182524928173,0.0,2.217322677148595e-07
"Kannan, Venkatramanan",0.0006760182524928173,0.0,2.217322677148595e-07
"Jiang, Ding",0.0005915159709312151,0.0,0.00012853761534003294
"Yang, Cuiqi",0.0005915159709312151,0.0,0.00012853761534003294
"Fan, Yadi",0.0005915159709312151,0.0,0.00012853761534003294
"Leung, Hang-Mei Polly",0.0005915159709312151,0.0,0.00012853761534003294
"Inthavong, Kiao",0.0005915159709312151,0.0,0.00012853761534003294
"Li, Zhiyang",0.0005915159709312151,0.0,0.00012853761534003294
"Yang, Mo",0.0005915159709312151,0.0,0.00012853761534003294
"Kim, Eunhyo",0.0005915159709312151,0.0,9.03640256309852e-07
"Do, Khai H.",0.0005915159709312151,0.0,9.03640256309852e-07
"Hong, Yul",0.0005915159709312151,0.0,9.03640256309852e-07
"Rangappa, A. Putta",0.0010985296603008281,7.225555649454914e-05,9.757728191083516e-07
"Kumar, D. Praveen",0.0010985296603008281,7.225555649454914e-05,9.757728191083516e-07
"Huang, Linsheng",0.0007605205340544194,0.0,5.3867170995871384e-05
"Zhou, Xiaowen",0.0007605205340544194,0.0,5.3867170995871384e-05
"Xue, Rui",0.0007605205340544194,0.0,5.3867170995871384e-05
"Xu, Pengfei",0.0007605205340544194,0.0,5.3867170995871384e-05
"Wang, Siliang",0.0007605205340544194,0.0,5.3867170995871384e-05
"Xu, Chao",0.0007605205340544194,0.0,5.3867170995871384e-05
"Majumdar, Ankush",0.0001690045631232043,0.0,4.961725533464465e-44
"Shi, Qiujin",0.00042251140780801076,0.0,0.00035484301452498297
"Liu, Yuanbo",0.00042251140780801076,0.0,0.00035484301452498297
"Kong, Kejian",0.00042251140780801076,0.0,0.00035484301452498297
"Li, An-Zhen",0.00042251140780801076,0.0,0.00035484301452498297
"Duan, Haohong",0.00042251140780801076,0.0,0.00035484301452498297
"Zhu, Liangliang",0.00042251140780801076,0.0,7.189878920129686e-05
"Ong, Wei Li",0.00042251140780801076,0.0,7.189878920129686e-05
"Lu, Xin",0.00042251140780801076,0.0,7.189878920129686e-05
"Zeng, Kaiyang",0.00042251140780801076,0.0,7.189878920129686e-05
"Ho, Ghim Wei",0.0005915159709312151,0.0003444037403793492,0.0007391364457334252
"Tang, Xiufeng",0.0006760182524928173,0.0,9.430325614058153e-08
"Huang, Jingcheng",0.0006760182524928173,0.0,9.430325614058153e-08
"Liao, Huizhen",0.0006760182524928173,0.0,9.430325614058153e-08
"Mo, Zhaopeng",0.0006760182524928173,0.0,9.430325614058153e-08
"Ma, Dingbang",0.0006760182524928173,0.0,9.430325614058153e-08
"Zhan, Runze",0.0006760182524928173,0.0,9.430325614058153e-08
"Li, Yudong",0.0006760182524928173,0.0,9.430325614058153e-08
"Luo, Jianyi",0.0006760182524928173,0.0,9.430325614058153e-08
"Guo, Zhongming",0.000507013689369613,0.0,1.912598843803552e-06
"Guo, Yinghao",0.000507013689369613,0.0,1.912598843803552e-06
"Li, Jingfeng",0.000507013689369613,0.0,1.912598843803552e-06
"Mu, Zhuangzhuang",0.000507013689369613,0.0,1.912598843803552e-06
"Lin, Yi",0.0001690045631232043,0.0,4.961725533464465e-44
"Ren, Pinyun",0.0001690045631232043,0.0,4.961725533464465e-44
"Wei, Chengyang",0.0001690045631232043,0.0,4.961725533464465e-44
"Dao, T. D.",0.000507013689369613,0.0,5.327153564675236e-26
"Dang, C. T. T.",0.000507013689369613,0.0,5.327153564675236e-26
"Han, G.",0.000507013689369613,0.0,5.327153564675236e-26
"Hoang, C. V.",0.000507013689369613,0.0,5.327153564675236e-26
"Yi, W.",0.000507013689369613,0.0,5.327153564675236e-26
"Narayanamurti, V.",0.000507013689369613,0.0,5.327153564675236e-26
"Nagao, T.",0.000507013689369613,0.0,5.327153564675236e-26
"Trenczek-Zajac, A.",0.0001690045631232043,0.0,4.961725533464465e-44
"Kusior, A.",0.0001690045631232043,0.0,4.961725533464465e-44
"Radecka, M.",0.0001690045631232043,0.0,4.961725533464465e-44
"Sun, Aixin",0.0009295250971776238,0.0,3.397355039621465e-05
"Chen, Xinliang",0.0009295250971776238,0.0,3.397355039621465e-05
"Yuan, Heze",0.0009295250971776238,0.0,3.397355039621465e-05
"Wang, Zheng",0.0013520365049856345,0.0004646916808302262,5.800032585817037e-05
"Hu, Liyuan",0.0009295250971776238,0.0,3.397355039621465e-05
"Zhang, Dekun",0.0009295250971776238,0.0,3.397355039621465e-05
"Ren, Huizhi",0.0009295250971776238,0.0,3.397355039621465e-05
"Yang, Pochuan",0.0009295250971776238,0.0,3.397355039621465e-05
"Zhang, Xiaodan",0.0009295250971776238,0.0,3.397355039621465e-05
"Hossain, Rayhan",0.0001690045631232043,0.0,4.961725533464465e-44
"Uddin, Md Aslam",0.0001690045631232043,0.0,4.961725533464465e-44
"Khan, M. Arif",0.0001690045631232043,0.0,4.961725533464465e-44
"Albrecht, Steve",0.0006760182524928173,0.0,1.1873375919844751e-20
"Grootoonk, Bjorn",0.0006760182524928173,0.0,1.1873375919844751e-20
"Neubert, Sebastian",0.0006760182524928173,0.0,1.1873375919844751e-20
"Roland, Steffen",0.0006760182524928173,0.0,1.1873375919844751e-20
"Wordenweber, Jan",0.0006760182524928173,0.0,1.1873375919844751e-20
"Meier, Matthias",0.0006760182524928173,0.0,1.1873375919844751e-20
"Schlatmann, Rutger",0.0006760182524928173,0.0,1.1873375919844751e-20
"Gordijn, Aad",0.0006760182524928173,0.0,1.1873375919844751e-20
"Neher, Dieter",0.0006760182524928173,0.0,1.1873375919844751e-20
"Ma, Xiumin",0.000507013689369613,0.0,4.778986650041791e-06
"Ma, Zheng",0.000507013689369613,0.0,4.778986650041791e-06
"Lu, Dongzhu",0.000507013689369613,0.0,4.778986650041791e-06
"Jiang, Quantong",0.000507013689369613,0.0,4.778986650041791e-06
"Li, Leilei",0.000507013689369613,0.0,4.778986650041791e-06
"Liao, Tong",0.000507013689369613,0.0,4.778986650041791e-06
"Hussain, Altaf",0.0006760182524928173,0.0,2.4701085597504012e-05
"Lakhan, Muhammad Nazim",0.0006760182524928173,0.0,2.4701085597504012e-05
"Soomro, Irfan Ali",0.0006760182524928173,0.0,2.4701085597504012e-05
"Ahmed, Mukhtiar",0.0006760182524928173,0.0,2.4701085597504012e-05
"Hanan, Abdul",0.0006760182524928173,0.0,2.4701085597504012e-05
"Maitlo, Asif Ali",0.0006760182524928173,0.0,2.4701085597504012e-05
"Zehra, Irum",0.0006760182524928173,0.0,2.4701085597504012e-05
"Liu, Jingyuan",0.0006760182524928173,0.0,2.4701085597504012e-05
"Bi, Zhisong",0.0007605205340544194,0.0,0.0003495122628742531
"Yao, Linwei",0.0007605205340544194,0.0,0.0003495122628742531
"Wang, Xuezhu",0.0007605205340544194,0.0,0.0003495122628742531
"Zeng, Liru",0.0007605205340544194,0.0,0.0003495122628742531
"Zhang, Siyu",0.0007605205340544194,0.0,0.0003495122628742531
"Yan, Junfeng",0.0007605205340544194,0.0,0.0003495122628742531
"Wang, Yingnan",0.0007605205340544194,0.0,0.0003495122628742531
"Yun, Jiangni",0.0007605205340544194,0.0,0.0003495122628742531
"Zhao, Qingye",0.0006760182524928173,0.0,0.0005663746253401818
"Yue, Zhen",0.0008450228156160215,0.0,1.6097486846452473e-06
"Shen, Honglie",0.0008450228156160215,0.0,1.6097486846452473e-06
"Xu, Yajun",0.0008450228156160215,0.0,1.6097486846452473e-06
"Wang, Zehui",0.0008450228156160215,0.0,1.6097486846452473e-06
"Li, Yufang",0.0008450228156160215,0.0,1.6097486846452473e-06
"Li, Hechao",0.0008450228156160215,0.0,1.6097486846452473e-06
"Zheng, Jinjie",0.0008450228156160215,0.0,1.6097486846452473e-06
"Chen, Jianian",0.0008450228156160215,0.0,1.6097486846452473e-06
"Bai, Hang",0.0008450228156160215,0.0,1.6097486846452473e-06
"Zeng, Jiuchuan",0.0008450228156160215,0.0,1.6097486846452473e-06
"Dhyani, Veerendra",8.450228156160216e-05,0.0,1.1672423683483423e-52
"Das, Samaresh",8.450228156160216e-05,0.0,1.1672423683483423e-52
"Li, Jianyu",0.0005915159709312151,0.0,8.833490874490284e-05
"Yang, Junjie",0.0005915159709312151,0.0,8.833490874490284e-05
"Peng, Xiaoqi",0.0005915159709312151,0.0,8.833490874490284e-05
"Sheng, Shuwei",0.0005915159709312151,0.0,8.833490874490284e-05
"Wang, Haolin",0.0005915159709312151,0.0,8.833490874490284e-05
"Gu, Yuehao",0.0005915159709312151,0.0,8.833490874490284e-05
"Xu, Huan",0.000507013689369613,0.0,0.00020386685285438572
"Xia, Xu",0.000507013689369613,0.0,0.00020386685285438572
"Zhu, Min",0.000507013689369613,0.0,0.00020386685285438572
"Ding, Xiu-Xiu",0.000507013689369613,0.0,0.00020386685285438572
"Jiang, Min",0.000507013689369613,0.0,0.00020386685285438572
"Li, Shan-Shan",0.000507013689369613,0.0,0.00020386685285438572
"Liang, Kaiyue",0.0003380091262464086,0.0,3.683167485230363e-33
"Yin, Mingcai",0.0003380091262464086,0.0,3.683167485230363e-33
"Ma, Dehang",0.0003380091262464086,0.0,3.683167485230363e-33
"Fan, Yaoting",0.0003380091262464086,0.0,3.683167485230363e-33
"Li, Zhongjun",0.0003380091262464086,0.0,3.683167485230363e-33
"Wang, Fakun",0.000507013689369613,0.0,2.4279935343718587e-05
"Yang, Sijie",0.000507013689369613,0.0,2.4279935343718587e-05
"Li, Huiqiao",0.000507013689369613,0.0,2.4279935343718587e-05
"Zhai, Tianyou",0.000507013689369613,0.0,2.4279935343718587e-05
"Wang, Shuhui",0.001014027378739226,0.0,8.500323015800695e-13
"Levshov, Dmitry I.",0.001014027378739226,0.0,8.500323015800695e-13
"Otsuka, Keigo",0.001014027378739226,0.0,8.500323015800695e-13
"Zhang, Bo-Wen",0.001014027378739226,0.0,8.500323015800695e-13
"Zheng, Yongjia",0.001014027378739226,0.0,8.500323015800695e-13
"Feng, Ya",0.001014027378739226,0.0,8.500323015800695e-13
"Kauppinen, Esko I.",0.001014027378739226,0.0,8.500323015800695e-13
"Xiang, Rong",0.001014027378739226,0.0,8.500323015800695e-13
"Chiashi, Shohei",0.001014027378739226,0.0,8.500323015800695e-13
"Wenseleers, Wim",0.001014027378739226,0.0,8.500323015800695e-13
"Cambre, Sofie",0.001014027378739226,0.0,8.500323015800695e-13
"Maruyama, Shigeo",0.001014027378739226,0.0,8.500323015800695e-13
"Hui, Xiangchao",0.000507013689369613,0.0,5.327153564675236e-26
"Li, Lifen",0.000507013689369613,0.0,5.327153564675236e-26
"Xia, Qineng",0.000507013689369613,0.0,5.327153564675236e-26
"Hong, Song",0.000507013689369613,0.0,5.327153564675236e-26
"Hao, Leiduan",0.000507013689369613,0.0,5.327153564675236e-26
"Robertson, Alex W.",0.000507013689369613,0.0,5.327153564675236e-26
"Sun, Zhenyu",0.000507013689369613,0.0,5.327153564675236e-26
"Wang, Yumin",0.001014027378739226,0.0,0.0002315978592541669
"Zhang, Zichu",0.001014027378739226,0.0,0.0002315978592541669
"Deng, Liting",0.001014027378739226,0.0,0.0002315978592541669
"Li, Yanlong",0.001014027378739226,0.0,0.0002315978592541669
"Hua, Liangping",0.001014027378739226,0.0,0.0002315978592541669
"Ling, Peng",0.001014027378739226,0.0,0.0002315978592541669
"Kuang, Jiaming",0.0002535068446848065,0.0,2.0467155634936917e-07
"Wang, Ziming",0.0002535068446848065,0.0,2.0467155634936917e-07
"Mameda, Naresh",0.0003380091262464086,0.0,2.612044870693045e-06
"Tayyebi, Ahmad",0.000507013689369613,0.0,4.511833119781916e-25
"Ryu, Hongsun",0.000507013689369613,0.0,4.511833119781916e-25
"Jang, Joon, I",0.000507013689369613,0.0,4.511833119781916e-25
"Chavan, Rohit D.",0.0005915159709312151,0.0,3.699138722121488e-23
"Tavakoli, Mohammad Mahdi",0.0005915159709312151,0.0,3.699138722121488e-23
"Trivedi, Suverna",0.0005915159709312151,0.0,3.699138722121488e-23
"Prochowicz, Daniel",0.0005915159709312151,0.0,3.699138722121488e-23
"Kalam, Abul",0.0005915159709312151,0.0,3.699138722121488e-23
"Yadav, Pankaj",0.0005915159709312151,0.0,3.699138722121488e-23
"Bhoite, Pravin H.",0.0005915159709312151,0.0,3.699138722121488e-23
"Hong, Chang Kook",0.0005915159709312151,0.0,3.699138722121488e-23
"Hu, Qianqian",0.0005915159709312151,0.0,3.602736143453664e-06
"Yin, Haiyan",0.0005915159709312151,0.0,3.602736143453664e-06
"Liu, Yifan",0.0011830319418624302,0.00033719259697456266,5.330492677025989e-05
"Ablez, Abdusalam",0.0005915159709312151,0.0,3.602736143453664e-06
"Wang, Zhuangzhuang",0.0005915159709312151,0.0,3.602736143453664e-06
"Zhan, Yue",0.0005915159709312151,0.0,3.602736143453664e-06
"Du, Chengfeng",0.0005915159709312151,0.0,3.602736143453664e-06
"Huang, Xiaoying",0.0005915159709312151,0.0,3.602736143453664e-06
"Long, Xuan",0.000507013689369613,0.0,0.000915103546512403
"Zhao, Guo-Qing",0.000507013689369613,0.0,0.000915103546512403
"Zuo, Yi",0.000507013689369613,0.0,0.000915103546512403
"Wang, Yin-Ke",0.000507013689369613,0.0,0.000915103546512403
"Zhang, Hang",0.000507013689369613,0.0,0.000915103546512403
"Jiao, Fei-Peng",0.000507013689369613,0.0,0.000915103546512403
"Tan, Xin-Quan",0.00042251140780801076,0.0,2.5590368659490155e-06
"Ling, Grayson Zhi Sheng",0.00042251140780801076,0.0,2.5590368659490155e-06
"Siang, Tan Ji",0.00042251140780801076,0.0,2.5590368659490155e-06
"Zeng, Xianhai",0.00042251140780801076,0.0,2.5590368659490155e-06
"Ong, Wee-Jun",0.0014365387865472366,0.0003265700040564664,1.1557180030884243e-05
"Gu, Dachong",0.0009295250971776238,0.0,3.162085545108623e-05
"Liu, Xiaoying",0.0009295250971776238,0.0,3.162085545108623e-05
"Song, Dan",0.0009295250971776238,0.0,3.162085545108623e-05
"Gao, Lihong",0.0009295250971776238,0.0,3.162085545108623e-05
"Zheng, Jishu",0.0009295250971776238,0.0,3.162085545108623e-05
"Li, Xingzhi",0.0005915159709312151,0.0,3.820509040739627e-06
"Kan, Yuxin",0.0005915159709312151,0.0,3.820509040739627e-06
"Fang, Wenjun",0.0005915159709312151,0.0,3.820509040739627e-06
"Chen, Caiyun",0.0005915159709312151,0.0,3.820509040739627e-06
"Chen, Yongyan",0.0005915159709312151,0.0,3.820509040739627e-06
"Wang, Lingling",0.0005915159709312151,0.0,3.820509040739627e-06
"Jia, Yong",0.0005915159709312151,0.0,3.820509040739627e-06
"Chen, Xuebing",0.0005915159709312151,0.0,5.5787660415004394e-05
"Luo, Shuangmei",0.0005915159709312151,0.0,5.5787660415004394e-05
"Yin, Jincheng",0.0005915159709312151,0.0,5.5787660415004394e-05
"Shi, Ming",0.0005915159709312151,0.0,5.5787660415004394e-05
"Li, Rengui",0.0005915159709312151,0.0,5.5787660415004394e-05
"Ye, Sheng",0.0005915159709312151,0.0,5.5787660415004394e-05
"Herd, Benjamin",0.0001690045631232043,0.0,4.961725533464465e-44
"Abb, Marcel",0.0001690045631232043,0.0,4.961725533464465e-44
"Over, Herbert",0.0001690045631232043,0.0,4.961725533464465e-44
"Mia, Nasim",8.450228156160216e-05,0.0,1.1672423683483423e-52
"Hu, Yulin",8.450228156160216e-05,0.0,1.1672423683483423e-52
"Yang, Zhengqu",0.00042251140780801076,0.0,1.461767507870629e-06
"Yang, Peiyu",0.00042251140780801076,0.0,1.461767507870629e-06
"Zhang, Xiaochen",0.00042251140780801076,0.0,1.461767507870629e-06
"Yin, Haoyuan",0.00042251140780801076,0.0,1.461767507870629e-06
"Li, Chu-fan",0.0002535068446848065,0.0,1.3347144816047702e-23
"Guo, Rui-tang",0.0002535068446848065,0.0,1.3347144816047702e-23
"Wu, Tong",0.0008450228156160215,0.0,6.778856821392307e-23
"Pan, Wei-guo",0.0002535068446848065,0.0,1.3347144816047705e-23
"Jiang, Minjun",0.0001690045631232043,0.0,4.839191612793477e-07
"Zhang, Wuxia",0.0001690045631232043,0.0,4.839191612793477e-07
"Yang, Bing",0.0003380091262464086,0.0,3.683167485230363e-33
"Song, Yue",0.0003380091262464086,0.0,3.683167485230363e-33
"Song, Yang",0.0003380091262464086,0.0,3.683167485230363e-33
"Ma, Ziyu",0.0003380091262464086,0.0,3.683167485230363e-33
"Sun, Jianbo",0.0003380091262464086,0.0,3.683167485230363e-33
"Kishore, Amal",0.0001690045631232043,0.0,4.961725533464465e-44
"Seksaria, Harshita",0.0001690045631232043,0.0,4.961725533464465e-44
"De Sarkar, Abir",0.0001690045631232043,0.0,4.961725533464465e-44
"Yu, Xiang",0.0001690045631232043,0.0,4.961725533464465e-44
"Ordomsky, Vitaly V.",0.0001690045631232043,0.0,4.961725533464465e-44
"Khodakov, Andrei Y.",0.0001690045631232043,0.0,4.961725533464465e-44
"Wang, Lixin",0.001014027378739226,0.0,7.94173732588696e-13
"Wang, Ran",0.001014027378739226,0.0,7.94173732588696e-13
"Ouyang, Jie",0.001014027378739226,0.0,7.94173732588696e-13
"Liu, Zhexuan",0.001014027378739226,0.0,7.94173732588696e-13
"Tian, Yi",0.001014027378739226,0.0,7.94173732588696e-13
"Cheng, Mengting",0.001014027378739226,0.0,7.94173732588696e-13
"Wang, Yuzhu",0.001014027378739226,0.0,7.94173732588696e-13
"Yin, Wei",0.001014027378739226,0.0,7.94173732588696e-13
"Geng, Yijiao",0.001014027378739226,0.0,7.94173732588696e-13
"Wu, Zhuoshi",0.001014027378739226,0.0,7.94173732588696e-13
"Luo, Jianhua",0.001014027378739226,0.0,7.94173732588696e-13
"Cai, Jinfeng",0.001014027378739226,0.0,7.94173732588696e-13
"Luo, Yongfeng",0.001014027378739226,0.0,7.94173732588696e-13
"Wen, Liaoyong",0.0005915159709312151,0.0,2.1640389670465545e-05
"Cao, Dawei",0.0005915159709312151,0.0,2.1640389670465545e-05
"Fang, Yaoguo",0.0005915159709312151,0.0,2.1640389670465545e-05
"Zhou, Yilong",0.0005915159709312151,0.0,2.1640389670465545e-05
"Cabrero-Antonino, Maria",0.0009295250971776238,0.0,5.2514556364697117e-05
"Uscategui-Linares, Andres",0.0009295250971776238,0.0,5.2514556364697117e-05
"Ramirez-Grau, Ruben",0.0009295250971776238,0.0,5.2514556364697117e-05
"Garcia-Aznar, Pablo",0.0009295250971776238,0.0,5.2514556364697117e-05
"Sastre, German",0.0009295250971776238,0.0,5.2514556364697117e-05
"Goberna-Ferron, Sara",0.0009295250971776238,0.0,5.2514556364697117e-05
"Albero, Josep",0.0009295250971776238,0.0,5.2514556364697117e-05
"Garcia, Hermenegildo",0.0009295250971776238,0.0,5.2514556364697117e-05
"Primo, Ana",0.0009295250971776238,0.0,5.2514556364697117e-05
"Wang, Kun",0.000507013689369613,0.0,1.2506617665491436e-25
"Li, Yizhao",0.000507013689369613,0.0,1.2506617665491436e-25
"Hu, Jindou",0.000507013689369613,0.0,1.2506617665491436e-25
"Lu, Zhenjiang",0.000507013689369613,0.0,1.2506617665491436e-25
"Xie, Jing",0.0007605205340544194,0.0,1.393489728202268e-25
"Hao, Aize",0.000507013689369613,0.0,1.2506617665491436e-25
"Cao, Yali",0.000507013689369613,0.0,1.2506617665491436e-25
"Shi, Jianhui",0.0005915159709312151,0.0,8.222157090681803e-05
"Yang, Tiantian",0.0005915159709312151,0.0,8.222157090681803e-05
"Nie, Jianhui",0.0005915159709312151,0.0,8.222157090681803e-05
"Ju, Chenke",0.0005915159709312151,0.0,8.222157090681803e-05
"Pu, Kaikai",0.0005915159709312151,0.0,8.222157090681803e-05
"Shi, Jiating",0.0005915159709312151,0.0,8.222157090681803e-05
"Zhao, Ting",0.0005915159709312151,0.0,8.222157090681803e-05
"Guo, Yan",0.0013520365049856345,0.00012767432564364097,7.901021423370295e-05
"Zhu, Dan",0.00042251140780801076,0.0,1.59128033308419e-05
"Ling, Min",0.00042251140780801076,0.0,1.59128033308419e-05
"Jiang, Can",0.00042251140780801076,0.0,1.59128033308419e-05
"Zhang, Shengfu",0.00042251140780801076,0.0,1.59128033308419e-05
"Zhang, Weiqing",0.0007605205340544194,0.0,3.643594507782786e-05
"Zhao, Yunfeng",0.0007605205340544194,0.0,3.643594507782786e-05
"He, Kai",0.0007605205340544194,0.0,3.643594507782786e-05
"Li, Guoliang",0.0007605205340544194,0.0,3.643594507782786e-05
"Liu, Ruirui",0.0007605205340544194,0.0,3.643594507782786e-05
"Liu, Siyu",0.0007605205340544194,0.0,3.643594507782786e-05
"Cao, Zhen",0.0007605205340544194,0.0,3.643594507782786e-05
"Jing, Pengtao",0.0007605205340544194,0.0,3.643594507782786e-05
"Li, Zengjie",0.0003380091262464086,0.0,0.0007672442296514365
"Jiang, Jiawei",0.0003380091262464086,0.0,0.0007672442296514365
"Mi, Wenbo",0.0003380091262464086,0.0,0.0007672442296514365
"Bai, Haili",0.0003380091262464086,0.0,0.0007672442296514365
"Lin, Hsiao-Chu",0.0009295250971776238,0.0,2.590071425782309e-14
"Polaske, Nathan W.",0.0009295250971776238,0.0,2.590071425782309e-14
"Oquendo, Luis E.",0.0009295250971776238,0.0,2.590071425782309e-14
"Gliboff, Matthew",0.0009295250971776238,0.0,2.590071425782309e-14
"Knesting, Kristina M.",0.0009295250971776238,0.0,2.590071425782309e-14
"Nordlund, Dennis",0.0009295250971776238,0.0,2.590071425782309e-14
"Beam, Brooke M.",0.0009295250971776238,0.0,2.590071425782309e-14
"McGrath, Dominic V.",0.0009295250971776238,0.0,2.590071425782309e-14
"Saavedra, S. Scott",0.0009295250971776238,0.0,2.590071425782309e-14
"Fu, Weiwei",0.0003380091262464086,0.0,2.1902406606167873e-06
"Zhou, Xueyan",0.0003380091262464086,0.0,2.1902406606167873e-06
"Wang, Yanwei",0.0003380091262464086,0.0,2.1902406606167873e-06
"Zhang, Huijuan",0.0003380091262464086,0.0,2.1902406606167873e-06
"Shao, Shihui",0.000507013689369613,0.0,0.00015338361210227958
"Yang, Fan",0.001605543349670441,0.0010762368423156057,0.00016809327355115898
"Luo, Lina",0.000507013689369613,0.0,0.00015338361210227958
"Bolhuis, Maarten",0.0002535068446848065,0.0,6.570990368930812e-38
"van Heijst, Sabrya E.",0.0002535068446848065,0.0,6.570990368930812e-38
"Sangers, Jeroen J. M.",0.0002535068446848065,0.0,6.570990368930812e-38
"Conesa-Boj, Sonia",0.0002535068446848065,0.0,6.570990368930812e-38
"Chihi, A.",0.0001690045631232043,0.0,4.961725533464465e-44
"Boujmil, M. F.",0.0001690045631232043,0.0,4.961725533464465e-44
"Bessais, B.",0.0001690045631232043,0.0,4.961725533464465e-44
"Xu, Shiping",0.0003380091262464086,0.0,2.056351236950064e-06
"Xu, Xing",0.0003380091262464086,0.0,2.056351236950064e-06
"Gao, Baoyu",0.0003380091262464086,0.0,2.056351236950064e-06
"Hu, Shaozheng",0.00042251140780801076,0.0,4.783202751616199e-06
"Zhang, Weidong",0.00042251140780801076,0.0,4.783202751616199e-06
"Bai, Jin",0.00042251140780801076,0.0,4.783202751616199e-06
"Lu, Guang",0.00042251140780801076,0.0,4.783202751616199e-06
"Duan, Lijie",0.000507013689369613,0.0,1.389595720477624e-06
"Zhu, Haifeng",0.000507013689369613,0.0,1.389595720477624e-06
"Zhao, Xingyu",0.000507013689369613,0.0,1.389595720477624e-06
"Wang, Yankun",0.000507013689369613,0.0,1.389595720477624e-06
"Zhang, Yaping",0.000507013689369613,0.0,1.389595720477624e-06
"Yu, Lianqing",0.000507013689369613,0.0,1.389595720477624e-06
"Sun, Shangcong",0.00042251140780801076,0.0,9.615326826179842e-07
"Shen, Guoqiang",0.00042251140780801076,0.0,9.615326826179842e-07
"Chen, Zhichao",0.00042251140780801076,0.0,9.615326826179842e-07
"Pan, Lun",0.0011830319418624302,9.634074199273219e-05,8.322878239752956e-06
"Zhang, Xiangwen",0.00042251140780801076,0.0,9.615326826179842e-07
"Zou, Ji-Jun",0.0011830319418624302,9.634074199273219e-05,8.322878239752956e-06
"Zhou, Hong-Ru",0.0002535068446848065,0.0,3.5025372185069137e-06
"Peng, Yuan-Yuan",0.0002535068446848065,0.0,3.5025372185069137e-06
"Tang, Di-Yong",0.0002535068446848065,0.0,3.5025372185069137e-06
"Li, Yingqiang",0.0005915159709312151,0.0,5.214761664401494e-05
"Sun, Jingwen",0.0005915159709312151,0.0,5.214761664401494e-05
"Che, Jianfei",0.0005915159709312151,0.0,5.214761664401494e-05
"Xiong, Pan",0.0005915159709312151,0.0,5.214761664401494e-05
"Zhu, Junwu",0.0005915159709312151,0.0,5.214761664401494e-05
"Gao, Tian",0.000507013689369613,0.0,0.0009585317481331068
"Wang, Xin-Zhe",0.000507013689369613,0.0,0.0009585317481331068
"Qin, Tao",0.000507013689369613,0.0,0.0009585317481331068
"Gao, Yu-Ping",0.000507013689369613,0.0,0.0009585317481331068
"Wang, Xing",0.000507013689369613,0.0,0.00223945591816944
"Ma, Jingjing",0.0009295250971776238,0.0015189079198466454,0.003067215933879119
"Zhang, Baixue",0.00042251140780801076,0.0,2.4892685012372575e-05
"Li, Peihua",0.00042251140780801076,0.0,2.4892685012372575e-05
"Zhang, Wanggang",0.00042251140780801076,0.0,2.4892685012372575e-05
"Liu, Yiming",0.00042251140780801076,0.0,2.4892685012372575e-05
"Zhao, Chengjiu",0.0008450228156160215,0.0,4.152190493533397e-16
"Guo, Xuezheng",0.0008450228156160215,0.0,4.152190493533397e-16
"Ding, Yanqiao",0.0008450228156160215,0.0,4.152190493533397e-16
"Liang, Chengyao",0.0008450228156160215,0.0,4.152190493533397e-16
"Du, Bingsheng",0.0008450228156160215,0.0,4.152190493533397e-16
"Qu, Weijie",0.0008450228156160215,0.0,4.152190493533397e-16
"Shi, Yijie",0.0008450228156160215,0.0,4.152190493533397e-16
"Cong, Shuren",0.0008450228156160215,0.0,4.152190493533397e-16
"Meng, Gang",0.0008450228156160215,0.0,4.152190493533397e-16
"He, Yong",0.0008450228156160215,0.0,4.152190493533397e-16
"Al Tahtamouni, T. M.",0.0001690045631232043,0.0,4.737335885807112e-20
"Hu, Runze",0.00042251140780801076,0.0,1.9399957543364615e-07
"Zhong, Caifu",0.00042251140780801076,0.0,1.9399957543364615e-07
"Wang, Xinxin",0.00042251140780801076,0.0,1.9399957543364615e-07
"Liu, Jiaming",0.00042251140780801076,0.0,1.9399957543364615e-07
"Wang, Xiaohui",0.00042251140780801076,0.0,1.9399957543364615e-07
"Su, Jingting",0.000507013689369613,0.0,5.327153564675236e-26
"Xia, Junyi",0.000507013689369613,0.0,5.327153564675236e-26
"Liang, Huijun",0.000507013689369613,0.0,5.327153564675236e-26
"Xiao, Jun",0.000507013689369613,0.0,5.327153564675236e-26
"Zhang, Ruohu",0.000507013689369613,0.0,5.327153564675236e-26
"Xu, Shuhong",0.000507013689369613,0.0,5.327153564675236e-26
"Zhu, Li",0.000507013689369613,0.0,5.327153564675236e-26
"Iyer, Ashwathi A.",8.450228156160216e-05,0.0,1.1672423683483423e-52
"Ertekin, Elif",8.450228156160216e-05,0.0,1.1672423683483423e-52
"Chen, Jinyuan",0.00042251140780801076,0.0,0.00017219337382881112
"Gong, Li",0.00042251140780801076,0.0,0.00017219337382881112
"Wei, Xiuzhen",0.00042251140780801076,0.0,0.00017219337382881112
"Dahanayake, Ama",0.0002535068446848065,0.0,6.570990368930812e-38
"Gunathilake, Chamila A.",0.0002535068446848065,0.0,6.570990368930812e-38
"Pallegedara, Achala",0.0002535068446848065,0.0,6.570990368930812e-38
"Jayasinghe, Piumal",0.0002535068446848065,0.0,6.570990368930812e-38
"Wang, Zihang",0.0003380091262464086,0.0,4.818621658492148e-05
"Li, Wenhong",0.0003380091262464086,0.0,4.818621658492148e-05
"Gayathri, Sampath",0.0002535068446848065,0.0,8.82897213838813e-35
"Arunkumar, Paulraj",0.0002535068446848065,0.0,8.82897213838813e-35
"Han, Jong Hun",0.0002535068446848065,0.0,8.82897213838813e-35
"Xiong, Jinhua",0.0005915159709312151,0.0,1.6883148978855763e-06
"Cao, Changsheng",0.0005915159709312151,0.0,1.6883148978855763e-06
"Liang, Ruowen",0.0005915159709312151,0.0,1.6883148978855763e-06
"Xiao, Huan",8.450228156160216e-05,0.0,1.8045151983364043e-05
"Liu, Nianhua",0.0003380091262464086,0.0,0.0032548570271259637
"Ji, Mengxia",0.001605543349670441,0.0029178856613238102,0.0573380662709725
"Tian, Yakun",0.0006760182524928173,0.0,1.1873375919844751e-20
"Huang, Aijian",0.0006760182524928173,0.0,1.1873375919844751e-20
"Wang, Zhiguo",0.0006760182524928173,0.0,1.1873375919844751e-20
"Wang, Mingkui",0.0006760182524928173,0.0,1.1873375919844751e-20
"Wu, Qingsheng",0.0006760182524928173,0.0,1.1873375919844751e-20
"Shen, Yan",0.0006760182524928173,0.0,1.1873375919844751e-20
"Zhu, Quanjing",0.0006760182524928173,0.0,1.1873375919844751e-20
"Fu, Yongqing",0.0006760182524928173,0.0,1.1873375919844751e-20
"Wen, Ming",0.0006760182524928173,0.0,1.1873375919844751e-20
"Huang, Meina",0.0006760182524928173,0.0,0.00018262633094196445
"Yu, Jianhua",0.0006760182524928173,0.0,0.00018262633094196445
"Deng, Changshun",0.0006760182524928173,0.0,0.00018262633094196445
"Huang, Yingheng",0.0006760182524928173,0.0,0.00018262633094196445
"Fan, Minguang",0.0006760182524928173,0.0,0.00018262633094196445
"Tong, Zhangfa",0.0006760182524928173,0.0,0.00018262633094196445
"Zhang, Feiyue",0.0006760182524928173,0.0,0.00018262633094196445
"Luo, Guoyu",0.0006760182524928173,0.0,1.1873375919844751e-20
"Lv, Xinyu",0.0006760182524928173,0.0,1.1873375919844751e-20
"Kong, Weijie",0.0006760182524928173,0.0,1.1873375919844751e-20
"Wang, Changtao",0.0006760182524928173,0.0,1.1873375919844751e-20
"Pu, Mingbo",0.0006760182524928173,0.0,1.1873375919844751e-20
"Wang, Yanqin",0.0006760182524928173,0.0,1.1873375919844751e-20
"Ma, Xiaoliang",0.0006760182524928173,0.0,1.1873375919844751e-20
"Li, Zhiqiang",0.0006760182524928173,0.0,1.1873375919844751e-20
"Luo, Xiangang",0.0006760182524928173,0.0,1.1873375919844751e-20
"Zhang, Yanlin",0.0009295250971776238,0.0006720651968856144,0.00012324286348840846
"Qu, Honglong",0.00042251140780801076,0.0,7.356211386751002e-06
"Gang, Cheng",0.00042251140780801076,0.0,7.356211386751002e-06
"Guan, Hongtao",0.00042251140780801076,0.0,7.356211386751002e-06
"Yin, Zongyou",0.00042251140780801076,0.0,7.356211386751002e-06
"Han, Fei",0.0003380091262464086,0.0,3.435962082175756e-05
"Jiang, Lisha",0.0003380091262464086,0.0,3.435962082175756e-05
"Li, Zhongyue",0.0003380091262464086,0.0,3.435962082175756e-05
"Song, Lihui",0.0007605205340544194,0.0,0.005826774640483702
"Deng, Haoyan",0.000507013689369613,0.0,2.9157185144890505e-06
"Ouyang, Yuan",0.000507013689369613,0.0,2.9157185144890505e-06
"Li, Dixiong",0.000507013689369613,0.0,2.9157185144890505e-06
"Xiao, Yingbo",0.000507013689369613,0.0,2.9157185144890505e-06
"Huang, Shaoming",0.000507013689369613,0.0,2.9157185144890505e-06
"Yu, Liyuan",0.00042251140780801076,0.0,5.5046216073106044e-05
"Guo, Zhiqiang",0.00042251140780801076,0.0,5.5046216073106044e-05
"Cheng, Yuhang",0.00042251140780801076,0.0,5.5046216073106044e-05
"Noh, Seonmyeong",0.0003380091262464086,0.0,3.683167485230363e-33
"Le, Thanh-Hai",0.0003380091262464086,0.0,3.683167485230363e-33
"Jo, Hyemi",0.0003380091262464086,0.0,3.683167485230363e-33
"Kim, Semin",0.0003380091262464086,0.0,3.683167485230363e-33
"Yoon, Hyeonseok",0.0003380091262464086,0.0,3.683167485230363e-33
"Ye, Haolin",0.0009295250971776238,0.0,0.00019877194532424432
"Li, Yuanyuan",0.0009295250971776238,0.0,0.00019877194532424432
"Zhang, Chen",0.0014365387865472366,0.00028902222597819655,0.00020246790290165002
"Ding, Shuangshuang",0.0009295250971776238,0.0,0.00019877194532424432
"Jing, Huijuan",0.0009295250971776238,0.0,0.00019877194532424432
"Liu, Yuebin",0.0009295250971776238,0.0,0.00019877194532424432
"Tian, Chaochao",0.0009295250971776238,0.0,0.00019877194532424432
"Zhou, Aiguo",0.0009295250971776238,0.0,0.00019877194532424432
"Wei, Shaojie",0.00042251140780801076,0.0,0.00041479482325749436
"Li, Xiying",0.00042251140780801076,0.0,0.00041479482325749436
"Mao, Liqun",0.0009295250971776238,1.2528521930195216e-05,0.0005469608995118929
"Shangguan, Wenfeng",0.00042251140780801076,0.0,0.00041479482325749436
"Santhosh, P. Chinnappan",0.0001690045631232043,0.0,4.961725533464465e-44
"Jayakumar, Suresh",0.0001690045631232043,0.0,4.961725533464465e-44
"Radhamani, A. V.",0.0001690045631232043,0.0,4.961725533464465e-44
"Qi, Juanjuan",0.0011830319418624302,0.0,7.174631893280177e-06
"Zhu, Xiaoguang",0.0011830319418624302,0.0,7.174631893280177e-06
"Wan, Zhiyang",0.0019435524759168496,0.0003082903743767428,8.553017137952635e-06
"Zhao, Qiuyuan",0.0011830319418624302,0.0,7.174631893280177e-06
"Tao, Shanwen",0.0011830319418624302,0.0,7.174631893280177e-06
"Ashebir, Getinet Y.",0.0011830319418624302,0.0,7.174631893280177e-06
"Chen, Wangwei",0.0011830319418624302,0.0,7.174631893280177e-06
"Peng, Ruixiang",0.0011830319418624302,0.0,7.174631893280177e-06
"Zhang, Fapei",0.0011830319418624302,0.0,7.174631893280177e-06
"Yang, Shangfeng",0.0011830319418624302,0.0,7.174631893280177e-06
"Tian, Xingyou",0.0011830319418624302,0.0,7.174631893280177e-06
"Wang, Dongmeng",0.0003380091262464086,0.0,1.3904910110791268e-06
"Nasir, Muhammad Salman",0.000507013689369613,0.0,2.1843688130797016e-06
"Yang, Guorui",0.000507013689369613,0.0,2.1843688130797016e-06
"Ayub, Iqra",0.000507013689369613,0.0,2.1843688130797016e-06
"Wang, Silan",0.000507013689369613,0.0,2.1843688130797016e-06
"Nasir, Abdul",0.000507013689369613,0.0,2.1843688130797016e-06
"Han, Jianhua",0.000507013689369613,0.0,1.7283290092088471e-06
"Zhang, Shaoce",0.0007605205340544194,0.0,1.9998349366768954e-06
"Song, Qinggong",0.000507013689369613,0.0,1.7283290092088471e-06
"Yan, Huiyu",0.000507013689369613,0.0,1.7283290092088471e-06
"Kang, Jianhai",0.000507013689369613,0.0,1.7283290092088471e-06
"Guo, Yanrui",0.000507013689369613,0.0,1.7283290092088471e-06
"Rajendran, Renji",0.0005915159709312151,0.0,3.699138722121488e-23
"Vignesh, Shanmugam",0.0005915159709312151,0.0,3.699138722121488e-23
"Sasireka, Asokan",0.0005915159709312151,0.0,3.699138722121488e-23
"Suganthi, Sanjeevamuthu",0.0005915159709312151,0.0,3.699138722121488e-23
"Raj, Vairamuthu",0.0005915159709312151,0.0,3.699138722121488e-23
"Baskaran, P.",0.0005915159709312151,0.0,3.699138722121488e-23
"Shkir, Mohd",0.0005915159709312151,0.0,3.699138722121488e-23
"AlFaify, S.",0.0005915159709312151,0.0,3.699138722121488e-23
"Tang, Liangming",0.0008450228156160215,0.0,2.645685611049582e-07
"Lin, Qia-Chun",0.0008450228156160215,0.0,2.645685611049582e-07
"Jiang, Zhixin",0.0008450228156160215,0.0,2.645685611049582e-07
"Hu, Jieying",0.0008450228156160215,0.0,2.645685611049582e-07
"Liu, Zhiqing",0.0008450228156160215,0.0,2.645685611049582e-07
"Liao, Wei-Ming",0.0008450228156160215,0.0,2.645685611049582e-07
"Zhou, Hua-Qun",0.0008450228156160215,0.0,2.645685611049582e-07
"Chung, Lai-Hon",0.0008450228156160215,0.0,2.645685611049582e-07
"Xu, Zhengtao",0.0008450228156160215,0.0,2.645685611049582e-07
"Yu, Lin",0.0008450228156160215,0.0,2.645685611049582e-07
"Subba, C. B.",0.000507013689369613,0.0,5.327153564675236e-26
"Mattipally, Prasad",0.000507013689369613,0.0,5.327153564675236e-26
"Sivakumar, J.",0.000507013689369613,0.0,5.327153564675236e-26
"Laref, A.",0.000507013689369613,0.0,5.327153564675236e-26
"Yvaz, A.",0.000507013689369613,0.0,5.327153564675236e-26
"Rai, D. P.",0.000507013689369613,0.0,5.327153564675236e-26
"Pachuau, Z.",0.000507013689369613,0.0,5.327153564675236e-26
"Cao, Yan",0.0006760182524928173,0.0,8.963093030459832e-05
"Wu, Xiaoyan",0.0006760182524928173,0.0,8.963093030459832e-05
"Hu, Mengqiao",0.0006760182524928173,0.0,8.963093030459832e-05
"Yan, Xu",0.0006760182524928173,0.0,8.963093030459832e-05
"Yang, Shilin",0.0006760182524928173,0.0,8.963093030459832e-05
"Wang, Xunchang",0.000507013689369613,0.0,3.222406342854288e-05
"Tong, Jinhui",0.000507013689369613,0.0,3.222406342854288e-05
"Guo, Pengzhi",0.000507013689369613,0.0,3.222406342854288e-05
"Li, Yuda",0.000507013689369613,0.0,3.222406342854288e-05
"Xia, Yangjun",0.000507013689369613,0.0,3.222406342854288e-05
"Wang, Feng",0.0008450228156160215,0.00019268148398546438,3.256365087568518e-05
"Zhao, Di",0.0007605205340544194,0.0,0.00011202516034198356
"Pan, Xiao",0.0007605205340544194,0.0,0.00011202516034198356
"Zhao, Jinghan",0.0007605205340544194,0.0,0.00011202516034198356
"Shen, Zhen",0.0007605205340544194,0.0,0.00011202516034198356
"Rong, Rong",0.0007605205340544194,0.0,0.00011202516034198356
"Fang, Bijun",0.0007605205340544194,0.0,0.00011202516034198356
"Guo, Huafei",0.0007605205340544194,0.0,0.00011202516034198356
"Kim, Heejin",8.450228156160216e-05,0.0,1.218717211530062e-28
"Lu, Shucao",0.000507013689369613,0.0,8.225182206680965e-07
"Wang, Chenxiang",0.0003380091262464086,0.0,0.0007830118466069782
"Yang, Zixin",0.0003380091262464086,0.0,0.0007830118466069782
"Wang, Jianli",0.0003380091262464086,0.0,0.0007830118466069782
"Wu, X. S.",0.0003380091262464086,0.0,0.0007830118466069782
"Alghamdi, Ohood A.",0.0003380091262464086,0.0,3.683167485230363e-33
"Slimani, Yassine",0.0003380091262464086,0.0,3.683167485230363e-33
"Tombuloglu, Huseyin",0.0003380091262464086,0.0,3.683167485230363e-33
"Mekki, Abdelkrim",0.0003380091262464086,0.0,3.683167485230363e-33
"Khan, Abuzar",0.0003380091262464086,0.0,3.683167485230363e-33
"Vigneshwaran, Sivakumar",0.00042251140780801076,0.0,2.793203157953156e-29
"Sirajudheen, Palliyalil",0.00042251140780801076,0.0,2.793203157953156e-29
"Karthikeyan, Perumal",0.00042251140780801076,0.0,2.793203157953156e-29
"Nikitha, Manuvelraja",0.00042251140780801076,0.0,2.793203157953156e-29
"Ramkumar, Krishnapillai",0.00042251140780801076,0.0,2.793203157953156e-29
"Meenakshi, Sankaran",0.00042251140780801076,0.0,2.793203157953156e-29
"Masood, Muhammad Talha",0.0008450228156160215,0.0,2.2127524400699098e-16
"Qudsia, Syeda",0.0008450228156160215,0.0,2.2127524400699098e-16
"Hadadian, Mahboubeh",0.0008450228156160215,0.0,2.2127524400699098e-16
"Weinberger, Christian",0.0008450228156160215,0.0,2.2127524400699098e-16
"Nyman, Mathias",0.0008450228156160215,0.0,2.2127524400699098e-16
"Ahlaeng, Christian",0.0008450228156160215,0.0,2.2127524400699098e-16
"Dahlstroem, Staffan",0.0008450228156160215,0.0,2.2127524400699098e-16
"Liu, Maning",0.0008450228156160215,0.0,2.2127524400699098e-16
"Vivo, Paola",0.0008450228156160215,0.0,2.2127524400699098e-16
"Osterbacka, Ronald",0.0008450228156160215,0.0,2.2127524400699098e-16
"Smatt, Jan-Henrik",0.0008450228156160215,0.0,2.2127524400699098e-16
"Zhang, Shuaihua",0.0011830319418624302,0.0,0.000500916387589631
"Wang, Jiayu",0.0011830319418624302,0.0,0.000500916387589631
"Torad, Nagy L.",0.0011830319418624302,0.0,0.000500916387589631
"Xia, Wei",0.0019435524759168496,0.00010422082354390306,0.0005405102205564385
"Aslam, Muhammad Aamir",0.0011830319418624302,0.0,0.000500916387589631
"Kaneti, Yusuf Valentino",0.0011830319418624302,0.0,0.000500916387589631
"Hou, Zhufeng",0.0011830319418624302,0.0,0.000500916387589631
"Ding, Zejun",0.0011830319418624302,0.0,0.000500916387589631
"Da, Bo",0.0011830319418624302,0.0,0.000500916387589631
"Aldhafiri, Abdullah M.",0.0011830319418624302,0.0,0.000500916387589631
"Farooq, Wazirzada Aslam",0.0011830319418624302,0.0,0.000500916387589631
"Bando, Yoshio",0.0011830319418624302,0.0,0.000500916387589631
"Wu, You",0.0007605205340544194,0.0,0.0009634592479830047
"Li, Xiaoming",0.0007605205340544194,0.0,0.0009634592479830047
"Yang, Qi",0.0007605205340544194,0.0,0.0009634592479830047
"Wang, Dongbo",0.0007605205340544194,0.0,0.0009634592479830047
"Yao, Fubing",0.0007605205340544194,0.0,0.0009634592479830047
"Cao, Jiao",0.0007605205340544194,0.0,0.0009634592479830047
"Chen, Zhuo",0.0010985296603008281,0.00019268148398546438,0.0009734588303899804
"Huang, Xiaoding",0.0007605205340544194,0.0,0.0009634592479830047
"Li, Xiaopei",0.0007605205340544194,0.0,0.0009634592479830047
"Webb, Thomas",0.0001690045631232043,0.0,8.893549539968784e-05
"Sweeney, Stephen J.",0.0001690045631232043,0.0,8.893549539968784e-05
"Chen, Li-Yong",0.0003380091262464086,0.0,4.937639389387709e-10
"Han, Meng-Zhen",0.0003380091262464086,0.0,4.937639389387709e-10
"Zhang, Tian-Jun",0.0003380091262464086,0.0,4.937639389387709e-10
"Xie, You",0.0003380091262464086,0.0,4.937639389387709e-10
"Jiang, Heyan",0.00042251140780801076,0.0,2.793203157953156e-29
"Hu, Zujie",0.00042251140780801076,0.0,2.793203157953156e-29
"Gan, Chuan",0.00042251140780801076,0.0,2.793203157953156e-29
"Sun, Bin",0.00042251140780801076,0.0,2.793203157953156e-29
"Kong, Shuzhen",0.00042251140780801076,0.0,2.793203157953156e-29
"Bian, Fengxia",0.00042251140780801076,0.0,2.793203157953156e-29
"Koziol-Rachwal, A.",0.0008450228156160215,0.0,2.2127524400699098e-16
"Szpytma, M.",0.0008450228156160215,0.0,2.2127524400699098e-16
"Spiridis, N.",0.0008450228156160215,0.0,2.2127524400699098e-16
"Freindl, K.",0.0008450228156160215,0.0,2.2127524400699098e-16
"Korecki, J.",0.0008450228156160215,0.0,2.2127524400699098e-16
"Janus, W.",0.0008450228156160215,0.0,2.2127524400699098e-16
"Nayyef, H.",0.0008450228156160215,0.0,2.2127524400699098e-16
"Drozdz, P.",0.0008450228156160215,0.0,2.2127524400699098e-16
"Slezak, M.",0.0008450228156160215,0.0,2.2127524400699098e-16
"Zajac, M.",0.0008450228156160215,0.0,2.2127524400699098e-16
"Slezak, T.",0.0008450228156160215,0.0,2.2127524400699098e-16
"Ye, Xiaoying",0.0003380091262464086,0.0,4.788037221405932e-05
"Fang, Xiaosheng",0.0003380091262464086,0.0,4.788037221405932e-05
"Wu, Mao",0.000507013689369613,0.0,0.00021274284083138523
"Liu, Chunxiao",0.000507013689369613,0.0,0.00021274284083138523
"Gong, Yansheng",0.000507013689369613,0.0,0.00021274284083138523
"He, Beibei",0.000507013689369613,0.0,0.00021274284083138523
"Wang, Huanwen",0.000507013689369613,0.0,0.00021274284083138523
"Liu, Huanhuan",0.00042251140780801076,0.0,2.793203157953156e-29
"Yang, Cai",0.00042251140780801076,0.0,2.793203157953156e-29
"Huang, Jiao",0.00042251140780801076,0.0,2.793203157953156e-29
"Chen, Jiufu",0.00042251140780801076,0.0,2.793203157953156e-29
"Zhong, Junbo",0.00042251140780801076,0.0,2.793203157953156e-29
"Li, Jianzhang",0.00042251140780801076,0.0,2.793203157953156e-29
"Nakajima, Tomohiko",0.0001690045631232043,0.0,4.961725533464465e-44
"Nakamura, Takako",0.0001690045631232043,0.0,4.961725533464465e-44
"Tsuchiya, Tetsuo",0.0001690045631232043,0.0,4.961725533464465e-44
"Singh, Shreya",0.0003380091262464086,0.0,3.02381719464739e-28
"Modak, Arindam",0.0003380091262464086,0.0,3.02381719464739e-28
"Pant, Kamal Kishore",0.0003380091262464086,0.0,3.02381719464739e-28
"Sinhamahapatra, Apurba",0.0003380091262464086,0.0,3.02381719464739e-28
"Biswas, Pratim",0.0007605205340544194,0.0,7.144005666286371e-28
"Li, Ting-Ting",0.00042251140780801076,0.0,2.793203157953156e-29
"Xie, Meng-Meng",0.00042251140780801076,0.0,2.793203157953156e-29
"Wang, Hong-Yang",0.00042251140780801076,0.0,2.793203157953156e-29
"Wang, Jun-Sheng",0.00042251140780801076,0.0,2.793203157953156e-29
"Lin, Jia-Horng",0.00042251140780801076,0.0,2.793203157953156e-29
"Lou, Ching-Wen",0.00042251140780801076,0.0,2.793203157953156e-29
"Soomro, Razium Ali",0.000507013689369613,0.0,5.327153564675236e-26
"Jawaid, Sana",0.000507013689369613,0.0,5.327153564675236e-26
"Kalawar, Nazar Hussain",0.000507013689369613,0.0,5.327153564675236e-26
"Tunesi, Mawada",0.000507013689369613,0.0,5.327153564675236e-26
"Karakus, Selcan",0.000507013689369613,0.0,5.327153564675236e-26
"Kilislioglu, Ayben",0.000507013689369613,0.0,5.327153564675236e-26
"Willander, Magnus",0.000507013689369613,0.0,5.327153564675236e-26
"Kim, Yujin",0.0007605205340544194,0.0,2.5649635094887473e-07
"Reddy, K. Arun Joshi",0.0007605205340544194,0.0,2.5649635094887473e-07
"Gopannagari, Madhusudana",0.0007605205340544194,0.0,2.5649635094887473e-07
"Devi, A. Aravindh Sasikala",0.0007605205340544194,0.0,2.5649635094887473e-07
"Murali, Devaraj",0.0007605205340544194,0.0,2.5649635094887473e-07
"Ahn, Hyun S.",0.0007605205340544194,0.0,2.5649635094887473e-07
"Yang, Huimin",8.450228156160216e-05,0.0,1.1672423683483423e-52
"Fei, Honghan",8.450228156160216e-05,0.0,1.1672423683483423e-52
"Georgescu, Alexandru B.",0.0003380091262464086,0.0,3.683167485230363e-33
"Peil, Oleg E.",0.0003380091262464086,0.0,3.683167485230363e-33
"Disa, Ankit S.",0.0003380091262464086,0.0,3.683167485230363e-33
"Georges, Antoine",0.0003380091262464086,0.0,3.683167485230363e-33
"Millis, Andrew J.",0.0003380091262464086,0.0,3.683167485230363e-33
"Carraro, Giorgio",0.0011830319418624302,0.0,7.928382807765897e-05
"Warwick, Michael E. A.",0.0011830319418624302,0.0,7.928382807765897e-05
"Kaunisto, Kimmo",0.0011830319418624302,0.0,7.928382807765897e-05
"Sada, Cinzia",0.0011830319418624302,0.0,7.928382807765897e-05
"Turner, Stuart",0.0011830319418624302,0.0,7.928382807765897e-05
"Goenuellue, Yakup",0.0011830319418624302,0.0,7.928382807765897e-05
"Ruoko, Tero-Petri",0.0011830319418624302,0.0,7.928382807765897e-05
"Borgese, Laura",0.0011830319418624302,0.0,7.928382807765897e-05
"Bontempi, Elza",0.0011830319418624302,0.0,7.928382807765897e-05
"Van Tendeloo, Gustaaf",0.002112557039040054,0.0008670666779345895,0.0006076319903595751
"Lemmetyinen, Helge",0.0011830319418624302,0.0,7.928382807765897e-05
"Mathur, Sanjay",0.0011830319418624302,0.0,7.928382807765897e-05
"Cao, Chunhua",0.0002535068446848065,0.0,6.570990368930812e-38
"Xiao, Ling",0.0002535068446848065,0.0,6.570990368930812e-38
"Chen, Chunhua",0.0002535068446848065,0.0,6.570990368930812e-38
"Cao, Qihua",0.0002535068446848065,0.0,6.570990368930812e-38
"Pandey, Suresh Kumar",0.00042251140780801076,0.0,2.793203157953156e-29
"Rajput, Swati",0.00042251140780801076,0.0,2.793203157953156e-29
"Kaushik, Vishal",0.00042251140780801076,0.0,2.793203157953156e-29
"Mishra, Rahul Dev",0.00042251140780801076,0.0,2.793203157953156e-29
"Babu, Prem",0.00042251140780801076,0.0,2.793203157953156e-29
"Kumar, Mukesh",0.00042251140780801076,0.0,2.793203157953156e-29
"Yang, Shu",0.0005915159709312151,0.0,3.019308765390542e-05
"Zhou, Xuejiao",0.0005915159709312151,0.0,3.019308765390542e-05
"Tao, Ran",0.0005915159709312151,0.0,3.019308765390542e-05
"Li, Xiaowei",0.0005915159709312151,0.0,3.019308765390542e-05
"Liu, Shuai",0.0005915159709312151,0.0,3.019308765390542e-05
"Chong, Ben",0.0002535068446848065,0.0,1.4964000803218365e-05
"Li, He",0.0002535068446848065,0.0,1.4964000803218365e-05
"He, Caihong",0.001014027378739226,0.0,0.0006553292388598006
"Li, Moying",0.001014027378739226,0.0,0.0006553292388598006
"Yin, Jieli",0.001014027378739226,0.0,0.0006553292388598006
"Li, Mao",0.001014027378739226,0.0,0.0006553292388598006
"Guo, Jiaqi",0.001014027378739226,0.0,0.0006553292388598006
"Gao, Feng",0.001014027378739226,0.0,0.0006553292388598006
"Lu, Qipeng",0.001014027378739226,0.0,0.0006553292388598006
"Cao, Wenbin",0.001014027378739226,0.0,0.0006553292388598006
"Chen, Dengyue",0.001014027378739226,0.0,0.0006553292388598006
"Liu, Zhenglong",0.0003380091262464086,0.0,6.519297617211472e-07
"Zhou, Yingqiao",0.0003380091262464086,0.0,6.519297617211472e-07
"Smith, Richard Lee",0.0003380091262464086,0.0,6.519297617211472e-07
"Qi, Xinhua",0.0003380091262464086,0.0,6.519297617211472e-07
"Priya, B. Anandha",0.0001690045631232043,0.0,4.961725533464465e-44
"Sivakumar, T.",0.0001690045631232043,0.0,4.961725533464465e-44
"Venkateswari, P.",0.0001690045631232043,0.0,4.961725533464465e-44
"Zheng, Yaxu",0.0007605205340544194,0.0,1.6210025436888583e-06
"Li, Zhihang",0.0007605205340544194,0.0,1.6210025436888583e-06
"Li, Qiannan",0.0007605205340544194,0.0,1.6210025436888583e-06
"Liu, Erkang",0.0007605205340544194,0.0,1.6210025436888583e-06
"Liang, Yongmei",0.0007605205340544194,0.0,1.6210025436888583e-06
"Han, Baochen",0.0007605205340544194,0.0,1.6210025436888583e-06
"Wei, Guangsheng",0.0007605205340544194,0.0,1.6210025436888583e-06
"Zhu, Liguang",0.0007605205340544194,0.0,1.6210025436888583e-06
"Wu, Xiaonan",0.0006760182524928173,0.0,6.00159942202618e-06
"Gong, Youjin",0.0006760182524928173,0.0,6.00159942202618e-06
"Yang, Bingjun",0.0006760182524928173,0.0,6.00159942202618e-06
"Mao, Zhenghao",0.0006760182524928173,0.0,6.00159942202618e-06
"Yan, Zhaotong",0.0006760182524928173,0.0,6.00159942202618e-06
"Xiong, Shunshun",0.0006760182524928173,0.0,6.00159942202618e-06
"Long, Xinggui",0.0006760182524928173,0.0,6.00159942202618e-06
"Wang, Xiaolin",0.0006760182524928173,0.0,6.00159942202618e-06
"Lv, Shangchun",0.0005915159709312151,0.0,3.699138722121488e-23
"Pei, Mengxi",0.0005915159709312151,0.0,3.699138722121488e-23
"Liu, Yuxiang",0.0005915159709312151,0.0,3.699138722121488e-23
"Si, Zhichun",0.0005915159709312151,0.0,3.699138722121488e-23
"Wu, Xiaodong",0.0005915159709312151,0.0,3.699138722121488e-23
"Ran, Rui",0.0005915159709312151,0.0,3.699138722121488e-23
"Weng, Duan",0.0005915159709312151,0.0,3.699138722121488e-23
"Kang, Feiyu",0.0005915159709312151,0.0,3.699138722121488e-23
"Chen, Shuai",0.0008450228156160215,6.743851939491255e-05,9.368274964464611e-05
"Bai, Jing",0.0008450228156160215,6.743851939491255e-05,9.368274964464611e-05
"Li, Linsen",0.0008450228156160215,6.743851939491255e-05,9.368274964464611e-05
"Xia, Ligang",0.000507013689369613,0.0,2.384266372741078e-05
"Zhou, Baoxue",0.0008450228156160215,6.743851939491255e-05,9.368274964464611e-05
"He, Yuanqing",0.0009295250971776238,0.0,6.43058420425852e-05
"Jia, Lulu",0.0009295250971776238,0.0,6.43058420425852e-05
"Lu, Xueyi",0.0009295250971776238,0.0,6.43058420425852e-05
"Wang, Chenhui",0.0009295250971776238,0.0,6.43058420425852e-05
"Liu, Xiaohe",0.0009295250971776238,0.0,6.43058420425852e-05
"Chen, Gen",0.0009295250971776238,0.0,6.43058420425852e-05
"Wen, Zuxin",0.0009295250971776238,0.0,6.43058420425852e-05
"Zhang, Ning",0.0009295250971776238,0.0,6.43058420425852e-05
"Sasaki, Takayoshi",0.0009295250971776238,0.0,6.43058420425852e-05
"Ho, Ying-Rong",0.0003380091262464086,0.0,3.683167485230363e-33
"Chang, Yu-Han",0.0003380091262464086,0.0,3.683167485230363e-33
"Lin, Ching-Huang",0.0003380091262464086,0.0,3.683167485230363e-33
"Ou, Sin-Liang",0.0003380091262464086,0.0,3.683167485230363e-33
"Huang, Jung-Jie",0.0003380091262464086,0.0,3.683167485230363e-33
"He, Shuai",0.0001690045631232043,0.0,0.00029597548142837283
"Yang, Hua",0.000507013689369613,0.0,8.019560469342774e-05
"Bandaru, Sateesh",0.000507013689369613,0.0,8.019560469342774e-05
"Lv, Xiaoxin",0.00042251140780801076,0.0,0.00985426427736385
"Zhang, Gaoteng",0.00042251140780801076,0.0,0.00985426427736385
"Wang, Menglian",0.00042251140780801076,0.0,0.00985426427736385
"Li, Guoqing",0.00042251140780801076,0.0,0.00985426427736385
"Zhong, Jun",0.00042251140780801076,0.0,0.00985426427736385
"Aguiar, E. C.",0.00042251140780801076,0.0,2.793203157953156e-29
"Ramirez, M. A.",0.00042251140780801076,0.0,2.793203157953156e-29
"Cortes, J. A.",0.00042251140780801076,0.0,2.793203157953156e-29
"Rocha, L. S.",0.00042251140780801076,0.0,2.793203157953156e-29
"Borsari, E.",0.00042251140780801076,0.0,2.793203157953156e-29
"Simoes, A. Z.",0.00042251140780801076,0.0,2.793203157953156e-29
"Meng, Qingjie",0.0003380091262464086,0.0,5.31958586949137e-05
"Wang, Shuaijun",0.0003380091262464086,0.0,0.00015724601954776376
"Zhang, Jinqiang",0.0003380091262464086,0.0,0.00015724601954776376
"Nourizad, Abolfazl",0.0002535068446848065,0.0,6.570990368930812e-38
"Golmohammadi, Saeed",0.0002535068446848065,0.0,6.570990368930812e-38
"Tohidkia, Mohammad reza",0.0002535068446848065,0.0,6.570990368930812e-38
"Aghanejad, Ayuob",0.0002535068446848065,0.0,6.570990368930812e-38
"Cui, Weicheng",0.0007605205340544194,0.0,3.0002605261227892e-05
"Bai, Hongye",0.0007605205340544194,0.0,3.0002605261227892e-05
"Qu, Konggang",0.0005915159709312151,0.0,2.7482618706112383e-05
"Wang, Fagen",0.0007605205340544194,0.0,3.0002605261227892e-05
"Guan, Peng",0.0005915159709312151,0.0,2.7482618706112383e-05
"Fan, Weiqiang",0.0007605205340544194,0.0,3.0002605261227892e-05
"Zheng, Yi-Nan",0.0002535068446848065,0.0,6.570990368930812e-38
"Song, Xiao-Li",0.0002535068446848065,0.0,6.570990368930812e-38
"Wang, Shu-Yan",0.0002535068446848065,0.0,6.570990368930812e-38
"Gao, Li-Guo",0.0002535068446848065,0.0,6.570990368930812e-38
"Wang, Shiwei",0.00042251140780801076,0.0,4.676838166031946e-06
"Chang, Lei",0.00042251140780801076,0.0,4.676838166031946e-06
"Li, Han",0.0008450228156160215,0.00017195153235065067,0.00016626500189738532
"Yonar, Taner",0.0005915159709312151,0.0,0.00014044359783819927
"Liu, Terence",0.0005915159709312151,0.0,0.00014044359783819927
"Ng, Siowwoon",0.0010985296603008281,0.0,3.849415161490194e-09
"Krbal, Milos",0.0010985296603008281,0.0,3.849415161490194e-09
"Zazpe, Raul",0.0018590501943552475,2.281754415617342e-06,5.0942464070071875e-09
"Prikryl, Jan",0.0010985296603008281,0.0,3.849415161490194e-09
"Charvot, Jaroslav",0.001605543349670441,1.0141130736077072e-06,4.891097857132154e-09
"Dvorak, Filip",0.0010985296603008281,0.0,3.849415161490193e-09
"Strizik, Lukas",0.0010985296603008281,0.0,3.849415161490193e-09
"Slang, Stanislav",0.0010985296603008281,0.0,3.849415161490193e-09
"Sopha, Hanna",0.001605543349670441,1.0141130736077072e-06,4.8910978571321534e-09
"Kosto, Yuliia",0.0010985296603008281,0.0,3.849415161490193e-09
"Matolin, Vladimir",0.0010985296603008281,0.0,3.849415161490193e-09
"Yam, Fong Kwong",0.0010985296603008281,0.0,3.849415161490193e-09
"Bures, Filip",0.001605543349670441,1.0141130736077072e-06,4.8910978571321534e-09
"Macak, Jan M.",0.0018590501943552475,2.281754415617342e-06,5.094246407007186e-09
Yu Yao-Ming,0.0005915159709312151,0.0,3.699138722121488e-23
Liu Jia-Jie,0.0005915159709312151,0.0,3.699138722121488e-23
Qi Rui,0.0005915159709312151,0.0,3.699138722121488e-23
Zuo Chang-Jian,0.0005915159709312151,0.0,3.699138722121488e-23
Zhao Wen-Guang,0.0005915159709312151,0.0,3.699138722121488e-23
Lu Jun-Liang,0.0005915159709312151,0.0,3.699138722121488e-23
Zhang Ming-Jian,0.0005915159709312151,0.0,3.699138722121488e-23
Pan Feng,0.0005915159709312151,0.0,3.699138722121488e-23
"Cai, Xuanyi",0.0005915159709312151,0.0,6.494623696109865e-06
"Deng, Jidong",0.0005915159709312151,0.0,6.494623696109865e-06
"Wei, Kun",0.0005915159709312151,0.0,6.494623696109865e-06
"Du, Guozheng",0.0005915159709312151,0.0,6.494623696109865e-06
"Luo, Zhide",0.0005915159709312151,0.0,6.494623696109865e-06
"Zhang, Cuiping",0.0005915159709312151,0.0,6.494623696109865e-06
"Zhang, Jinbao",0.0005915159709312151,0.0,6.494623696109865e-06
"Meng, Xiang-Yu",0.001014027378739226,0.0,2.048959203909247e-06
"Li, Long-Song",0.001014027378739226,0.0,2.048959203909247e-06
"Wu, Jing-Jing",0.001014027378739226,0.0,2.048959203909247e-06
"Liu, Ao-Chi",0.001014027378739226,0.0,2.048959203909247e-06
"Wang, Yue-Ning",0.001014027378739226,0.0,2.048959203909247e-06
"Hu, Yue",0.001014027378739226,0.0,2.048959203909247e-06
"Zhang, Zhou-Xu",0.001014027378739226,0.0,2.048959203909247e-06
"Qiu, Lin",0.001014027378739226,0.0,2.048959203909247e-06
"Song, Xiao-Yu",0.001014027378739226,0.0,2.048959203909247e-06
"Wu, Ai-Guo",0.001014027378739226,0.0,2.048959203909247e-06
"Wang, Xiao-Tian",0.001014027378739226,0.0,2.048959203909247e-06
"Lin, Jie",0.001014027378739226,0.0,2.048959203909247e-06
"Sun, Zhengnan",0.00042251140780801076,0.0,2.793203157953156e-29
"Zhang, Huili",0.00042251140780801076,0.0,2.793203157953156e-29
"Shen, Xuehua",0.00042251140780801076,0.0,2.793203157953156e-29
"Su, Yu",0.00042251140780801076,0.0,2.793203157953156e-29
"Liu, Hongsheng",0.00042251140780801076,0.0,2.793203157953156e-29
"Yu, Hailin",0.00042251140780801076,0.0,2.793203157953156e-29
"Feng, Zeguo",0.0003380091262464086,0.0,9.865883237213736e-05
"Peng, Zhengchun",0.0003380091262464086,0.0,9.865883237213736e-05
"Sukhanova, E. V.",0.0003380091262464086,0.0,3.683167485230363e-33
"Sagatov, N.",0.0003380091262464086,0.0,3.683167485230363e-33
"Oreshonkov, A. S.",0.0003380091262464086,0.0,3.683167485230363e-33
"Gavryushkin, P. N.",0.0003380091262464086,0.0,3.683167485230363e-33
"Popov, Z. I.",0.0003380091262464086,0.0,3.683167485230363e-33
"Zhang, Wenchao",0.000507013689369613,0.0,0.0003387634387167605
"Mei, Aohan",0.000507013689369613,0.0,0.0003387634387167605
"Zhang, Yuyao",0.000507013689369613,0.0,0.0003387634387167605
"Capello, L.",0.0001690045631232043,0.0,4.961725533464465e-44
"Arsufi, A. B. L.",0.0001690045631232043,0.0,4.961725533464465e-44
"Lansarin, M. A.",0.0001690045631232043,0.0,4.961725533464465e-44
"Lu, Yunhao",0.0008450228156160215,3.380376912025691e-07,9.140111434365613e-06
"Chen, Miaogen",0.000507013689369613,0.0,7.585318803591026e-06
"Lang, Zhenyun",0.000507013689369613,0.0,7.585318803591026e-06
"Ren, Zhaohui",0.0008450228156160215,3.380376912025691e-07,9.140111434365613e-06
"Tian, He",0.0008450228156160215,3.380376912025691e-07,9.140111434365613e-06
"Zhuang, Yan",0.0001690045631232043,0.0,4.961725533464465e-44
"Liu, Yunfei",0.0001690045631232043,0.0,4.961725533464465e-44
"Meng, Xianfeng",0.0001690045631232043,0.0,4.961725533464465e-44
"Dai, Dongsheng",0.0003380091262464086,0.0,6.856348664650879e-07
"Yuan, Jintao",0.0003380091262464086,0.0,3.683167485230363e-33
"Ai, Zikang",0.0003380091262464086,0.0,3.683167485230363e-33
"Yu, Meng",0.0003380091262464086,0.0,3.683167485230363e-33
"Huang, Ruiming",0.0003380091262464086,0.0,3.683167485230363e-33
"Cheng, Qijin",0.0003380091262464086,0.0,3.683167485230363e-33
"Zhang, Pingan",0.0002535068446848065,0.0,3.4711533978503425e-06
"Hong, Tianjie",0.0002535068446848065,0.0,3.4711533978503425e-06
"Tao, Feifei",0.0002535068446848065,0.0,3.4711533978503425e-06
"Shu, Andrew L.",0.0002535068446848065,0.0,5.680679881092347e-34
"McClain, William E.",0.0002535068446848065,0.0,5.680679881092347e-34
"Shang, Jianpeng",0.0005915159709312151,0.0,2.7482618706112383e-05
"Ding, Jinrui",0.0005915159709312151,0.0,2.7482618706112383e-05
"Hu, Zhongzheng",0.00042251140780801076,0.0,2.793203157953156e-29
"Cai, Xuewei",0.00042251140780801076,0.0,2.793203157953156e-29
"Wang, Zirun",0.00042251140780801076,0.0,2.793203157953156e-29
"Li, Shan",0.00042251140780801076,0.0,2.793203157953156e-29
"Wang, Zhaowei",0.00042251140780801076,0.0,2.793203157953156e-29
"Xie, Xiaoyun",0.00042251140780801076,0.0,2.793203157953156e-29
"Zhao, Lei",0.0005915159709312151,0.0,5.466784961300254e-05
"He, Xuan",0.0005915159709312151,0.0,5.466784961300254e-05
"Fang, Wei",0.0005915159709312151,0.0,5.466784961300254e-05
"Du, Xing",0.0005915159709312151,0.0,5.466784961300254e-05
"Wang, Daheng",0.0005915159709312151,0.0,5.466784961300254e-05
"Wang, Songbo",0.0008450228156160215,0.0,8.142089514558793e-06
"Wang, Yidan",0.0008450228156160215,0.0,8.142089514558793e-06
"Guo, Shuang",0.0008450228156160215,0.0,8.142089514558793e-06
"Meng, Chengzhen",0.0008450228156160215,0.0,8.142089514558793e-06
"Shi, Yawei",0.0008450228156160215,0.0,8.142089514558793e-06
"Tang, Na",0.0008450228156160215,0.0,8.142089514558793e-06
"Zhang, Xinlin",0.000507013689369613,0.0,3.9498214428683125e-06
"Tang, Cheng",0.000507013689369613,0.0,3.9498214428683125e-06
"Li, Haitao",0.000507013689369613,0.0,3.9498214428683125e-06
"Xu, Qiaozhen",0.0002535068446848065,0.0,4.468563805379636e-05
"Liu, Wenhao",0.0002535068446848065,0.0,4.468563805379636e-05
"Lv, Tao",0.0002535068446848065,0.0,4.468563805379636e-05
"Luo, Siyu",0.0005915159709312151,0.0,2.0619285873315183e-05
"Liu, Fanglei",0.0005915159709312151,0.0,2.0619285873315183e-05
"Gu, Siyu",0.0005915159709312151,0.0,2.0619285873315183e-05
"Yang, Guohai",0.0005915159709312151,0.0,2.0619285873315183e-05
"Gu, Yingqiu",0.0005915159709312151,0.0,2.0619285873315183e-05
"Cao, Juntao",0.0005915159709312151,0.0,2.0619285873315183e-05
"Qu, Lu-Lu",0.0005915159709312151,0.0,2.0619285873315183e-05
"Su, Hengjun",0.0003380091262464086,0.0,0.00021560951958847968
"Zhao, Huiqin",0.0003380091262464086,0.0,0.00021560951958847968
"Zhang, Xiaofeng",0.0003380091262464086,0.0,0.00021560951958847968
"Li, Ziwei",0.00042251140780801076,0.0,3.182380696186667e-05
"Xiao, Huining",0.00042251140780801076,0.0,3.182380696186667e-05
"Hou, Yang",0.00042251140780801076,0.0,3.182380696186667e-05
"Roy, Shrawan",0.00042251140780801076,0.0,6.5358224860019685e-28
"Tran, Trang Thu",0.00042251140780801076,0.0,6.5358224860019685e-28
"Akhtar, Sophia",0.00042251140780801076,0.0,6.5358224860019685e-28
"Lee, Eunji",0.00042251140780801076,0.0,6.5358224860019685e-28
"Kim, Jeongyong",0.00042251140780801076,0.0,6.5358224860019685e-28
"Altieri, Roberto",0.001014027378739226,0.0,7.94173732588696e-13
"Schmitz, Fabian",0.001014027378739226,0.0,7.94173732588696e-13
"Schenker, Manuel",0.001014027378739226,0.0,7.94173732588696e-13
"Boll, Felix",0.001014027378739226,0.0,7.94173732588696e-13
"Rebecchi, Luca",0.001014027378739226,0.0,7.94173732588696e-13
"Schweitzer, Pascal",0.001014027378739226,0.0,7.94173732588696e-13
"Crisci, Matteo",0.001014027378739226,0.0,7.94173732588696e-13
"Kriegel, Ilka",0.001014027378739226,0.0,7.94173732588696e-13
"Smarsly, Bernd",0.001014027378739226,0.0,7.94173732588696e-13
"Schlettwein, Derck",0.001014027378739226,0.0,7.94173732588696e-13
"Lamberti, Francesco",0.001014027378739226,0.0,7.94173732588696e-13
"Gatti, Teresa",0.001014027378739226,0.0,7.94173732588696e-13
"Wang, Mengjiao",0.001014027378739226,0.0,7.94173732588696e-13
"Macedo, Andreia G.",0.0007605205340544194,0.0,2.073438964253325e-18
"Mattos, Luana L.",0.0007605205340544194,0.0,2.073438964253325e-18
"Spada, Edna R.",0.0007605205340544194,0.0,2.073438964253325e-18
"Serpa, Rafael B.",0.0007605205340544194,0.0,2.073438964253325e-18
"Campos, Cristiani S.",0.0007605205340544194,0.0,2.073438964253325e-18
"Grova, Isabel R.",0.0007605205340544194,0.0,2.073438964253325e-18
"Ackcelrud, Leni",0.0007605205340544194,0.0,2.073438964253325e-18
"Reis, Francoise T.",0.0007605205340544194,0.0,2.073438964253325e-18
"Sartorelli, Maria L.",0.0007605205340544194,0.0,2.073438964253325e-18
"Roman, Lucimara S.",0.0007605205340544194,0.0,2.073438964253325e-18
"Zeng, Fan",0.0005915159709312151,0.0,0.00039542495635183807
"Xiao, Jian-Hua",0.0005915159709312151,0.0,0.00039542495635183807
"Thanh, Nguyen Thi Phuong",0.000507013689369613,0.0,5.327153564675236e-26
"Danh, Nguyen Thanh",0.000507013689369613,0.0,5.327153564675236e-26
"Nguyen, Tran Quang",0.000507013689369613,0.0,5.327153564675236e-26
"Van Giang, Huynh",0.000507013689369613,0.0,5.327153564675236e-26
"Chi, Tran Kim",0.000507013689369613,0.0,5.327153564675236e-26
"Giang, Le Thuy Thanh",0.000507013689369613,0.0,5.327153564675236e-26
"Trung, Tran Quang",0.000507013689369613,0.0,5.327153564675236e-26
"Yuan, Min",0.00042251140780801076,0.0,0.00010904369317192382
"Huang, Ke",0.00042251140780801076,0.0,0.00010904369317192382
"Dai, Dongqing",0.00042251140780801076,0.0,0.00010904369317192382
"Jiang, Yixin",0.00042251140780801076,0.0,0.00010904369317192382
"Li, Ya-Dong",0.00042251140780801076,0.0,2.793203157953156e-29
"Mou, Chuan-Lin",0.00042251140780801076,0.0,2.793203157953156e-29
"Ma, Wen-Long",0.00042251140780801076,0.0,2.793203157953156e-29
"Chen, Shi-Hao",0.00042251140780801076,0.0,2.793203157953156e-29
"Tang, Zi-Yu",0.00042251140780801076,0.0,2.793203157953156e-29
"Deng, Hong-Bo",0.00042251140780801076,0.0,2.793203157953156e-29
"Rahaman, Md Habibur",0.0005915159709312151,0.0,3.699138722121488e-23
"Sang, Borong",0.0005915159709312151,0.0,3.699138722121488e-23
"Hossain, Md. Anower",0.0005915159709312151,0.0,3.699138722121488e-23
"Hoex, Bram",0.0005915159709312151,0.0,3.699138722121488e-23
"Mota-Santiago, Pablo",0.0005915159709312151,0.0,3.699138722121488e-23
"Mitchell, Valerie D.",0.0005915159709312151,0.0,3.699138722121488e-23
"Uddin, Ashraf",0.0005915159709312151,0.0,3.699138722121488e-23
"Stride, John A.",0.0005915159709312151,0.0,3.699138722121488e-23
"Xie, Xinlei",0.0005915159709312151,0.0,0.00011256966981622917
"Wang, Yulei",0.0005915159709312151,0.0,0.00011256966981622917
"Hao, Ming",0.0005915159709312151,0.0,0.00011256966981622917
"Yan, Penji",0.0005915159709312151,0.0,0.00011256966981622917
"Liang, Jinsheng",0.0005915159709312151,0.0,0.00011256966981622917
"Wang, Kangwang",0.00042251140780801076,0.0,2.1753777746471534e-05
"Zhan, Sheng",0.00042251140780801076,0.0,2.1753777746471534e-05
"Zhang, Danyang",0.00042251140780801076,0.0,2.1753777746471534e-05
"Sun, Hui",0.00042251140780801076,0.0,2.1753777746471534e-05
"Jin, Xiaodong",0.00042251140780801076,0.0,2.1753777746471534e-05
"Zhang, Jifang",0.0005915159709312151,0.0,0.00034940062956756256
"Suo, Chengcheng",0.0005915159709312151,0.0,0.00034940062956756256
"Zhang, Hongru",0.0005915159709312151,0.0,0.00034940062956756256
"Luo, Sha",0.0005915159709312151,0.0,0.00034940062956756256
"Tian, Bing",0.0005915159709312151,0.0,0.00034940062956756256
"Ma, Chunhui",0.0005915159709312151,0.0,0.00034940062956756256
"Liu, Shouxin",0.0005915159709312151,0.0,0.00034940062956756256
"Jin, Mi-Jin",0.0001690045631232043,0.0,4.961725533464465e-44
"Jo, Junhyeon",0.0001690045631232043,0.0,4.961725533464465e-44
"Yoo, Jung-Woo",0.0001690045631232043,0.0,4.961725533464465e-44
"De Angelis, Dario",0.0008450228156160215,0.0,2.2127524400699098e-16
"Presel, Francesco",0.0008450228156160215,0.0,2.2127524400699098e-16
"Jabeen, Naila",0.0008450228156160215,0.0,2.2127524400699098e-16
"Bignardi, Luca",0.0008450228156160215,0.0,2.2127524400699098e-16
"Lizzit, Daniel",0.0008450228156160215,0.0,2.2127524400699098e-16
"Lacovig, Paolo",0.0008450228156160215,0.0,2.2127524400699098e-16
"Lizzit, Silvano",0.0008450228156160215,0.0,2.2127524400699098e-16
"Montini, Tiziano",0.0008450228156160215,0.0,2.2127524400699098e-16
"Fornasiero, Paolo",0.0008450228156160215,0.0,2.2127524400699098e-16
"Alfe, Dario",0.0008450228156160215,0.0,2.2127524400699098e-16
"Baraldi, Alessandro",0.0008450228156160215,0.0,2.2127524400699098e-16
"Gao, Haobin",0.00042251140780801076,0.0,4.5530199746301205e-05
"Zhu, Xiaohong",0.00042251140780801076,0.0,4.5530199746301205e-05
"Hu, Tao",0.00042251140780801076,0.0,4.5530199746301205e-05
"Xie, Xiaoming",0.00042251140780801076,0.0,4.5530199746301205e-05
"Zhu, Jiliang",0.00042251140780801076,0.0,4.5530199746301205e-05
"Alnuaimi, Aaesha",0.0001690045631232043,0.0,4.961725533464465e-44
"Almansouri, Ibraheem",0.0001690045631232043,0.0,4.961725533464465e-44
"Nayfeh, Ammar",0.0001690045631232043,0.0,4.961725533464465e-44
Rishikesh,0.0002535068446848065,0.0,2.6735309874707956e-28
"Kumar, Sanjeev",0.0002535068446848065,0.0,2.6735309874707956e-28
"Zhou, Yansong",0.0006760182524928173,0.0,1.892989481484652e-10
"Wang, Zhitong",0.0006760182524928173,0.0,1.892989481484652e-10
"Huang, Lei",0.0011830319418624302,0.0,1.979707422605367e-10
"Lei, Kai",0.0006760182524928173,0.0,1.892989481484652e-10
"Yue, Ting",0.0006760182524928173,0.0,1.892989481484652e-10
"Li, Zhong'an",0.0006760182524928173,0.0,1.892989481484652e-10
"You, Bo",0.0006760182524928173,0.0,1.892989481484652e-10
"Xia, Bao Yu",0.0006760182524928173,0.0,1.892989481484652e-10
"Sun, Tianyu",0.0005915159709312151,0.0,6.293216477698124e-05
"Jin, Qijie",0.0005915159709312151,0.0,6.293216477698124e-05
"Kaliyaperumal, Sakthivel",0.00042251140780801076,0.0,2.793203157953156e-29
"Sarigamala, Karthik Kiran",0.00042251140780801076,0.0,2.793203157953156e-29
"Moorthy, Padmini",0.00042251140780801076,0.0,2.793203157953156e-29
"Ramachandran, Balaji",0.00042251140780801076,0.0,2.793203157953156e-29
"Chandrasekar, Narendhar",0.00042251140780801076,0.0,2.793203157953156e-29
"Albrecht, Tim",0.00042251140780801076,0.0,2.793203157953156e-29
"Chen, Tianming",0.0003380091262464086,0.0,3.683167485230363e-33
"Xu, Chenchen",0.0003380091262464086,0.0,3.683167485230363e-33
"Zou, Chao",0.0003380091262464086,0.0,3.683167485230363e-33
"Fan, Lan",0.0003380091262464086,0.0,3.683167485230363e-33
"Xu, Qi",0.0003380091262464086,0.0,3.683167485230363e-33
"Sun, Yayong",0.0007605205340544194,0.0,0.0020009287284788926
"Wang, Fupeng",0.0007605205340544194,0.0,0.0020009287284788926
"Fu, Yunlei",0.0007605205340544194,0.0,0.0020009287284788926
"Wang, Xuanyi",0.0007605205340544194,0.0,0.0020009287284788926
"Xiao, Zhenyu",0.0007605205340544194,0.0,0.0020009287284788926
"Liu, Yanru",0.0007605205340544194,0.0,0.0020009287284788926
"Xu, Jixiang",0.0007605205340544194,0.0,0.0020009287284788926
"Plata, J. J.",0.00042251140780801076,0.0,2.793203157953156e-29
"Remesal, E. R.",0.00042251140780801076,0.0,2.793203157953156e-29
"Graciani, Jesus",0.00042251140780801076,0.0,2.793203157953156e-29
"Marquez, A. M.",0.00042251140780801076,0.0,2.793203157953156e-29
"Rodriguez, J. A.",0.00042251140780801076,0.0,2.793203157953156e-29
"Fernandez Sanz, Javier",0.00042251140780801076,0.0,2.793203157953156e-29
"Tan, Lling-Lling",0.0008450228156160215,0.00014440711680758163,1.083608038218367e-05
"Fang, Junan",0.0008450228156160215,0.0,0.0005834542267270065
"Zhang, Jiajing",0.0008450228156160215,0.0,0.0005834542267270065
"Han, Yaqin",0.0008450228156160215,0.0,0.0005834542267270065
"Xu, Jingyin",0.0008450228156160215,0.0,0.0005834542267270065
"He, Xuefeng",0.0008450228156160215,0.0,0.0005834542267270065
"Ran, Hongmei",0.0008450228156160215,0.0,0.0005834542267270065
"An, Jia",0.0008450228156160215,0.0,0.0005834542267270065
"Wu, Daofu",0.0008450228156160215,0.0,0.0005834542267270065
"Tang, Xiaosheng",0.0008450228156160215,0.0,0.0005834542267270065
"Liu, Yufei",0.0008450228156160215,0.0,0.0005834542267270065
"Hwang, Jun Beom",0.0006760182524928173,0.0,4.3518523895596805e-13
"Anushkkaran, Periyasamy",0.0006760182524928173,0.0,4.3518523895596805e-13
"Choi, Sun Hee",0.0009295250971776238,0.0,5.187095160271805e-13
"Kumar, Manish",0.0006760182524928173,0.0,4.3518523895596795e-13
"Pathan, H. M.",0.0006760182524928173,0.0,4.3518523895596795e-13
"Lee, Hyun Hwi",0.0006760182524928173,0.0,4.3518523895596795e-13
"Zhou, Weilin",0.00042251140780801076,0.0,2.66900357226087e-05
"Li, Longzhu",0.0006760182524928173,0.0,3.9286646867955444e-05
"Fang, Tian",0.0006760182524928173,0.0,3.9286646867955444e-05
"Huang, Anqi",0.0006760182524928173,0.0,3.9286646867955444e-05
"Fu, Lulu",0.0006760182524928173,0.0,3.9286646867955444e-05
"Chen, Yuwei",0.0006760182524928173,0.0,3.9286646867955444e-05
"Ding, Yujie",0.0006760182524928173,0.0,3.9286646867955444e-05
"Mitsuzaki, Naotoshi",0.0006760182524928173,0.0,3.9286646867955444e-05
"Lee, Minseop",0.0002535068446848065,0.0,3.38702319165633e-26
"Oh, Jae-Min",0.0002535068446848065,0.0,3.38702319165633e-26
"Paek, Seung-Min",0.0002535068446848065,0.0,3.38702319165633e-26
"Sun, Xiaoqian",0.0006760182524928173,0.0,3.293864273242829e-05
"Liu, Kaijia",0.0006760182524928173,0.0,3.293864273242829e-05
"Qiu, Yuhui",0.0006760182524928173,0.0,3.293864273242829e-05
"Deng, Kunxiang",0.0006760182524928173,0.0,3.293864273242829e-05
"Xie, Yixi",0.0006760182524928173,0.0,3.293864273242829e-05
"Zhao, Pengcheng",0.0006760182524928173,0.0,3.293864273242829e-05
"Fei, Junjie",0.0006760182524928173,0.0,3.293864273242829e-05
"An, Qier",0.000507013689369613,0.0,0.00011793397763618857
"Zehner, J.",0.0005915159709312151,0.0,3.699138722121488e-23
"Wolf, D.",0.0005915159709312151,0.0,3.699138722121488e-23
"Hasan, M. U.",0.0005915159709312151,0.0,3.699138722121488e-23
"Huang, M.",0.0005915159709312151,0.0,3.699138722121488e-23
"Bono, D.",0.0005915159709312151,0.0,3.699138722121488e-23
"Nielsch, K.",0.0005915159709312151,0.0,3.699138722121488e-23
"Leistner, K.",0.0005915159709312151,0.0,3.699138722121488e-23
"Beach, G. S. D.",0.0005915159709312151,0.0,3.699138722121488e-23
"Zeng, Qinglong",0.000507013689369613,0.0,0.0009322038177835641
"Xie, Xiaofeng",0.000507013689369613,0.0,0.0009322038177835641
"Lu, Guanhong",0.000507013689369613,0.0,0.0009322038177835641
"Lee, Shuncheng",0.000507013689369613,0.0,0.0009322038177835641
"Bobeico, Eugenia",0.0006760182524928173,0.0,1.1873375919844751e-20
"Mercaldo, Lucia V.",0.0006760182524928173,0.0,1.1873375919844751e-20
"Morvillo, Pasquale",0.0006760182524928173,0.0,1.1873375919844751e-20
"Usatii, Iurie",0.0006760182524928173,0.0,1.1873375919844751e-20
"Della Noce, Marco",0.0006760182524928173,0.0,1.1873375919844751e-20
"Lancellotti, Laura",0.0006760182524928173,0.0,1.1873375919844751e-20
"Sasso, Carmen",0.0006760182524928173,0.0,1.1873375919844751e-20
"Ricciardi, Rosa",0.0006760182524928173,0.0,1.1873375919844751e-20
"Delli Veneri, Paola",0.0006760182524928173,0.0,1.1873375919844751e-20
"Uddin, Ahmed",0.0005915159709312151,0.0,6.283225910673931e-23
"Rauf, Abdur",0.0005915159709312151,0.0,6.283225910673931e-23
"Khan, Rizwan",0.0005915159709312151,0.0,6.283225910673931e-23
"Yu, Yalin",0.0005915159709312151,0.0,6.283225910673931e-23
"Tan, Ling",0.0005915159709312151,0.0,6.283225910673931e-23
"Jiang, Fang",0.0005915159709312151,0.0,6.283225910673931e-23
"Chen, Huan",0.0005915159709312151,0.0,6.283225910673931e-23
"Bernal, Camille",0.0001690045631232043,0.0,4.733387695987706e-07
"Ortmann, J. Elliott",0.0006760182524928173,0.0,1.1873375919844751e-20
"Nookala, Nishant",0.0006760182524928173,0.0,1.1873375919844751e-20
"He, Qian",0.0006760182524928173,0.0,1.1873375919844751e-20
"Gao, Lingyuan",0.0006760182524928173,0.0,1.1873375919844751e-20
"Lin, Chungwei",0.0006760182524928173,0.0,1.1873375919844751e-20
"Posadas, Agham B.",0.0006760182524928173,0.0,1.1873375919844751e-20
"Borisevich, Albina Y.",0.0006760182524928173,0.0,1.1873375919844751e-20
"Belkin, Mikhail A.",0.0006760182524928173,0.0,1.1873375919844751e-20
"Demkov, Alexander A.",0.0006760182524928173,0.0,1.1873375919844751e-20
"Liu, Changji",0.000507013689369613,0.0,4.623824392256197e-17
"Qi, Mei",0.000507013689369613,0.0,4.623824392256197e-17
"Xu, Xiang",0.000507013689369613,0.0,4.623824392256197e-17
"Ahmad, Naseem",0.000507013689369613,0.0,5.327153564675236e-26
"Khan, Abdul Rahman",0.000507013689369613,0.0,5.327153564675236e-26
"Siddiqui, Masoom Raza",0.000507013689369613,0.0,5.327153564675236e-26
"Khan, Mohammad Danish",0.000507013689369613,0.0,5.327153564675236e-26
"Benamor, Abdelbaki",0.000507013689369613,0.0,5.327153564675236e-26
"Anwer, Abdul Hakeem",0.000507013689369613,0.0,5.327153564675236e-26
"Ahmad, Nafees",0.000507013689369613,0.0,5.327153564675236e-26
"Jin, Xin",0.0005915159709312151,0.0,3.699138722121488e-23
"Fang, Yanan",0.0005915159709312151,0.0,3.699138722121488e-23
"Salim, Teddy",0.0005915159709312151,0.0,3.699138722121488e-23
"Feng, Minjun",0.0005915159709312151,0.0,3.699138722121488e-23
"Hadke, Shreyash",0.0005915159709312151,0.0,3.699138722121488e-23
"Leow, Shin Woei",0.0005915159709312151,0.0,3.699138722121488e-23
"Sum, Tze Chien",0.0005915159709312151,0.0,3.699138722121488e-23
"Wong, Lydia H.",0.0005915159709312151,0.0,3.699138722121488e-23
"Buchholcz, B.",0.0003380091262464086,0.0,3.683167485230363e-33
"Haspel, H.",0.0003380091262464086,0.0,3.683167485230363e-33
"Oszko, A.",0.0003380091262464086,0.0,3.683167485230363e-33
"Kukovecz, A.",0.0003380091262464086,0.0,3.683167485230363e-33
"Konya, Z.",0.0003380091262464086,0.0,3.683167485230363e-33
"Cao, Wenzhe",0.0009295250971776238,0.0,0.00022036581926009413
"Zou, Haoran",0.0009295250971776238,0.0,0.00022036581926009413
"Jiang, Xingxin",0.0009295250971776238,0.0,0.00022036581926009413
"Ma, Feng",0.0009295250971776238,0.0,0.00022036581926009413
"Chen, Rongsheng",0.0009295250971776238,0.0,0.00022036581926009413
"Liu, Huating",0.0009295250971776238,0.0,0.00022036581926009413
"Ni, Hongwei",0.0009295250971776238,0.0,0.00022036581926009413
"Wei, Yuefan",0.00042251140780801076,0.0,2.793203157953156e-29
Van-Thai Tran,0.00042251140780801076,0.0,2.793203157953156e-29
"Zhao, Chenyang",0.00042251140780801076,0.0,2.793203157953156e-29
"Liu, Hongfei",0.00042251140780801076,0.0,2.793203157953156e-29
"Kong, Junhua",0.00042251140780801076,0.0,2.793203157953156e-29
"Du, Hejun",0.00042251140780801076,0.0,2.793203157953156e-29
"Huang, Guozhong",0.0001690045631232043,0.0,4.961725533464465e-44
"Zhang, Peipei",0.0001690045631232043,0.0,4.961725533464465e-44
"Bai, Zhiming",0.0001690045631232043,0.0,4.961725533464465e-44
"Chrysler, Matthew",0.0006760182524928173,0.0,1.1873375919844751e-20
"Gabel, Judith",0.0006760182524928173,0.0,1.1873375919844751e-20
"Lee, Tien-Lin",0.0006760182524928173,0.0,1.1873375919844751e-20
"Zhu, Zihua",0.0006760182524928173,0.0,1.1873375919844751e-20
"Kaspar, Tiffany C.",0.0006760182524928173,0.0,1.1873375919844751e-20
"Bowden, Mark",0.0006760182524928173,0.0,1.1873375919844751e-20
"Sushko, Peter V.",0.0006760182524928173,0.0,1.1873375919844751e-20
"Chambers, Scott A.",0.0006760182524928173,0.0,1.1873375919844751e-20
"Ngai, Joseph H.",0.0006760182524928173,0.0,1.1873375919844751e-20
"Abdulrhman, Mansour",0.0006760182524928173,0.0,1.1873375919844751e-20
"Abdel-Aal, Seham K.",0.0006760182524928173,0.0,1.1873375919844751e-20
"Bain, Connor Alexander",0.0006760182524928173,0.0,1.1873375919844751e-20
"Raptis, Dimitrios",0.0006760182524928173,0.0,1.1873375919844751e-20
"Bernal-Texca, Francisco",0.0006760182524928173,0.0,1.1873375919844751e-20
"Wlodarczyk, Krystian L.",0.0006760182524928173,0.0,1.1873375919844751e-20
"Hand, Duncan P.",0.0006760182524928173,0.0,1.1873375919844751e-20
"Martorell, Jordi",0.0006760182524928173,0.0,1.1873375919844751e-20
"Marques-Hueso, Jose",0.0006760182524928173,0.0,1.1873375919844751e-20
"Nazir, S.",0.0001690045631232043,0.0,4.961725533464465e-44
"Kahaly, M. Upadhyay",0.0001690045631232043,0.0,4.961725533464465e-44
"Schwingenschloegl, U.",0.0001690045631232043,0.0,4.961725533464465e-44
"Zhao, Yafei",0.0006760182524928173,0.0,9.826078439614232e-06
"Ning, Jiai",0.0006760182524928173,0.0,9.826078439614232e-06
"Hu, Xiaoying",0.0006760182524928173,0.0,9.826078439614232e-06
"Tu, Jian",0.0006760182524928173,0.0,9.826078439614232e-06
"Zou, Wenqin",0.0006760182524928173,0.0,9.826078439614232e-06
"Ruan, Xuezhong",0.0006760182524928173,0.0,9.826078439614232e-06
"Xu, Yongbing",0.0006760182524928173,0.0,9.826078439614232e-06
"He, Liang",0.0006760182524928173,0.0,9.826078439614232e-06
"Lin, Jing",0.0003380091262464086,0.0,3.474412006009309e-05
"Chen, Yajie",0.0003380091262464086,0.0,3.474412006009309e-05
"Kan, Li",0.0003380091262464086,0.0,3.474412006009309e-05
"Yu, Xinyan",0.0003380091262464086,0.0,3.474412006009309e-05
"Zheng, Wenhui",0.0003380091262464086,0.0,4.754878087291148e-06
"Qi, Guisheng",0.0003380091262464086,0.0,4.754878087291148e-06
"Yue, Chong",0.00042251140780801076,0.0,1.628329569915732e-17
"Zhao, Xiuting",0.00042251140780801076,0.0,1.628329569915732e-17
"Tao, Lei",0.00042251140780801076,0.0,1.628329569915732e-17
"Zheng, Chuntao",0.00042251140780801076,0.0,1.628329569915732e-17
"Ding, Yueqing",0.00042251140780801076,0.0,1.628329569915732e-17
"Faisal, M.",0.000507013689369613,0.0,8.726313449348455e-25
"Harraz, Farid A.",0.000507013689369613,0.0,8.726313449348455e-25
"Al-Sayari, S. A.",0.000507013689369613,0.0,8.726313449348455e-25
"El-Toni, Ahmed Mohamed",0.000507013689369613,0.0,8.726313449348455e-25
"Al-Salami, A. E.",0.000507013689369613,0.0,8.726313449348455e-25
"Al-Assiri, M. S.",0.000507013689369613,0.0,8.726313449348455e-25
"Hu, Jundie",0.00042251140780801076,0.0,2.793203157953156e-29
"Yang, Tingyu",0.00042251140780801076,0.0,2.793203157953156e-29
"Chen, Junjie",0.00042251140780801076,0.0,2.793203157953156e-29
"Yang, Xiaogang",0.00042251140780801076,0.0,2.793203157953156e-29
"Qu, Jiafu",0.00042251140780801076,0.0,2.793203157953156e-29
"Cai, Yahui",0.00042251140780801076,0.0,2.793203157953156e-29
"Kinkaew, Chonlathon",0.0005915159709312151,0.0,3.4761340238198305e-10
"Reza, M. Sumon",0.00042251140780801076,0.0,2.793203157953156e-29
"Ahmad, Nurnazurah Binti Haji",0.00042251140780801076,0.0,2.793203157953156e-29
"Afroze, Shammya",0.00042251140780801076,0.0,2.793203157953156e-29
"Taweekun, Juntakan",0.00042251140780801076,0.0,2.793203157953156e-29
"Sharifpur, Mohsen",0.00042251140780801076,0.0,2.793203157953156e-29
"Azad, Abul Kalam",0.00042251140780801076,0.0,2.793203157953156e-29
"Shoaib, Muhammad",0.00042251140780801076,0.0,2.793203157953156e-29
"Siddique, Sofia",0.00042251140780801076,0.0,2.793203157953156e-29
"Nazar, Rabia",0.00042251140780801076,0.0,2.793203157953156e-29
"Ishaq, Amina",0.00042251140780801076,0.0,2.793203157953156e-29
"Abrar, Areebah",0.00042251140780801076,0.0,2.793203157953156e-29
"Mehmood, Umer",0.00042251140780801076,0.0,2.793203157953156e-29
"Chen, Tianding",0.00042251140780801076,0.0,7.05521023483782e-05
"Yan, Wenhao",0.00042251140780801076,0.0,7.05521023483782e-05
"Li, Jinli",0.00042251140780801076,0.0,7.05521023483782e-05
"Hu, Haibo",0.00042251140780801076,0.0,7.05521023483782e-05
"Ho, Derek",0.00042251140780801076,0.0,7.05521023483782e-05
"Niu, Xiaoyan",0.000507013689369613,0.0,3.5971740014390266e-06
"Qi, Dong",0.000507013689369613,0.0,3.5971740014390266e-06
"Cheng, Yongzhi",0.000507013689369613,0.0,3.5971740014390266e-06
"Chen, Fu",0.000507013689369613,0.0,3.5971740014390266e-06
"Li, Bowen",0.000507013689369613,0.0,3.5971740014390266e-06
"Gong, Rongzhou",0.000507013689369613,0.0,3.5971740014390266e-06
"Sun, Zhiming",0.0003380091262464086,0.0,4.6523879533617597e-07
"Li, Chunquan",0.0003380091262464086,0.0,4.6523879533617597e-07
"Zheng, Shuilin",0.0003380091262464086,0.0,4.6523879533617597e-07
"Wang, Guifang",0.0003380091262464086,0.0,4.6523879533617597e-07
"Kaushik, Shuchi",8.450228156160216e-05,0.0,1.6768166577528933e-26
"Saquib, Mohammad",0.0001690045631232043,0.0,4.961725533464465e-44
"Kaushik, Ravinder",0.0001690045631232043,0.0,4.961725533464465e-44
"Halder, Aditi",0.0001690045631232043,0.0,4.961725533464465e-44
"Huang, Xinyue",0.0009295250971776238,9.634074199273219e-05,1.1641584430616985e-09
"Mu, Weina",0.0001690045631232043,0.0,5.965966939803505e-11
"Chang, Chun",0.0001690045631232043,0.0,5.965966939803505e-11
"Si, Ying",0.000507013689369613,0.0,6.891363482162602e-05
"Zhang, Xiaoxian",0.000507013689369613,0.0,6.891363482162602e-05
"Liang, Tingting",0.000507013689369613,0.0,6.891363482162602e-05
"Dong, Changchang",0.0006760182524928173,0.0,7.081154486690741e-05
"Ma, Zhiyuan",0.0006760182524928173,0.0,7.081154486690741e-05
"Qie, Runtian",0.0006760182524928173,0.0,7.081154486690741e-05
"Li, Cuihua",0.0006760182524928173,0.0,7.081154486690741e-05
"Shi, Yulin",0.0006760182524928173,0.0,7.081154486690741e-05
"Dai, Bin",0.0006760182524928173,0.0,7.081154486690741e-05
"Zhou, Jianxian",0.0009295250971776238,0.0,0.000582943325487901
"Wu, Jiajun",0.0009295250971776238,0.0,0.000582943325487901
"Lu, Zecheng",0.0009295250971776238,0.0,0.000582943325487901
"Liu, Fan",0.0009295250971776238,0.0,0.000582943325487901
"Chen, Xuedan",0.0009295250971776238,0.0,0.000582943325487901
"Xue, Pan",0.0009295250971776238,0.0,0.000582943325487901
"Li, Chunsheng",0.0009295250971776238,0.0,0.000582943325487901
"Wei, Lei",0.0009295250971776238,0.0,0.000582943325487901
"Wu, Guan",0.0009295250971776238,0.0,0.000582943325487901
"Li, Qingwen",0.0009295250971776238,0.0,0.000582943325487901
"Zhang, Qichong",0.0009295250971776238,0.0,0.000582943325487901
"Ho, Po-Hsun",0.0006760182524928173,0.0,1.1873375919844751e-20
"Li, Min-Ken",0.0006760182524928173,0.0,1.1873375919844751e-20
"Sankar, Raman",0.0006760182524928173,0.0,1.1873375919844751e-20
"Shih, Fu-Yu",0.0006760182524928173,0.0,1.1873375919844751e-20
"Li, Shao-Sian",0.0006760182524928173,0.0,1.1873375919844751e-20
"Chang, Yih-Ren",0.0006760182524928173,0.0,1.1873375919844751e-20
"Wang, Wei-Hua",0.0006760182524928173,0.0,1.1873375919844751e-20
"Chou, Fang-Cheng",0.0006760182524928173,0.0,1.1873375919844751e-20
"Chen, Chun-Wei",0.0006760182524928173,0.0,1.1873375919844751e-20
"Fan, Yumeng",0.00042251140780801076,0.0,1.4712210980287618e-05
"Xie, Xi",0.0010985296603008281,0.0,0.00015429773095369426
"Xu, Wenkang",0.0010985296603008281,0.0,0.00015429773095369426
"Wei, Ping",0.0010985296603008281,0.0,0.00015429773095369426
"Jia, Jianbo",0.0010985296603008281,0.0,0.00015429773095369426
"Zhang, Kun",0.0017745479127936454,0.000664235624784926,0.00021445830029170982
"Cao, Yonghai",0.0010985296603008281,0.0,0.00015429773095369426
"Wang, Hongjuan",0.0010985296603008281,0.0,0.00015429773095369426
"Yan, Xiqiang",0.0010985296603008281,0.0,0.00015429773095369426
"Thomas, Susmi Anna",0.00042251140780801076,0.0,3.7627205371483205e-29
"Patra, Abhinandan",0.00042251140780801076,0.0,3.7627205371483205e-29
"Al-Shehri, Badria M.",0.00042251140780801076,0.0,3.7627205371483205e-29
"Selvaraj, Manickam",0.00042251140780801076,0.0,3.7627205371483205e-29
"Aravind, Arun",0.00042251140780801076,0.0,3.7627205371483205e-29
"Rout, Chandra Sekhar",0.000507013689369613,0.0,3.890810451848348e-29
"Yashas, S. R.",0.00042251140780801076,0.0,2.793203157953156e-29
"Shivaraju, H. P.",0.00042251140780801076,0.0,2.793203157953156e-29
"Thinley, T.",0.00042251140780801076,0.0,2.793203157953156e-29
"Pushparaj, K. S.",0.00042251140780801076,0.0,2.793203157953156e-29
"Maleki, M.",0.00042251140780801076,0.0,2.793203157953156e-29
"Shahmoradi, B.",0.00042251140780801076,0.0,2.793203157953156e-29
"Guo, Xingkui",0.0005915159709312151,0.0,1.1371695341322117e-05
"Sun, Xiaolu",0.0005915159709312151,0.0,1.1371695341322117e-05
"Han, Chuang",0.0005915159709312151,0.0,1.1371695341322117e-05
"Bai, Yujiao",0.0005915159709312151,0.0,1.1371695341322117e-05
"Liu, Guanjun",0.0005915159709312151,0.0,1.1371695341322117e-05
"Liu, Wenbo",0.0005915159709312151,0.0,1.1371695341322117e-05
"Wang, Rongguo",0.0005915159709312151,0.0,1.1371695341322117e-05
"Jishi, Radi A. A.",0.0001690045631232043,0.0,4.961725533464465e-44
"Hammouri, Mahmoud",0.0001690045631232043,0.0,4.961725533464465e-44
"Appleton, Robert J. J.",0.0001690045631232043,0.0,4.961725533464465e-44
"Wojciechowski, Konrad",0.0008450228156160215,0.0,6.117584554628873e-16
"Abate, Antonio",0.0008450228156160215,0.0,6.117584554628873e-16
"Sadoughi, Golnaz",0.0008450228156160215,0.0,6.117584554628873e-16
"Sadhanala, Aditya",0.0008450228156160215,0.0,6.117584554628873e-16
"Kopidakis, Nikos",0.0008450228156160215,0.0,6.117584554628873e-16
"Rumbles, Garry",0.0008450228156160215,0.0,6.117584554628873e-16
"Li, Chang-Zhi",0.0008450228156160215,0.0,6.117584554628873e-16
"Friend, Richard H.",0.0008450228156160215,0.0,6.117584554628873e-16
"Jen, Alex K. -Y.",0.0008450228156160215,0.0,6.117584554628873e-16
"Lei, Ying",0.00042251140780801076,0.0,0.00011413842773180131
"Guo, Pengwen",0.00042251140780801076,0.0,0.00011413842773180131
"Jia, Mengmeng",0.00042251140780801076,0.0,0.00011413842773180131
"Zhai, Junyi",0.00042251140780801076,0.0,0.00011413842773180131
"Hu, Yiwei",0.00042251140780801076,0.0,0.0005460092918514404
"Devaraji, Perumal",0.0005915159709312151,0.0,0.00046484364385120927
"Gao, Ruchao",0.0005915159709312151,0.0,0.00046484364385120927
"Xiong, Liuying",0.0005915159709312151,0.0,0.00046484364385120927
"Jia, Xinjia",0.0005915159709312151,0.0,0.00046484364385120927
"Huang, Li",0.0005915159709312151,0.0,0.00046484364385120927
"Liu, Shanhu",0.0005915159709312151,0.0,0.00046484364385120927
"Ma, Shihang",0.0001690045631232043,0.0,4.961725533464465e-44
"Zhu, Wenchang",0.0001690045631232043,0.0,4.961725533464465e-44
"Feng, Hongbin",0.0001690045631232043,0.0,4.961725533464465e-44
"Wang, Heng",0.000507013689369613,0.0,1.8090850043941096e-06
"Camara, Alan G.",0.0007605205340544194,0.0,2.073438964253325e-18
"Sousa, Renato P.",0.0007605205340544194,0.0,2.073438964253325e-18
"Costa, Maria J. S.",0.0007605205340544194,0.0,2.073438964253325e-18
"Dantas, Erica J. M.",0.0007605205340544194,0.0,2.073438964253325e-18
"Frety, Roger",0.0007605205340544194,0.0,2.073438964253325e-18
"Luz Jr, Geraldo E.",0.0007605205340544194,0.0,2.073438964253325e-18
"Barbosa, Celmy M. B. M.",0.0007605205340544194,0.0,2.073438964253325e-18
"Almeida, Luciano C.",0.0007605205340544194,0.0,2.073438964253325e-18
"Arias, Santiago",0.0007605205340544194,0.0,2.073438964253325e-18
"Pacheco, Jose Geraldo A.",0.0007605205340544194,0.0,2.073438964253325e-18
"Wu, Shaolong",0.0003380091262464086,0.0,5.338263728616057e-07
"Yan, Jimu",0.0003380091262464086,0.0,5.338263728616057e-07
"Zhai, Xiongfei",0.0003380091262464086,0.0,5.338263728616057e-07
"Li, Xiaofeng",0.0003380091262464086,0.0,5.338263728616057e-07
"Li, Zhi-Rong",0.0009295250971776238,0.0,0.0005562443103927177
"Sun, Jing-Yi",0.0009295250971776238,0.0,0.0005562443103927177
"Hu, Zhi-Yi",0.0009295250971776238,0.0,0.0005562443103927177
"Li, Wan-Ying",0.0009295250971776238,0.0,0.0005562443103927177
"Shen, Ting-Ting",0.0009295250971776238,0.0,0.0005562443103927177
"Wei, Mei-Tong",0.0009295250971776238,0.0,0.0005562443103927177
"Yin, Zhi-Wen",0.0009295250971776238,0.0,0.0005562443103927177
"Wu, Si-Ming",0.0009295250971776238,0.0,0.0005562443103927177
"Su, Bao-Lian",0.0009295250971776238,0.0,0.0005562443103927177
"Omar, Asmaa M. A.",0.00042251140780801076,0.0,2.793203157953156e-29
"Hassen, Arafa",0.00042251140780801076,0.0,2.793203157953156e-29
"Metwalli, Ossama, I",0.00042251140780801076,0.0,2.793203157953156e-29
"Saber, Mohamed R.",0.00042251140780801076,0.0,2.793203157953156e-29
"Mohamed, Sayed R. E.",0.00042251140780801076,0.0,2.793203157953156e-29
"Khalil, Ahmed S. G.",0.00042251140780801076,0.0,2.793203157953156e-29
"Chen, Chang Pang",0.0009295250971776238,0.0,1.1842487324509384e-05
"Ong, Bin Leong",0.0009295250971776238,0.0,1.1842487324509384e-05
"Ong, Sheau Wei",0.0009295250971776238,0.0,1.1842487324509384e-05
"Ong, Weijie",0.0009295250971776238,0.0,1.1842487324509384e-05
"Tan, Hui Ru",0.0009295250971776238,0.0,1.1842487324509384e-05
"Chai, Jian Wei",0.0009295250971776238,0.0,1.1842487324509384e-05
"Zhang, Zheng",0.0014365387865472366,0.000529874080960027,0.00012753190593818957
"Wang, Shi Jie",0.0009295250971776238,0.0,1.1842487324509384e-05
"Pan, Ji Sheng",0.0009295250971776238,0.0,1.1842487324509384e-05
"Harrison, Leslie John",0.0009295250971776238,0.0,1.1842487324509384e-05
"Kang, Hway Chuan",0.0009295250971776238,0.0,1.1842487324509384e-05
"Tok, Eng Soon",0.0009295250971776238,0.0,1.1842487324509384e-05
"Zhi, Zhonglin",0.0006760182524928173,0.0,4.844749037565266e-05
"Wang, Jiaheng",0.0006760182524928173,0.0,4.844749037565266e-05
"Fang, Anchun",0.0006760182524928173,0.0,4.844749037565266e-05
"Wang, Qingwei",0.0006760182524928173,0.0,4.844749037565266e-05
"Cao, Yulong",0.0006760182524928173,0.0,4.844749037565266e-05
"Gong, Jiaxu",0.0006760182524928173,0.0,4.844749037565266e-05
"Dai, Yatang",0.0006760182524928173,0.0,4.844749037565266e-05
"Ciesler, Matthew",0.0001690045631232043,0.0,4.961725533464465e-44
"West, Damien",0.0001690045631232043,0.0,4.961725533464465e-44
"Zhang, Shengbai",0.0001690045631232043,0.0,4.961725533464465e-44
"Choi, Sung Kyu",0.0005915159709312151,0.0,3.2943446044244037e-13
"Song, Bokyung",0.0005915159709312151,0.0,3.2943446044244037e-13
"Choi, Jina",0.0005915159709312151,0.0,3.2943446044244037e-13
"Han, Dong Suk",0.0005915159709312151,0.0,3.2943446044244037e-13
"Park, Hyunwoong",0.0007605205340544194,1.6901884560128454e-06,3.488542537107339e-13
"Mandal, Nabarun",0.0007605205340544194,0.0,0.0009130114540419143
"Pramanik, Ashim",0.0007605205340544194,0.0,0.0009130114540419143
"Dey, Arindam",0.0007605205340544194,0.0,0.0009130114540419143
"Kumbhakar, Pathik",0.0007605205340544194,0.0,0.0009130114540419143
"Kochat, Vidya",0.0007605205340544194,0.0,0.0009130114540419143
"Singh, Abhay Raj",0.0007605205340544194,0.0,0.0009130114540419143
"Glavin, Nicholas",0.0007605205340544194,0.0,0.0009130114540419143
"Roy, Ajit K.",0.0007605205340544194,0.0,0.0009130114540419143
"Ajayan, P. M.",0.0007605205340544194,0.0,0.0009130114540419143
"Zhang, Baoan",0.00042251140780801076,0.0,1.9857220546151387e-06
"Shang, Xiaonan",0.00042251140780801076,0.0,1.9857220546151387e-06
"Jiang, Zhongqing",0.00042251140780801076,0.0,1.9857220546151387e-06
"Maiyalagan, Thandavarayan",0.00042251140780801076,0.0,1.9857220546151387e-06
"Jiang, Zhong-Jie",0.00042251140780801076,0.0,1.9857220546151387e-06
"Yu, Chang-Bin",0.00042251140780801076,0.0,1.017740059387303e-05
"He, Lin",0.00042251140780801076,0.0,1.017740059387303e-05
"Huang, Wei-Ya",0.00042251140780801076,0.0,1.017740059387303e-05
"Li, Dan",0.0010985296603008281,0.002424311465591041,1.0815204561303888e-05
"Wi, Dae Han",0.00042251140780801076,0.0,2.793203157953156e-29
"Park, Se Young",0.00042251140780801076,0.0,2.793203157953156e-29
"Lee, Seunghoon",0.00042251140780801076,0.0,2.793203157953156e-29
"Sung, Jiha",0.00042251140780801076,0.0,2.793203157953156e-29
"Hong, Jong Wook",0.00042251140780801076,0.0,2.793203157953156e-29
"Han, Sang Woo",0.00042251140780801076,0.0,2.793203157953156e-29
"Dankawu, U. M.",0.00042251140780801076,0.0,6.721210467995059e-19
"Suleiman, Abdussalam Balarabe",0.00042251140780801076,0.0,6.721210467995059e-19
"Wang, Anxiang",0.00042251140780801076,0.0,0.0008678607660986584
"Ganesha, Mukhesh K.",0.000507013689369613,0.0,1.8626916967671235e-22
"Singh, Ashutosh K.",0.000507013689369613,0.0,1.8626916967671235e-22
"Bhaladhare, Sachin",0.000507013689369613,0.0,1.8626916967671235e-22
"Wang, Luqi",0.0006760182524928173,0.0,0.010052520249843664
"Hu, Tianyu",0.0006760182524928173,0.0,0.010052520249843664
"Zhao, Xiaodan",0.0006760182524928173,0.0,0.010052520249843664
"Jie, Chengxiang",0.0006760182524928173,0.0,0.010052520249843664
"Cao, Zikang",0.0006760182524928173,0.0,0.010052520249843664
"Chen, Sitian",0.0006760182524928173,0.0,0.010052520249843664
"Cheng, Sitian",0.0006760182524928173,0.0,0.010052520249843664
"Zhang, Wenzhi",0.0006760182524928173,0.0,0.010052520249843664
"Lee, Jong-Hoon",0.0002535068446848065,0.0,6.570990368930812e-38
"Mun, Seong-Jun",0.0002535068446848065,0.0,6.570990368930812e-38
"Lee, Seul-Yi",0.0002535068446848065,0.0,6.570990368930812e-38
"Park, Soo-Jin",0.0002535068446848065,0.0,6.570990368930812e-38
"Bajpai, Anshumaan",0.0005915159709312151,0.0,1.6164446301300619e-21
"Sharac, Nicholas",0.0005915159709312151,0.0,1.6164446301300619e-21
"Ragan, Regina",0.0005915159709312151,0.0,1.6164446301300619e-21
"Sivakumar, Sri",0.0005915159709312151,0.0,1.6164446301300619e-21
"Hou, Ming",0.00042251140780801076,0.0,5.717511386483853e-06
"Gao, Jiyun",0.00042251140780801076,0.0,5.717511386483853e-06
"Guo, Shenghui",0.00042251140780801076,0.0,5.717511386483853e-06
"Hu, Tu",0.00042251140780801076,0.0,5.717511386483853e-06
"Li, Yongxiang",0.00042251140780801076,0.0,5.717511386483853e-06
"Rao, Huichao",0.00042251140780801076,0.0,0.0008314482802991748
"Chen, Yikun",0.00042251140780801076,0.0,0.0008314482802991748
"Wang, Boyang",0.00042251140780801076,0.0,0.0008314482802991748
"Pei, Ruifeng",0.00042251140780801076,0.0,0.0008314482802991748
"Liu, Huanmin",0.0003380091262464086,0.0,1.084722654609173e-06
"Wu, Chao",0.0006760182524928173,0.00021327278376580145,1.690896191019362e-06
"Zeng, Ting",0.000507013689369613,0.0,0.000165759117879414
"Wan, Qijin",0.000507013689369613,0.0,0.000165759117879414
"Yang, Nianjun",0.0007605205340544194,0.0013792780521000906,0.0002122058719627643
"Min, YuLin",0.0002535068446848065,0.0,6.570990368930812e-38
"He, GuangQiang",0.0002535068446848065,0.0,6.570990368930812e-38
"Xu, QunJie",0.0002535068446848065,0.0,6.570990368930812e-38
"Chen, YouCun",0.0002535068446848065,0.0,6.570990368930812e-38
"Al-Kandari, H.",0.00042251140780801076,0.0,2.9882125180635246e-21
"Abdullah, A. M.",0.00042251140780801076,0.0,2.9882125180635246e-21
"Al-Kandari, S.",0.00042251140780801076,0.0,2.9882125180635246e-21
"AlQaradawi, Siham Y.",0.00042251140780801076,0.0,2.9882125180635246e-21
"Mohamed, A. M.",0.00042251140780801076,0.0,2.9882125180635246e-21
"Wu, Fengying",0.0007605205340544194,0.0,2.073438964253325e-18
"Li, Hu",0.0007605205340544194,0.0,2.073438964253325e-18
"Yao, Liquan",0.0007605205340544194,0.0,2.073438964253325e-18
"Lin, Wenwei",0.0007605205340544194,0.0,2.073438964253325e-18
"Lin, Limei",0.0007605205340544194,0.0,2.073438964253325e-18
"Chen, Wenjuan",0.0007605205340544194,0.0,2.073438964253325e-18
"Wei, Dong",0.0007605205340544194,0.0,2.073438964253325e-18
"Liu, Shenglong",0.0007605205340544194,0.0,2.073438964253325e-18
"Chen, Shuiyuan",0.0007605205340544194,0.0,2.073438964253325e-18
"Chen, Guilin",0.0007605205340544194,0.0,2.073438964253325e-18
"Huo, Zhaohui",0.0008450228156160215,0.0,2.1694146495952307e-05
"Liao, Yanmin",0.0008450228156160215,0.0,2.1694146495952307e-05
"He, Yongyi",0.0008450228156160215,0.0,2.1694146495952307e-05
"Zhang, Yifan",0.0008450228156160215,0.0,2.1694146495952307e-05
"Liao, Xiaolin",0.0008450228156160215,0.0,2.1694146495952307e-05
"Zhang, Qitong",0.0008450228156160215,0.0,2.1694146495952307e-05
"Wu, Haojie",0.0008450228156160215,0.0,2.1694146495952307e-05
"Wen, Genglong",0.0008450228156160215,0.0,2.1694146495952307e-05
"Su, Haixia",0.0008450228156160215,0.0,2.1694146495952307e-05
"Yao, Suyang",0.0008450228156160215,0.0,2.1694146495952307e-05
"Almomani, Fares",0.0002535068446848065,0.0,6.570990368930812e-38
"Al-Rababah, Amani",0.0002535068446848065,0.0,6.570990368930812e-38
"Tawalbeh, Muhammad",0.0002535068446848065,0.0,6.570990368930812e-38
"Al-Othman, Amani",0.0002535068446848065,0.0,6.570990368930812e-38
"Yin, Guilin",0.0001690045631232043,0.0,4.961725533464465e-44
"Shen, Hui",0.0001690045631232043,0.0,4.961725533464465e-44
"Gong, Xiu",0.0001690045631232043,0.0,4.961725533464465e-44
"Samal, Pankaj K.",0.00042251140780801076,0.0,5.167771306496131e-19
"Gouda, Somesh K.",0.00042251140780801076,0.0,5.167771306496131e-19
"Nayebi, Milad",0.0005915159709312151,0.0,3.699138722121488e-23
"Faraji, Amir",0.0005915159709312151,0.0,3.699138722121488e-23
"Bahadoran, Ashkan",0.0005915159709312151,0.0,3.699138722121488e-23
"Othman, Zhian Jamal",0.0005915159709312151,0.0,3.699138722121488e-23
"Arghavani, Soheila",0.0005915159709312151,0.0,3.699138722121488e-23
"Kargar, Pouya Ghamari",0.0005915159709312151,0.0,3.699138722121488e-23
"Sajjadinezhad, Seyed Mehrzad",0.0005915159709312151,0.0,3.699138722121488e-23
"Varma, Rajender S.",0.0005915159709312151,0.0,3.699138722121488e-23
"Lu, Luhua",0.0007605205340544194,0.0,0.0006741554044311478
"Lv, Zaozao",0.0007605205340544194,0.0,0.0006741554044311478
"Jin, Hongyun",0.0007605205340544194,0.0,0.0006741554044311478
"Hou, Shuen",0.0007605205340544194,0.0,0.0006741554044311478
"Qiu, Lixin",0.0007605205340544194,0.0,0.0006741554044311478
"Duan, Limei",0.0007605205340544194,0.0,0.0006741554044311478
"Liu, Jinghai",0.0007605205340544194,0.0,0.0006741554044311478
"Wang, Zhen",0.0006760182524928173,0.0,1.9540641847450015e-05
"Xu, Jianghua",0.0006760182524928173,0.0,1.9540641847450015e-05
"Kong, Lina",0.0006760182524928173,0.0,1.9540641847450015e-05
"Gupta, Nisha",0.0002535068446848065,0.0,1.7169445063367104e-33
"Samajdar, Soumita",0.0002535068446848065,0.0,1.7169445063367104e-33
"Bhattacharya, Pallab",0.000507013689369613,0.0,2.5113944036949784e-33
"Yuan, Baohe",0.000507013689369613,0.0,0.00018510515719934376
"Ren, Peiling",0.000507013689369613,0.0,0.00018510515719934376
"Choi, Junghoon",0.000507013689369613,0.0,5.327153564675236e-26
"Kim, Yong-Jae",0.000507013689369613,0.0,5.327153564675236e-26
"Cho, Soo-Yeon",0.000507013689369613,0.0,5.327153564675236e-26
"Park, Kangho",0.000507013689369613,0.0,5.327153564675236e-26
"Kang, Hohyung",0.000507013689369613,0.0,5.327153564675236e-26
"Kim, Seon Joon",0.000507013689369613,0.0,5.327153564675236e-26
"Jung, Hee-Tae",0.000507013689369613,0.0,5.327153564675236e-26
"Wan, Xue-Qing",0.0002535068446848065,0.0,6.570990368930812e-38
"Yang, Chuan-Lu",0.0002535068446848065,0.0,6.570990368930812e-38
"Wang, Mei-Shan",0.0002535068446848065,0.0,6.570990368930812e-38
"Ma, Xiao-Guang",0.0002535068446848065,0.0,6.570990368930812e-38
"Thaha, S. K. Sheik Moideen",8.450228156160216e-05,0.0,1.1672423683483423e-52
"Sathishkumar, Panneerselvam",8.450228156160216e-05,0.0,1.1672423683483423e-52
"Wang, Kang",0.0003380091262464086,0.0,6.765932599444255e-05
"Lou, Zheng",0.0003380091262464086,0.0,6.765932599444255e-05
"Wang, Meng",0.0005915159709312151,0.0,0.009492466923057498
"Lu, Shangjia",0.0005915159709312151,0.0,0.009492466923057498
"Chen, Yong",0.0005915159709312151,0.0,0.009492466923057498
"Zhao, Pei",0.0005915159709312151,0.0,0.009492466923057498
"Zhu, Guisheng",0.0005915159709312151,0.0,0.009492466923057498
"Huang, Yan",0.0005915159709312151,0.0,0.009492466923057498
"Zhao, Zhihua",0.0003380091262464086,0.0,5.458339381611309e-05
"Lv, Zhenli",0.0003380091262464086,0.0,5.458339381611309e-05
"Zhou, Baocang",0.0003380091262464086,0.0,5.458339381611309e-05
"Shao, Zhigang",0.0003380091262464086,0.0,5.458339381611309e-05
"Xi, Yamin",0.0005915159709312151,0.0,3.699138722121488e-23
"Zhang, Xingwei",0.0005915159709312151,0.0,3.699138722121488e-23
"Shen, Yue",0.0005915159709312151,0.0,3.699138722121488e-23
"Dong, Wenrou",0.0005915159709312151,0.0,3.699138722121488e-23
"Fan, Zhixin",0.0005915159709312151,0.0,3.699138722121488e-23
"Wang, Kefeng",0.0005915159709312151,0.0,3.699138722121488e-23
"Zhong, Shuxian",0.0005915159709312151,0.0,3.699138722121488e-23
"Bai, Song",0.0005915159709312151,0.0,3.699138722121488e-23
"Zha, Juxing",0.0012675342234240324,0.0,3.9477003806493744e-05
"Zheng, Duyu",0.0012675342234240324,0.0,3.9477003806493744e-05
"Wang, Yuanshuang",0.0012675342234240324,0.0,3.9477003806493744e-05
"Xie, Zelin",0.0012675342234240324,0.0,3.9477003806493744e-05
"Qi, Jiqiu",0.0012675342234240324,0.0,3.9477003806493744e-05
"Wei, Fuxiang",0.0012675342234240324,0.0,3.9477003806493744e-05
"Meng, Qingkun",0.0012675342234240324,0.0,3.9477003806493744e-05
"Xue, Xiaolan",0.0012675342234240324,0.0,3.9477003806493744e-05
"Zhao, Danyang",0.0012675342234240324,0.0,3.9477003806493744e-05
"Li, Yongzhi",0.0012675342234240324,0.0,3.9477003806493744e-05
"Yin, Qing",0.0012675342234240324,0.0,3.9477003806493744e-05
"Jiang, Changrui",0.0012675342234240324,0.0,3.9477003806493744e-05
"Zeng, Qihang",0.0012675342234240324,0.0,3.9477003806493744e-05
"Xiao, Bin",0.0012675342234240324,0.0,3.9477003806493744e-05
"Sutar, Sanjay D.",0.0003380091262464086,0.0,3.683167485230363e-33
"Patil, Indrajit",0.0003380091262464086,0.0,3.683167485230363e-33
"Parse, Haridas",0.0003380091262464086,0.0,3.683167485230363e-33
"Mukherjee, Prateekshita",0.0003380091262464086,0.0,3.683167485230363e-33
"Swami, Anita",0.0003380091262464086,0.0,3.683167485230363e-33
"Wang, Xixi",0.000507013689369613,0.0,9.835257062125397e-05
"Fu, Wenlong",0.000507013689369613,0.0,9.835257062125397e-05
"Lu, Youjun",0.000507013689369613,0.0,9.835257062125397e-05
"Li, Naixu",0.0008450228156160215,0.0002638923823411165,0.00011517150086895474
"Lv, Guoliang",0.000507013689369613,0.0,0.0001215453785563524
"Chen, Jintao",0.000507013689369613,0.0,0.0001215453785563524
"Luo, Yuanyuan",0.000507013689369613,0.0,0.0001215453785563524
"Duan, Guotao",0.0007605205340544194,0.00034517717538127304,0.0001319945449157133
"Guo, Junyi",0.0008450228156160215,0.0,2.032365189006693e-05
"Sun, Zehao",0.0008450228156160215,0.0,2.032365189006693e-05
"Luo, Qi",0.0008450228156160215,0.0,2.032365189006693e-05
"Meng, Xiaohua",0.0008450228156160215,0.0,2.032365189006693e-05
"Fan, Xinyi",0.0008450228156160215,0.0,2.032365189006693e-05
"Zhou, Yali",0.0008450228156160215,0.0,2.032365189006693e-05
"Fan, Nana",0.0008450228156160215,0.0,2.032365189006693e-05
"He, Yexuan",0.0008450228156160215,0.0,2.032365189006693e-05
"Li, Xiaobo",0.0008450228156160215,0.0,2.032365189006693e-05
"Yang, Heqing",0.0008450228156160215,0.0,2.032365189006693e-05
"Qi, Shao-Jin",0.0008450228156160215,0.0,5.4450824207885016e-05
"Sun, Xuan",0.0008450228156160215,0.0,5.4450824207885016e-05
"Zhang, Hong-Rui",0.0008450228156160215,0.0,5.4450824207885016e-05
"Zhang, Jin-E",0.0008450228156160215,0.0,5.4450824207885016e-05
"Huang, Hai-Lin",0.0008450228156160215,0.0,5.4450824207885016e-05
"Han, Fu-Rong",0.0008450228156160215,0.0,5.4450824207885016e-05
"Song, Jing-Hua",0.0008450228156160215,0.0,5.4450824207885016e-05
"Shen, Bao-Gen",0.0008450228156160215,0.0,5.4450824207885016e-05
"Chen, Yuan-Sha",0.0008450228156160215,0.0,5.4450824207885016e-05
"Tan, Qiuyan",0.000507013689369613,0.0,4.835835691409611e-06
"Li, Kaining",0.000507013689369613,0.0,4.835835691409611e-06
"Ding, Yaobin",0.000507013689369613,0.0,4.835835691409611e-06
"Xu, Zhihua",0.000507013689369613,0.0,4.835835691409611e-06
"Yu, Huimin",8.450228156160216e-05,0.0,1.1672423683483423e-52
"Liu, Tongyu",8.450228156160216e-05,0.0,1.1672423683483423e-52
"Yang, Shichao",0.000507013689369613,0.0,2.1798053932104436e-11
"Yang, Guizeng",0.000507013689369613,0.0,2.1798053932104436e-11
"Xu, Yuanjie",0.000507013689369613,0.0,2.1798053932104436e-11
"Huang, Huihan",0.000507013689369613,0.0,2.1798053932104436e-11
"Liu, Junshao",0.000507013689369613,0.0,2.1798053932104436e-11
"Pan, Haibo",0.000507013689369613,0.0,2.1798053932104436e-11
"Yu, Renwen",0.0014365387865472366,0.0,5.8424205417947146e-05
"Qu, Yunpeng",0.0014365387865472366,0.0,5.8424205417947146e-05
"Sun, Jianzhe",0.0014365387865472366,0.0,5.8424205417947146e-05
"Xue, Mengfei",0.0014365387865472366,0.0,5.8424205417947146e-05
"Hu, Debo",0.0014365387865472366,0.0,5.8424205417947146e-05
"Wu, Bin",0.0014365387865472366,0.0,5.8424205417947146e-05
"Li, Chi",0.0014365387865472366,0.0,5.8424205417947146e-05
"Chen, Jianing",0.0014365387865472366,0.0,5.8424205417947146e-05
"Liu, Mengkun",0.0014365387865472366,0.0,5.8424205417947146e-05
"Sun, Zhipei",0.0014365387865472366,0.0,5.8424205417947146e-05
"Liu, Yunqi",0.0014365387865472366,0.0,5.8424205417947146e-05
"Fan, Shanhui",0.0014365387865472366,0.0,5.8424205417947146e-05
"de Abajo, F. Javier Garcia",0.0014365387865472366,0.0,5.8424205417947146e-05
"Dai, Qing",0.0014365387865472366,0.0,5.8424205417947146e-05
"Bharathkumar, S.",0.0003380091262464086,0.0,3.1521739504189618e-27
"Sakar, M.",0.0003380091262464086,0.0,3.1521739504189618e-27
"Balakumar, S.",0.0003380091262464086,0.0,3.1521739504189618e-27
"Zhao, Xiaona",0.0005915159709312151,0.0,0.000375986462604422
"Wu, Pei",0.0005915159709312151,0.0,0.000375986462604422
"Qian, Zhouhai",0.00042251140780801076,0.0,0.0003429317415518777
"Kavadiya, Shalinee",0.00042251140780801076,0.0,5.243004574348161e-28
"Chadha, Tandeep S.",0.00042251140780801076,0.0,5.243004574348161e-28
"Liu, Haijun",0.00042251140780801076,0.0,5.243004574348161e-28
"Shah, Vivek B.",0.00042251140780801076,0.0,5.243004574348161e-28
"Blankenship, Robert E.",0.00042251140780801076,0.0,5.243004574348161e-28
"Krumpolec, Richard",0.0008450228156160215,0.0,2.6499658365162777e-09
"Rodriguez-Pereira, Jhonatan",0.0010985296603008281,0.0,2.853114386391311e-09
"Michalicka, Jan",0.0008450228156160215,0.0,2.6499658365162777e-09
"Mistrik, Jan",0.0008450228156160215,0.0,2.6499658365162777e-09
"Baca, Dominik",0.0008450228156160215,0.0,2.6499658365162777e-09
"Motola, Martin",0.0008450228156160215,0.0,2.6499658365162777e-09
"Lu, Shunda",0.0002535068446848065,0.0,3.270659811129525e-05
"Youn, Sung-Min",0.00042251140780801076,0.0,2.319779851344098e-14
"Kim, Youngkuk",0.00042251140780801076,0.0,2.319779851344098e-14
"Lee, Kibum",0.00042251140780801076,0.0,2.319779851344098e-14
"Cho, Won Seok",0.00042251140780801076,0.0,2.0983951559927525e-07
"Cho, Jin Hyuk",0.00042251140780801076,0.0,2.0983951559927525e-07
"Park, Jae Yong",0.00042251140780801076,0.0,2.0983951559927525e-07
"Dong, Wan Jae",0.00042251140780801076,0.0,2.0983951559927525e-07
"Lee, Jong-Lam",0.00042251140780801076,0.0,2.0983951559927525e-07
"Kim, Sarang",0.000507013689369613,0.0,3.554950955399391e-13
"Periyasamy, Anushkkaran",0.000507013689369613,0.0,3.554950955399391e-13
"Kokulnathan, Thangavelu",0.0002535068446848065,0.0,6.570990368930812e-38
"Vishnuraj, Ramakrishnan",0.0002535068446848065,0.0,6.570990368930812e-38
"Wang, Tzyy-Jiann",0.0002535068446848065,0.0,6.570990368930812e-38
"Pullithadathil, Biji",0.0002535068446848065,0.0,6.570990368930812e-38
"Wu, Jiaojiao",0.0006760182524928173,0.0,2.2015406844760984e-06
"Lu, Yanting",0.0005915159709312151,0.0,2.1136077945881188e-06
"Zhao, Zhijie",0.0005915159709312151,0.0,2.1136077945881188e-06
"Zhang, Hechuan",0.0005915159709312151,0.0,2.1136077945881188e-06
"Li, Xitao",0.0006760182524928173,0.0,2.2015406844760984e-06
"Zheng, Yan-Zhen",0.0006760182524928173,0.0,2.2015406844760984e-06
"Tao, Xia",0.0006760182524928173,0.0,2.2015406844760984e-06
"Zhang, Qingzhe",0.0006760182524928173,0.00020983443907078027,5.662496702645186e-05
"Zhou, Shuai",0.000507013689369613,0.0,1.876947294251223e-05
"Bao, Nan",0.000507013689369613,0.0,1.876947294251223e-05
"Xu, Zhenhe",0.000507013689369613,0.0,1.876947294251223e-05
"Ma, Dongling",0.0006760182524928173,0.00020983443907078027,5.662496702645186e-05
"Dai, Jianan",0.0003380091262464086,0.0,6.844894974019164e-07
"Ma, Jing",0.0003380091262464086,0.0,6.844894974019164e-07
"Chang, Shu-Hao",0.0003380091262464086,0.0,6.844894974019164e-07
"Quan, Quan",0.0003380091262464086,0.0,3.461472344619484e-05
"Huang, Ming-Hui",0.0005915159709312151,0.0,1.6839177550884563e-06
"Li, Yu-Bing",0.0005915159709312151,0.0,1.6839177550884563e-06
"Zhang, Bei-Bei",0.0005915159709312151,0.0,1.6839177550884563e-06
"He, Yunhui",0.0005915159709312151,0.0,1.6839177550884563e-06
"Xiao, Guangcan",0.0005915159709312151,0.0,1.6839177550884563e-06
"Girish, Yarabhally R.",0.0001690045631232043,0.0,4.961725533464465e-44
"Biswas, Rohin",0.0001690045631232043,0.0,4.961725533464465e-44
"De, Mrinmoy",0.0001690045631232043,0.0,4.961725533464465e-44
"Men, Qiuyue",0.0006760182524928173,0.0,0.00023365710409523405
"Liu, Zhi",0.0006760182524928173,0.0,0.00023365710409523405
"Li, Chunxiang",0.0006760182524928173,0.0,0.00023365710409523405
"Lu, Mengfei",0.0005915159709312151,0.0,3.631838752526905e-05
"Wang, Wenliang",0.0005915159709312151,0.0,3.631838752526905e-05
"Zhao, Wenli",0.0005915159709312151,0.0,3.631838752526905e-05
"Li, Qiaoqiao",0.0005915159709312151,0.0,3.631838752526905e-05
"Du, Chenxu",0.0005915159709312151,0.0,3.631838752526905e-05
"Xu, Jianwen",0.0005915159709312151,0.0,3.631838752526905e-05
"Shi, Haifeng",0.0005915159709312151,0.0,3.631838752526905e-05
"Dong, Lingling",0.0002535068446848065,0.0,6.570990368930812e-38
"Jiang, Wen",0.0002535068446848065,0.0,6.570990368930812e-38
"Pan, Kefeng",0.0002535068446848065,0.0,6.570990368930812e-38
"Zhang, Lipeng",0.0002535068446848065,0.0,6.570990368930812e-38
"Yu, Ningbo",0.0007605205340544194,0.0,2.073438964253325e-18
"Ke, Heng",0.0007605205340544194,0.0,2.073438964253325e-18
"Yu, Hongliang",0.0007605205340544194,0.0,2.073438964253325e-18
"Wu, Xuan",0.0007605205340544194,0.0,2.073438964253325e-18
"Li, Shuaichen",0.0007605205340544194,0.0,2.073438964253325e-18
"Chen, Guopeng",0.0007605205340544194,0.0,2.073438964253325e-18
"Wang, Jianzhi",0.0007605205340544194,0.0,2.073438964253325e-18
"Cai, Ning",0.0007605205340544194,0.0,2.073438964253325e-18
"Xue, Yanan",0.0007605205340544194,0.0,2.073438964253325e-18
"Yu, Faquan",0.0007605205340544194,0.0,2.073438964253325e-18
"Liu, Yanfeng",0.0008450228156160215,0.0,2.2127524400699098e-16
"Tao, Quanzheng",0.0008450228156160215,0.0,2.2127524400699098e-16
"Jin, Yingzhi",0.0008450228156160215,0.0,2.2127524400699098e-16
"Liu, Xianjie",0.0008450228156160215,0.0,2.2127524400699098e-16
"Sun, Hengda",0.0008450228156160215,0.0,2.2127524400699098e-16
"El Ghazaly, Ahmed",0.0008450228156160215,0.0,2.2127524400699098e-16
"Fabiano, Simone",0.0008450228156160215,0.0,2.2127524400699098e-16
"Li, Zaifang",0.0008450228156160215,0.0,2.2127524400699098e-16
"Luo, Jie",0.0008450228156160215,0.0,2.2127524400699098e-16
"Rosen, Johanna",0.0008450228156160215,0.0,2.2127524400699098e-16
"Zhang, Fengling",0.0008450228156160215,0.0,2.2127524400699098e-16
"Palanisamy, Siva",0.0006760182524928173,0.0,1.1873375919844751e-20
"Gopalakrishnan, Mohan",0.0006760182524928173,0.0,1.1873375919844751e-20
"Ingavale, Sagar",0.0006760182524928173,0.0,1.1873375919844751e-20
"Etesami, Mohammad",0.0006760182524928173,0.0,1.1873375919844751e-20
"Limphirat, Wanwisa",0.0006760182524928173,0.0,1.1873375919844751e-20
"Liu, Wei-Ren",0.0006760182524928173,0.0,1.1873375919844751e-20
"Tipplook, Mongkol",0.0006760182524928173,0.0,1.1873375919844751e-20
"Teshima, Katsuya",0.0006760182524928173,0.0,1.1873375919844751e-20
"Kheawhom, Soorathep",0.0006760182524928173,0.0,1.1873375919844751e-20
"Wang, Jiachen",0.0006760182524928173,0.0,9.147868937522254e-05
"Zhu, Hong",0.0006760182524928173,0.0,9.147868937522254e-05
"Zhou, Tingsheng",0.0006760182524928173,0.0,9.147868937522254e-05
"Li, Qiong",0.0010985296603008281,0.0,0.00015334555091900344
"Sun, Shujuan",0.0010985296603008281,0.0,0.00015334555091900344
"Ge, Kai",0.0010985296603008281,0.0,0.00015334555091900344
"Zhang, Zhiheng",0.0010985296603008281,0.0,0.00015334555091900344
"Cao, Jiayu",0.0010985296603008281,0.0,0.00015334555091900344
"Lu, Jie",0.0010985296603008281,0.0,0.00015334555091900344
"Pan, Mingwang",0.0010985296603008281,0.0,0.00015334555091900344
"Lin, Zhiqun",0.0010985296603008281,0.0,0.00015334555091900344
"Zou, Shuang",0.0003380091262464086,0.0,3.7534408546748224e-06
"Wang, Tianye",0.0003380091262464086,0.0,3.7534408546748224e-06
"Shi, Yuxi",0.0003380091262464086,0.0,3.7534408546748224e-06
"Aissa, Mohamed Ali Ben",0.00042251140780801076,0.0,4.84421367130563e-25
"Taha, Kamal",0.00042251140780801076,0.0,4.84421367130563e-25
"Elamin, Nuha",0.00042251140780801076,0.0,4.84421367130563e-25
"AbuMousa, Rasha A.",0.00042251140780801076,0.0,4.84421367130563e-25
"Bououdina, Mohamed",0.00042251140780801076,0.0,4.84421367130563e-25
"Yin, Yuan",0.0003380091262464086,0.0,2.2095059725712353e-05
"Peng, Ruoxuan",0.0003380091262464086,0.0,2.2095059725712353e-05
"Zhou, Jiancheng",0.0003380091262464086,0.0,2.2095059725712353e-05
"Wu, Xiaoyong",0.0002535068446848065,0.0,3.5356130674085487e-06
"Li, Kaiqi",0.0002535068446848065,0.0,3.5356130674085487e-06
"Kaswan, Jyoti",0.000507013689369613,0.0,5.500534497399763e-19
"Satpati, Biswarup",0.000507013689369613,0.0,5.500534497399763e-19
"Shukla, A. K.",0.000507013689369613,0.0,5.500534497399763e-19
"Gahtori, Bhasker",0.000507013689369613,0.0,5.500534497399763e-19
"Pulikkotil, J. J.",0.000507013689369613,0.0,5.500534497399763e-19
"Khan, Muhammad",0.0008450228156160215,0.0,0.0012111155129930417
"Hussain, Zahid",0.0008450228156160215,0.0,0.0012111155129930417
"Shah, Muhammad Ishaq Ali",0.0017745479127936454,0.00011529241930810907,0.0014829232789919707
"Ateeq, Muhammad",0.0017745479127936454,0.00011529241930810907,0.0014829232789919707
"Ali, Nauman",0.0008450228156160215,0.0,0.0012111155129930417
"Shaheen, Shabana",0.0008450228156160215,0.0,0.0012111155129930417
"Yasmeen, Humaira",0.0008450228156160215,0.0,0.0012111155129930417
"Ali Shah, Syed Niaz",0.0008450228156160215,0.0,0.0012111155129930417
"Dang, Alei",0.0008450228156160215,0.0,0.0012111155129930417
"Yang, Shaomin",0.0007605205340544194,0.0,0.00011202620019840664
"Liu, Weiduan",0.0007605205340544194,0.0,0.00011202620019840664
"Zhao, Wenjing",0.0007605205340544194,0.0,0.00011202620019840664
"Duan, Chenyang",0.0007605205340544194,0.0,0.00011202620019840664
"Che, Yuhang",0.0007605205340544194,0.0,0.00011202620019840664
"Gu, Haoshuang",0.0007605205340544194,0.0,0.00011202620019840664
"Li, Yuebin",0.0007605205340544194,0.0,0.00011202620019840664
"Srivastava, Abhishek",0.000507013689369613,0.0,5.327153564675236e-26
"Ito, Yuta",0.000507013689369613,0.0,5.327153564675236e-26
"Lee, Hyunju",0.000507013689369613,0.0,5.327153564675236e-26
"Ohshita, Yoshio",0.000507013689369613,0.0,5.327153564675236e-26
"Ogura, Atsushi",0.000507013689369613,0.0,5.327153564675236e-26
"Dhonde, Mahesh",0.000507013689369613,0.0,5.327153564675236e-26
"Shirage, Parasharam M.",0.000507013689369613,0.0,5.327153564675236e-26
"Karunakaran, Chockalingam",0.0001690045631232043,0.0,4.961725533464465e-44
"Singh, I. Jeba",0.0001690045631232043,0.0,4.961725533464465e-44
"Vinayagamoorthy, Pazhamalai",0.0001690045631232043,0.0,4.961725533464465e-44
"Jin, Mengqi",0.0009295250971776238,0.0,2.6073217521397784e-06
"Chen, Chong",0.0009295250971776238,0.0,2.6073217521397784e-06
"Naveed, Faisal",0.0009295250971776238,0.0,2.6073217521397784e-06
"Cheng, Liquan",0.0009295250971776238,0.0,2.6073217521397784e-06
"Lei, Longhui",0.0009295250971776238,0.0,2.6073217521397784e-06
"Dong, Yingying",0.0009295250971776238,0.0,2.6073217521397784e-06
"El Barghouti, Mohamed",0.0003380091262464086,0.0,3.683167485230363e-33
"Houari, Fatima",0.0003380091262464086,0.0,3.683167485230363e-33
"Talbi, Abdelkrim",0.0003380091262464086,0.0,3.683167485230363e-33
"Mir, Abdellah",0.0003380091262464086,0.0,3.683167485230363e-33
"Akjouj, Abdellatif",0.0003380091262464086,0.0,3.683167485230363e-33
"Garg, Mohit",8.450228156160216e-05,0.0,1.1672423683483423e-52
"Padmanabhan, Venkat",8.450228156160216e-05,0.0,1.1672423683483423e-52
"Huang, Tingting",0.0005915159709312151,0.0,4.564949586480268e-06
"Li, Yuhan",0.0005915159709312151,0.0,4.564949586480268e-06
"Wu, Xiaofeng",0.0005915159709312151,0.0,4.564949586480268e-06
"Du, Dongyun",0.0005915159709312151,0.0,4.564949586480268e-06
"Ye, Hengpeng",0.0005915159709312151,0.0,4.564949586480268e-06
"Kim, Ji-Hoon",0.0007605205340544194,0.0,1.8778271828506047e-21
"Shin, Seung Ah",0.0005915159709312151,0.0,1.6164446301300613e-21
"Park, Jong Baek",0.0005915159709312151,0.0,1.6164446301300613e-21
"Song, Chang Eun",0.0007605205340544194,0.0,1.8778271828506047e-21
"Shin, Won Suk",0.0007605205340544194,0.0,1.8778271828506047e-21
"Yang, Hoichang",0.0005915159709312151,0.0,1.6164446301300613e-21
"Li, Yongfang",0.0005915159709312151,0.0,1.6164446301300613e-21
"Hwang, Do-Hoon",0.0007605205340544194,0.0,1.8778271828506047e-21
"Cen, Qiaoqi",0.0003380091262464086,0.0,3.5415842448408358e-06
"Peng, Jiazhi",0.0003380091262464086,0.0,3.5415842448408358e-06
"Zeng, Xierong",0.0003380091262464086,0.0,3.5415842448408358e-06
"Huang, Chuanwei",0.0003380091262464086,0.0,3.5415842448408358e-06
"Muthuchamy, N.",0.0001690045631232043,0.0,4.961725533464465e-44
"Lee, K-P.",0.0001690045631232043,0.0,4.961725533464465e-44
"Gopalan, A-I",0.0001690045631232043,0.0,4.961725533464465e-44
"Ahmad, Irshad",0.0005915159709312151,0.0,3.699138722121488e-23
"Shukrullah, Shazia",0.0005915159709312151,0.0,3.699138722121488e-23
"Naz, Muhammad Yasin",0.0005915159709312151,0.0,3.699138722121488e-23
"Alsaif, Faisal Khalid",0.0005915159709312151,0.0,3.699138722121488e-23
"Alsulamy, Sager",0.0005915159709312151,0.0,3.699138722121488e-23
"Khan, Yasin",0.0005915159709312151,0.0,3.699138722121488e-23
"Khalid, N. R.",0.0005915159709312151,0.0,3.699138722121488e-23
"Khan, Waheed Qamar",0.0005915159709312151,0.0,3.699138722121488e-23
"Hakouk, Khadija",0.0008450228156160215,0.0,2.2127524400699098e-16
"Deniard, Philippe",0.0008450228156160215,0.0,2.2127524400699098e-16
"Lajaunie, Luc",0.0008450228156160215,0.0,2.2127524400699098e-16
"Guillot-Deudon, Catherine",0.0008450228156160215,0.0,2.2127524400699098e-16
"Harel, Sylvie",0.0008450228156160215,0.0,2.2127524400699098e-16
"Wang, Zeyan",0.0008450228156160215,0.0,2.2127524400699098e-16
"Huang, Baibiao",0.0008450228156160215,0.0,2.2127524400699098e-16
"Koo, Hyun-Joo",0.0008450228156160215,0.0,2.2127524400699098e-16
"Whangbo, Myung-Hwan",0.0008450228156160215,0.0,2.2127524400699098e-16
"Jobic, Stephane",0.0008450228156160215,0.0,2.2127524400699098e-16
"Dessapt, Remi",0.0008450228156160215,0.0,2.2127524400699098e-16
"Ummer, Aniz Chennampilly",0.0005915159709312151,0.0,1.396099233969057e-07
"Abba, Sani I.",0.0005915159709312151,0.0,1.396099233969057e-07
"Dhamodharan, Duraisami",0.0005915159709312151,0.0,1.396099233969057e-07
"Thabit, Hammam Abdurabu",0.0005915159709312151,0.0,1.396099233969057e-07
"Usman, Jamilu",0.0005915159709312151,0.0,1.396099233969057e-07
"Benaafi, Mohammed",0.0005915159709312151,0.0,1.396099233969057e-07
"Waqas, Muhammad",0.0005915159709312151,0.0,1.396099233969057e-07
"Liang, Manman",0.0006760182524928173,0.0,1.1873375919844751e-20
"Shang, Limin",0.0006760182524928173,0.0,1.1873375919844751e-20
"Yu, Yixin",0.0006760182524928173,0.0,1.1873375919844751e-20
"Jiang, Yujie",0.0006760182524928173,0.0,1.1873375919844751e-20
"Bai, Qiang",0.0006760182524928173,0.0,1.1873375919844751e-20
"Ma, Junchi",0.0006760182524928173,0.0,1.1873375919844751e-20
"Yang, Dongqin",0.0006760182524928173,0.0,1.1873375919844751e-20
"Sui, Ning",0.0006760182524928173,0.0,1.1873375919844751e-20
"Zhu, Zhiling",0.0006760182524928173,0.0,1.1873375919844751e-20
"Joseph, Merin",0.0003380091262464086,0.0,2.0417019525656356e-30
"Haridas, Suja",0.0003380091262464086,0.0,2.0417019525656356e-30
"Subrahmanyam, Challapalli",0.0003380091262464086,0.0,2.0417019525656356e-30
"Remello, Sebastian Nybin",0.0003380091262464086,0.0,2.0417019525656356e-30
"Varma, Pooja",8.450228156160216e-05,0.0,4.897002169912245e-08
"Szewczyk, Jakub",0.0008450228156160215,0.0,8.554450433493231e-07
"Iatsunskyi, Igor",0.0008450228156160215,0.0,8.554450433493231e-07
"Zaleeski, Karol",0.0008450228156160215,0.0,8.554450433493231e-07
"Lamboux, Cassandre",0.0008450228156160215,0.0,8.554450433493231e-07
"Sayegh, Syreina",0.0008450228156160215,0.0,8.554450433493231e-07
"Makhoul, Elissa",0.0008450228156160215,0.0,8.554450433493231e-07
"Chang, Xingqi",0.0008450228156160215,0.0,8.554450433493231e-07
"Bechelany, Mikhael",0.0008450228156160215,0.0,8.554450433493231e-07
"Coy, Emerson",0.0008450228156160215,0.0,8.554450433493231e-07
"Kuila, Aneek",0.0003380091262464086,0.0,9.118303331563788e-06
"Routu, Santosh",0.0003380091262464086,0.0,9.118303331563788e-06
"Saravanan, Pichiah",0.0003380091262464086,0.0,9.118303331563788e-06
"Bahnemann, Detlef",0.0003380091262464086,0.0,9.118303331563788e-06
"Lu, Zijun",0.0007605205340544194,0.0,0.0004774409514915713
"Hong, Bo",0.0007605205340544194,0.0,0.0004774409514915713
"Xu, Jingcai",0.0007605205340544194,0.0,0.0004774409514915713
"Peng, Xiaoling",0.0007605205340544194,0.0,0.0004774409514915713
"Chen, Hongwei",0.0007605205340544194,0.0,0.0004774409514915713
"Qiu, Shi",0.0007605205340544194,0.0,0.0004774409514915713
"Wang, Xinqing",0.0007605205340544194,0.0,0.0004774409514915713
"Davis, Denet",8.450228156160216e-05,0.0,1.1672423683483423e-52
"Sudheer, K. S.",8.450228156160216e-05,0.0,1.1672423683483423e-52
"Zhuang, Houlong L.",0.0003380091262464086,0.0,1.301025435163199e-10
"Ganesh, P.",0.0003380091262464086,0.0,1.301025435163199e-10
"Cooper, Valentino R.",0.0003380091262464086,0.0,1.301025435163199e-10
"Kent, P. R. C.",0.0003380091262464086,0.0,1.301025435163199e-10
"Ahmed, Fayez U.",0.0001690045631232043,0.0,7.499014642870287e-43
"Moon, Gun-hee",0.0002535068446848065,0.0,9.915419994824638e-14
"Li, Fang",0.0002535068446848065,0.0,3.344346734966458e-05
"Gao, Rui-Han",0.00042251140780801076,0.0,2.793203157953156e-29
"Ge, Qingmei",0.00042251140780801076,0.0,2.793203157953156e-29
"Jiang, Nan",0.00042251140780801076,0.0,2.793203157953156e-29
"Cong, Hang",0.00042251140780801076,0.0,2.793203157953156e-29
"Liu, Mao",0.00042251140780801076,0.0,2.793203157953156e-29
"Zhang, Yun-Qian",0.00042251140780801076,0.0,2.793203157953156e-29
"Yang, Shengyuan A.",0.0006760182524928173,0.0,8.44161953944596e-06
"Xie, Yanwu",0.0006760182524928173,0.0,8.44161953944596e-06
"Jiang, Jianzhong",0.0006760182524928173,0.0,8.44161953944596e-06
"Han, Gaorong",0.0006760182524928173,0.0,8.44161953944596e-06
"Liu, Z. Q.",0.0005915159709312151,0.0,1.641437221330028e-22
"Huang, Z.",0.0005915159709312151,0.0,1.641437221330028e-22
"Lue, W. M.",0.0005915159709312151,0.0,1.641437221330028e-22
"Gopinadhan, K.",0.0005915159709312151,0.0,1.641437221330028e-22
"Annadi, A.",0.0005915159709312151,0.0,1.641437221330028e-22
"Venkatesan, T.",0.0005915159709312151,0.0,1.641437221330028e-22
Ariando,0.0005915159709312151,0.0,1.641437221330028e-22
"Rasheed, Mohammed",8.450228156160216e-05,0.0,1.1672423683483423e-52
"Barille, Regis",8.450228156160216e-05,0.0,1.1672423683483423e-52
"Nayak, Susanginee",0.00042251140780801076,0.0,5.106533223744222e-25
"Su, Shi",0.0005915159709312151,0.0,0.0010876657202936383
"Goh, Boon Tong",0.0003380091262464086,0.0,3.2530274280936573e-06
"Ismail, Ahmed",0.0010985296603008281,0.0,0.0005063818778101438
"Fazil, Perveen",0.0010985296603008281,0.0,0.0005063818778101438
"Khan, Javed Ali",0.0010985296603008281,0.0,0.0005063818778101438
"Jan, Farooq",0.0010985296603008281,0.0,0.0005063818778101438
"Shams, Dilawar Farhan",0.0010985296603008281,0.0,0.0005063818778101438
"Miao, Baoji",0.0010985296603008281,0.0,0.0005063818778101438
"Ali, Sharafat",0.0010985296603008281,0.0,0.0005063818778101438
"Wang, Shiliang",0.0010985296603008281,0.0,0.0005063818778101438
"Lu, Guiying",0.00042251140780801076,0.0,1.9650145863657178e-05
"Aguirre-Astrain, A.",0.0001690045631232043,0.0,4.961725533464465e-44
"Hipolito, E. Luevano",0.0001690045631232043,0.0,4.961725533464465e-44
"Torres-Martinez, L. M.",0.0001690045631232043,0.0,4.961725533464465e-44
"Ma, Ya-Qiang",0.000507013689369613,0.0,4.977968608506768e-05
"Dai, Ya-Wei",0.000507013689369613,0.0,4.977968608506768e-05
"Tang, Ya-Nan",0.000507013689369613,0.0,4.977968608506768e-05
"Dai, Xian-Qi",0.000507013689369613,0.0,4.977968608506768e-05
"Huang, Jinzhao",0.00042251140780801076,0.0,7.708479055584e-06
"Karthik, P.",0.0001690045631232043,0.0,4.961725533464465e-44
"Kumar, T. R. Naueen",0.0001690045631232043,0.0,4.961725533464465e-44
"Neppolian, B.",0.0001690045631232043,0.0,4.961725533464465e-44
"Zhang, Li",0.00042251140780801076,0.0,3.7914354313310845e-05
"Ma, Pingping",0.00042251140780801076,0.0,3.7914354313310845e-05
"Dai, Li",0.00042251140780801076,0.0,3.7914354313310845e-05
"Li, Shijie",0.00042251140780801076,0.0,3.7914354313310845e-05
"Yu, Wei",0.00042251140780801076,0.0,3.7914354313310845e-05
"Ma, Junfeng",0.0001690045631232043,0.0,4.961725533464465e-44
"Liu, Shiyuan",0.0001690045631232043,0.0,4.961725533464465e-44
"Qi, Guining",0.0001690045631232043,0.0,4.961725533464465e-44
"Mu, Jianglong",0.0003380091262464086,0.0,7.282766017410288e-05
"Miao, Hui",0.0009295250971776238,9.690184279378055e-05,0.0001416697397746639
"Wang, Yishan",0.0003380091262464086,0.0,7.282766017410288e-05
"Zhu, Ting",0.0001690045631232043,0.0,0.0007010947250374163
"Yuvarani, S.",0.000507013689369613,0.0,4.991762149908528e-08
"Rajasaravanan, M. E.",0.000507013689369613,0.0,4.991762149908528e-08
"Ranjith, R.",0.000507013689369613,0.0,4.991762149908528e-08
"Periyasami, Govindasami",0.000507013689369613,0.0,4.991762149908528e-08
"Dhanabalan, Karmegam",0.000507013689369613,0.0,4.991762149908528e-08
"Priyadharshini, Matheswaran",0.000507013689369613,0.0,4.991762149908528e-08
"Kim, Dong Jin",0.0003380091262464086,0.0,2.605976410117463e-06
"Fathima, Nazia",0.0001690045631232043,0.0,4.961725533464465e-44
"Jha, Ravindra Kumar",0.0001690045631232043,0.0,4.961725533464465e-44
"Bhat, Navakanta",0.0001690045631232043,0.0,4.961725533464465e-44
"Ma, Bangjun",0.000507013689369613,0.0,0.00016272596181228204
"Zhang, Guoqing",0.000507013689369613,0.0,0.00016272596181228204
"Prathibha, C. P.",0.0001690045631232043,0.0,1.92059692882817e-40
"Srinivas, Mallapur",0.0001690045631232043,0.0,1.92059692882817e-40
"Zhang, Yaxian",0.000507013689369613,0.0,5.327153564675236e-26
"Shi, Dongxiang",0.000507013689369613,0.0,5.327153564675236e-26
"Xu, Gen",0.000507013689369613,0.0,5.327153564675236e-26
"Qin, Xiaojuan",0.000507013689369613,0.0,5.327153564675236e-26
"Zhou, Zhiwei",0.000507013689369613,0.0,5.327153564675236e-26
"Xie, Hui",0.000507013689369613,0.0,5.327153564675236e-26
"Wu, Wenliang",0.000507013689369613,0.0,5.327153564675236e-26
"Farsinezhad, Samira",0.000507013689369613,0.0,8.82553215428363e-16
"Waghmare, Prashant R.",0.000507013689369613,0.0,8.82553215428363e-16
"Wiltshire, Benjamin D.",0.000507013689369613,0.0,8.82553215428363e-16
"Amiri, Saeid",0.000507013689369613,0.0,8.82553215428363e-16
"Mitra, Sushanta K.",0.000507013689369613,0.0,8.82553215428363e-16
"Shankar, Karthik",0.0013520365049856345,1.6901884560128456e-05,1.7540353688088388e-15
"Zhang, Wenjing",0.0006760182524928173,0.0,0.0001128696142244638
"Liu, Xinyang",0.0006760182524928173,0.0,0.0001128696142244638
"Li, Qiujie",0.0006760182524928173,0.0,0.0001128696142244638
"Sun, Qian",0.0006760182524928173,0.0,0.0001128696142244638
"Sun, Zhaoli",0.0007605205340544194,0.0,9.78414167666729e-05
"Yang, Xiaolong",0.0007605205340544194,0.0,9.78414167666729e-05
"Yu, Xue-Fang",0.0007605205340544194,0.0,9.78414167666729e-05
"Xia, Linhong",0.0007605205340544194,0.0,9.78414167666729e-05
"Peng, Yanhua",0.0007605205340544194,0.0,9.78414167666729e-05
"Cheng, Jianbo",0.0007605205340544194,0.0,9.78414167666729e-05
"Zhang, Kaisheng",0.0007605205340544194,0.0,9.78414167666729e-05
"Yu, Jianqiang",0.0007605205340544194,0.0,9.78414167666729e-05
"Memar, Masoud",0.0001690045631232043,0.0,4.961725533464465e-44
"Rezvani, Ali Reza",0.0001690045631232043,0.0,4.961725533464465e-44
"Saheli, Sania",0.0001690045631232043,0.0,4.961725533464465e-44
"Zhao, Tianhong",0.0006760182524928173,0.0,0.0004245666717392477
"Yang, Ze",0.0006760182524928173,0.0,0.0004245666717392477
"Liu, Yi",0.0006760182524928173,0.0,0.0004245666717392477
"Zeng, Kunlin",0.0006760182524928173,0.0,0.0004245666717392477
"Yu, Junrong",0.0006760182524928173,0.0,0.0004245666717392477
"Cai, Lu",0.0006760182524928173,0.0,0.0004245666717392477
"Rahman, Ferdous",0.0005915159709312151,0.0,3.699138722121488e-23
"Moon, Mahabub Alam",0.0005915159709312151,0.0,3.699138722121488e-23
"Hossain, Khalid",0.0005915159709312151,0.0,3.699138722121488e-23
"Ali, Hasan",0.0005915159709312151,0.0,3.699138722121488e-23
"Haque, Dulal",0.0005915159709312151,0.0,3.699138722121488e-23
"Kuddus, Abdul",0.0005915159709312151,0.0,3.699138722121488e-23
"Hossain, Jaker",0.0005915159709312151,0.0,3.699138722121488e-23
"Ismail, Abu Bakar",0.0005915159709312151,0.0,3.699138722121488e-23
"Jeong, Namjo",0.0007605205340544194,0.0,2.073438964253325e-18
"Kim, Han-ki",0.0007605205340544194,0.0,2.073438964253325e-18
"Kim, Won-sik",0.0007605205340544194,0.0,2.073438964253325e-18
"Choi, Ji Yeon",0.0007605205340544194,0.0,2.073438964253325e-18
"Yang, SeungCheol",0.0007605205340544194,0.0,2.073438964253325e-18
"Hwang, Kyo-sik",0.0007605205340544194,0.0,2.073438964253325e-18
"Nam, Joo-youn",0.0007605205340544194,0.0,2.073438964253325e-18
"Han, Ji-hyung",0.0007605205340544194,0.0,2.073438964253325e-18
"Jwa, Eun-Jin",0.0007605205340544194,0.0,2.073438964253325e-18
"Park, Soon-Chul",0.0007605205340544194,0.0,2.073438964253325e-18
"Babu, Pradeepta",0.0001690045631232043,0.0,1.4141075510709372e-25
"Dash, Soumya Ranjan",0.0001690045631232043,0.0,1.4141075510709372e-25
"Pan, Jinkang",0.0002535068446848065,0.0,6.570990368930812e-38
"Zhang, Aicaijun",0.0002535068446848065,0.0,6.570990368930812e-38
"Zhang, Lihua",0.0002535068446848065,0.0,6.570990368930812e-38
"Dong, Pengyu",0.0002535068446848065,0.0,6.570990368930812e-38
"Dakua, Pratap Kumar",0.0006760182524928173,0.0,1.1873375919844751e-20
"Kumar, Neravati Nagaraja",0.0006760182524928173,0.0,1.1873375919844751e-20
"Ganesan, Subbulakshmi",0.0006760182524928173,0.0,1.1873375919844751e-20
"Hamid, Junainah Abd",0.0006760182524928173,0.0,1.1873375919844751e-20
"Kumar, M. Ravi",0.0006760182524928173,0.0,1.1873375919844751e-20
"Saini, Suman",0.0006760182524928173,0.0,1.1873375919844751e-20
"Pathak, Piyus Kumar",0.0006760182524928173,0.0,1.1873375919844751e-20
"Alkhayyat, Ahmed",0.0006760182524928173,0.0,1.1873375919844751e-20
"Bhattarai, Sagar",0.0006760182524928173,0.0,1.1873375919844751e-20
"Tomar, Ruchi",0.00042251140780801076,0.0,2.793203157953156e-29
"Varma, Rahul Mahavir",0.00042251140780801076,0.0,2.793203157953156e-29
"Kumar, Nand",0.00042251140780801076,0.0,2.793203157953156e-29
"Sarma, D. D.",0.00042251140780801076,0.0,2.793203157953156e-29
"Maryenko, Denis",0.00042251140780801076,0.0,2.793203157953156e-29
"Chakraverty, Suvankar",0.00042251140780801076,0.0,2.793203157953156e-29
"Hernandez-Salvador, Sergio",0.0005915159709312151,0.0,3.699138722121488e-23
"Marquez, Inmaculada",0.0005915159709312151,0.0,3.699138722121488e-23
"Gutierrez-Tarrino, Silvia",0.0005915159709312151,0.0,3.699138722121488e-23
"Calvente, Juan Jose",0.0005915159709312151,0.0,3.699138722121488e-23
"Rio-Rodriguez, Jose Luis del",0.0005915159709312151,0.0,3.699138722121488e-23
"Ona-Burgos, Pascual",0.0005915159709312151,0.0,3.699138722121488e-23
"Andreu, Rafael",0.0005915159709312151,0.0,3.699138722121488e-23
"Olloqui-Sariego, Jose Luis",0.0005915159709312151,0.0,3.699138722121488e-23
"Das Chakraborty, Sudeshna",0.0002535068446848065,0.0,1.3043339104915175e-33
"Kumar, Uttam",0.0002535068446848065,0.0,1.3043339104915175e-33
"Mishra, Trilochan",0.0002535068446848065,0.0,1.3043339104915175e-33
"Xu, Yuanguo",0.0008450228156160215,0.0,0.09639639629368794
"Jing, Xin",0.0005915159709312151,0.0,0.0008216605000203646
"Yan, Xin-hua",0.0005915159709312151,0.0,0.0008216605000203646
"Gao, Hai-li",0.0005915159709312151,0.0,0.0008216605000203646
"Gao, Ke-zheng",0.0005915159709312151,0.0,0.0008216605000203646
"Cao, Yang",0.0005915159709312151,0.0,0.0008216605000203646
"Hu, Shuo",0.0005915159709312151,0.0,0.0008216605000203646
"Zhang, Yuan-yuan",0.0005915159709312151,0.0,0.0008216605000203646
"Ma, Yongchao",0.0002535068446848065,0.0,6.570990368930812e-38
"Chen, Zhiwei",0.0002535068446848065,0.0,6.570990368930812e-38
"Qu, Dan",0.0002535068446848065,0.0,6.570990368930812e-38
"Shi, Jinsheng",0.0002535068446848065,0.0,6.570990368930812e-38
"Vasseur, Karolien",0.0007605205340544194,0.0,2.073438964253325e-18
"Broch, Katharina",0.0007605205340544194,0.0,2.073438964253325e-18
"Ayzner, Alexander L.",0.0007605205340544194,0.0,2.073438964253325e-18
"Rand, Barry P.",0.0007605205340544194,0.0,2.073438964253325e-18
"Cheyns, David",0.0007605205340544194,0.0,2.073438964253325e-18
"Frank, Christian",0.0007605205340544194,0.0,2.073438964253325e-18
"Schreiber, Frank",0.0007605205340544194,0.0,2.073438964253325e-18
"Toney, Michael F.",0.0007605205340544194,0.0,2.073438964253325e-18
"Froyen, Ludo",0.0007605205340544194,0.0,2.073438964253325e-18
"Heremans, Paul",0.0007605205340544194,0.0,2.073438964253325e-18
"Yang, Bingjie",0.00042251140780801076,0.0,4.973032226429296e-05
"Bhattacharya, Ayushman",8.450228156160216e-05,0.0,1.1672423683483423e-52
"Selvaraj, Ambika",8.450228156160216e-05,0.0,1.1672423683483423e-52
"Sumithra, Balamurugan",0.00042251140780801076,0.0,2.793203157953156e-29
"Saravanan, Vadivel",0.00042251140780801076,0.0,2.793203157953156e-29
"Ramalingan, Chennan",0.00042251140780801076,0.0,2.793203157953156e-29
"Palanisami, Nallasamy",0.00042251140780801076,0.0,2.793203157953156e-29
"Lakshmanan, Pandian",0.00042251140780801076,0.0,2.793203157953156e-29
"Geetha, Das",0.00042251140780801076,0.0,2.793203157953156e-29
"Lin, Bo",0.001014027378739226,0.0,0.0002117004868246391
"Ma, Bowen",0.001014027378739226,0.0,0.0002117004868246391
"Chen, Jiangang",0.001014027378739226,0.0,0.0002117004868246391
"Liu, Qing",0.001014027378739226,0.0,0.0002117004868246391
"Wang, Jinyong",0.001014027378739226,0.0,0.0002117004868246391
"Bian, Renji",0.001014027378739226,0.0,0.0002117004868246391
"Yin, Sheng",0.0005915159709312151,0.0,0.03005765940226299
"Xu, Li",0.0005915159709312151,0.0,0.03005765940226299
"Zhao, Junze",0.0005915159709312151,0.0,0.03005765940226299
"Di Liberto, Giovanni",0.0001690045631232043,0.0,4.961725533464465e-44
"Morales-Garcia, Angel",0.0001690045631232043,0.0,4.961725533464465e-44
"Bromley, Stefan T.",0.0001690045631232043,0.0,4.961725533464465e-44
"Putri, Lutfi Kurnianditia",0.0008450228156160215,4.519341400815098e-05,9.220520606119065e-06
"Lee, Hing Wah",0.00042251140780801076,0.0,1.7232973954647459e-06
"Chang, Wei Sea",0.00042251140780801076,0.0,1.7232973954647459e-06
"Ikreedeegh, Riyadh Ramadhan",8.450228156160216e-05,0.0,1.8300976724177222e-06
"Liu, Zi-Han",0.000507013689369613,0.0,7.070646303753003e-07
"Chen, Xiao-Yu",0.000507013689369613,0.0,7.070646303753003e-07
"Pang, Yi-Tong",0.000507013689369613,0.0,7.070646303753003e-07
"Wei, Di-Gen",0.000507013689369613,0.0,7.070646303753003e-07
"Wangchen, Jing-Yi",0.000507013689369613,0.0,7.070646303753003e-07
"Yao, Cheng-Bao",0.000507013689369613,0.0,7.070646303753003e-07
"Zeng, Jiayu",0.0002535068446848065,0.0,6.570990368930812e-38
"Li, Ziming",0.0002535068446848065,0.0,6.570990368930812e-38
"Jiang, Hui",0.0002535068446848065,0.0,6.570990368930812e-38
"Wang, Xuemei",0.0002535068446848065,0.0,6.570990368930812e-38
"Jiang, Guangmei",0.0006760182524928173,0.0,2.65181189646938e-06
"Jian, Huilong",0.0006760182524928173,0.0,2.65181189646938e-06
"Lu, Peng",0.0006760182524928173,0.0,2.65181189646938e-06
"Bai, Jinwu",0.0006760182524928173,0.0,2.65181189646938e-06
"Zhang, Guizhi",0.0006760182524928173,0.0,2.65181189646938e-06
"Yun, Wen",0.0006760182524928173,0.0,2.65181189646938e-06
"Xue, Sikang",0.0005915159709312151,0.0,1.1144784392382798e-05
"Tang, Hao",0.0005915159709312151,0.0,1.1144784392382798e-05
"Shen, Min",0.0005915159709312151,0.0,1.1144784392382798e-05
"Liang, Xiaocong",0.0005915159709312151,0.0,1.1144784392382798e-05
"Xing, Wandong",0.0005915159709312151,0.0,1.1144784392382798e-05
"Yang, Can",0.0005915159709312151,0.0,1.1144784392382798e-05
"Yu, Zhiyang",0.0005915159709312151,0.0,1.1144784392382798e-05
"Nithin, Challa",0.00042251140780801076,0.0,1.4130011962375893e-06
"Prakash, Sarpuru Bhanu",0.00042251140780801076,0.0,1.4130011962375893e-06
"Yesudasu, Vasimalla",0.00042251140780801076,0.0,1.4130011962375893e-06
"Santhosh, Chella",0.00042251140780801076,0.0,1.4130011962375893e-06
"Maloji, Suman",0.00042251140780801076,0.0,1.4130011962375893e-06
"Shinde, Vinayak",0.00042251140780801076,0.0,2.793203157953156e-29
"Tanwade, Pratiksha",0.00042251140780801076,0.0,2.793203157953156e-29
"Katayama, Tetsuro",0.00042251140780801076,0.0,2.793203157953156e-29
"Furube, Akihiro",0.00042251140780801076,0.0,2.793203157953156e-29
"Sathe, Bhaskar",0.00042251140780801076,0.0,2.793203157953156e-29
"Koinkar, Pankaj",0.00042251140780801076,0.0,2.793203157953156e-29
"Louis, Jesna",0.0002535068446848065,0.0,6.570990368930812e-38
"Padmanabhan, Nisha Thekkekudathingal",0.0002535068446848065,0.0,6.570990368930812e-38
"Jayaraj, Madambi Kunjukuttan",0.0002535068446848065,0.0,6.570990368930812e-38
"John, Honey",0.0002535068446848065,0.0,6.570990368930812e-38
"Zerga, Abdelmoumin Yahia",0.0002535068446848065,0.0,3.618843556555134e-06
"Pan, Zhihu",0.0002535068446848065,0.0,6.570990368930812e-38
"Yang, Chenghao",0.0002535068446848065,0.0,6.570990368930812e-38
"Chen, Zhiwu",0.0002535068446848065,0.0,6.570990368930812e-38
"Ji, Xiaohong",0.0002535068446848065,0.0,6.570990368930812e-38
"Huang, Fangcheng",0.0009295250971776238,0.0,0.05112398332948207
"Zhang, Xiaolin",0.0009295250971776238,0.0,0.05112398332948207
"Xiong, Fangyu",0.0009295250971776238,0.0,0.05112398332948207
"Zhao, Weichen",0.0009295250971776238,0.0,6.673925424822542e-05
"Guo, Tiezhu",0.0009295250971776238,0.0,6.673925424822542e-05
"Xu, Diming",0.0009295250971776238,0.0,6.673925424822542e-05
"Wang, Zhentao",0.0009295250971776238,0.0,6.673925424822542e-05
"He, Guoqiang",0.0009295250971776238,0.0,6.673925424822542e-05
"Zhai, Jiwei",0.0009295250971776238,0.0,6.673925424822542e-05
"Liu, Wenfeng",0.0009295250971776238,0.0,6.673925424822542e-05
"Alejandro Avila-Lopez, Manuel",0.0001690045631232043,0.0,1.343675274961841e-32
"Luevano-Hipolito, E.",0.00042251140780801076,0.0,2.822707249650653e-32
"Torres-Martinez, Leticia M.",0.00042251140780801076,0.0,2.822707249650653e-32
"Heng, Shiliang",0.0006760182524928173,0.0,3.0356219581369735e-05
"Song, Qi",0.0006760182524928173,0.0,3.0356219581369735e-05
"Guo, Huili",0.0006760182524928173,0.0,3.0356219581369735e-05
"Pang, Jingyu",0.0006760182524928173,0.0,3.0356219581369735e-05
"Qu, Xiaojie",0.0006760182524928173,0.0,3.0356219581369735e-05
"Liang, Rui",0.0006760182524928173,0.0,0.0008829507922451085
"Dai, Wenrui",0.0006760182524928173,0.0,0.0008829507922451085
"Zhang, Qitao",0.0006760182524928173,0.0,0.0008829507922451085
"Zhang, Guoqiang",0.0006760182524928173,0.0,0.0008829507922451085
"Su, Chenliang",0.0006760182524928173,0.0,0.0008829507922451085
"Kaur, Manpreet",0.0001690045631232043,0.0,4.961725533464465e-44
"Kumar, Prashant",0.0001690045631232043,0.0,4.961725533464465e-44
"Ghotra, Harjit Singh",0.0001690045631232043,0.0,4.961725533464465e-44
"Zhu, Yonghao",8.450228156160216e-05,0.0,1.1672423683483423e-52
"Long, Run",8.450228156160216e-05,0.0,1.1672423683483423e-52
"Mostafa, Mohsen S.",0.000507013689369613,0.0,5.327153564675236e-26
"Lan, Chen",0.000507013689369613,0.0,5.327153564675236e-26
"Selim, Mohamed S.",0.000507013689369613,0.0,5.327153564675236e-26
"Zhang, Ruiyi",0.000507013689369613,0.0,5.327153564675236e-26
"Ya, Gao",0.000507013689369613,0.0,5.327153564675236e-26
"Shuai, Zhang",0.000507013689369613,0.0,5.327153564675236e-26
"Ge, Guanglu",0.000507013689369613,0.0,5.327153564675236e-26
"Huang, Pao-Hsun",0.00042251140780801076,0.0,2.793203157953156e-29
"Huang, Chien-Jung",0.00042251140780801076,0.0,2.793203157953156e-29
"Chen, Kan-Lin",0.00042251140780801076,0.0,2.793203157953156e-29
"Ke, Jhong-Ciao",0.00042251140780801076,0.0,2.793203157953156e-29
"Wang, Yeong-Her",0.00042251140780801076,0.0,2.793203157953156e-29
"Kang, Chih-Chieh",0.00042251140780801076,0.0,2.793203157953156e-29
"Ramakrishnan, S.",0.0003380091262464086,0.0,3.683167485230363e-33
"Jelmy, E. J.",0.0003380091262464086,0.0,3.683167485230363e-33
"Senthilkumar, R.",0.0003380091262464086,0.0,3.683167485230363e-33
"Rangarajan, Murali",0.0003380091262464086,0.0,3.683167485230363e-33
"Kothurkar, Nikhil K.",0.0003380091262464086,0.0,3.683167485230363e-33
"Guo, Mintong",0.00042251140780801076,0.0,9.883903658040115e-06
"Zhao, Jianxue",0.00042251140780801076,0.0,9.883903658040115e-06
"Han, Suping",0.00042251140780801076,0.0,9.883903658040115e-06
"Xu, Jingli",0.00042251140780801076,0.0,9.883903658040115e-06
"Yin, Xue-Bo",0.00042251140780801076,0.0,9.883903658040115e-06
"Cai, Ze-Xing",0.0008450228156160215,0.0,9.593781192068491e-05
"Na, Jongbeom",0.0008450228156160215,0.0,9.593781192068491e-05
"Lin, Jianjian",0.0008450228156160215,0.0,9.593781192068491e-05
"Alshehri, Abdulmohsen Ali",0.0008450228156160215,0.0,9.593781192068491e-05
"Alzahrani, Khalid Ahmed",0.0008450228156160215,0.0,9.593781192068491e-05
"Alghamdi, Yousef Gamaan",0.0008450228156160215,0.0,9.593781192068491e-05
"Lim, Hyunsoo",0.0008450228156160215,0.0,9.593781192068491e-05
"Zheng, Jie",0.0008450228156160215,0.0,9.593781192068491e-05
"Wang, Zhong-Li",0.0008450228156160215,0.0,9.593781192068491e-05
"Riazati, Pejman",8.450228156160216e-05,0.0,1.1672423683483423e-52
"Sheibani, Saeed",8.450228156160216e-05,0.0,1.1672423683483423e-52
"Liu, Xinzhao",0.000507013689369613,0.0,0.00036025401281060193
"Yan, Qiuyang",0.000507013689369613,0.0,0.00036025401281060193
"Soorya, K. K.",0.00042251140780801076,0.0,4.221569943909563e-28
"Bhattacharya, Animesh",0.00042251140780801076,0.0,4.221569943909563e-28
"Schroeder, S.",0.0007605205340544194,0.0,2.6588896243370302e-18
"Ababii, N.",0.0007605205340544194,0.0,2.6588896243370302e-18
"Drewes, J.",0.0007605205340544194,0.0,2.6588896243370302e-18
"Magariu, N.",0.0007605205340544194,0.0,2.6588896243370302e-18
"Krueger, H.",0.0007605205340544194,0.0,2.6588896243370302e-18
"Strunskus, T.",0.0007605205340544194,0.0,2.6588896243370302e-18
"Adelung, R.",0.0007605205340544194,0.0,2.6588896243370302e-18
"Hansen, S.",0.0007605205340544194,0.0,2.6588896243370302e-18
"Faupel, F.",0.0007605205340544194,0.0,2.6588896243370302e-18
"Zhang, Hemin",0.0002535068446848065,0.0,6.570990368930812e-38
"Kim, Ju Hun",0.0002535068446848065,0.0,6.570990368930812e-38
"Kim, Jin Hyun",0.0002535068446848065,0.0,6.570990368930812e-38
"Lee, Jae Sung",0.0002535068446848065,0.0,6.570990368930812e-38
"Yadav, Annu",0.00042251140780801076,0.0,1.5493021640219216e-23
"Singh, Sachin",0.00042251140780801076,0.0,1.5493021640219216e-23
"Dwivedi, Dilip Kumar",0.00042251140780801076,0.0,1.5493021640219216e-23
"Reed, P. Justin",0.0002535068446848065,0.0,6.570990368930812e-38
"Mehrabi, Hamed",0.0002535068446848065,0.0,6.570990368930812e-38
"Schichtl, Zebulon G.",0.0002535068446848065,0.0,6.570990368930812e-38
"Coridan, Robert H.",0.0002535068446848065,0.0,6.570990368930812e-38
"Chen, Juan",0.0003380091262464086,0.0,6.708017809174853e-05
"Khan, Abbas Ahmad",0.0002535068446848065,0.0,2.9804845955668625e-23
"Yu, Zhinong",0.0002535068446848065,0.0,2.9804845955668625e-23
"Khan, Ubaid",0.0002535068446848065,0.0,2.9804845955668625e-23
"Shi, Yingzhang",0.00042251140780801076,0.0,2.2738046713460263e-05
"Shen, Mingchuang",0.00042251140780801076,0.0,2.2738046713460263e-05
"Wang, Zhiwen",0.00042251140780801076,0.0,2.2738046713460263e-05
"Bi, Jinhong",0.00042251140780801076,0.0,2.2738046713460263e-05
"Tan, Qiuyue",0.00042251140780801076,0.0,2.793203157953156e-29
"Yu, Zongxue",0.00042251140780801076,0.0,2.793203157953156e-29
"Long, Runxuan",0.00042251140780801076,0.0,2.793203157953156e-29
"He, Niandan",0.00042251140780801076,0.0,2.793203157953156e-29
"Huang, Yuwen",0.00042251140780801076,0.0,2.793203157953156e-29
"Liu, Yucheng",0.00042251140780801076,0.0,2.793203157953156e-29
"Diao, Ying",0.0008450228156160215,0.0,2.1292713538578035e-05
"Lee, Hyunbok",0.0008450228156160215,0.0,2.1292713538578035e-05
"Mirabito, Timothy J.",0.0008450228156160215,0.0,2.1292713538578035e-05
"Johnson, Richard W.",0.0008450228156160215,0.0,2.1292713538578035e-05
"Puodziukynaite, Egle",0.0008450228156160215,0.0,2.1292713538578035e-05
"John, Jacob",0.0008450228156160215,0.0,2.1292713538578035e-05
"Carter, Kenneth R.",0.0008450228156160215,0.0,2.1292713538578035e-05
"Emrick, Todd",0.0008450228156160215,0.0,2.1292713538578035e-05
"Mannsfed, Stefan C. B.",0.0008450228156160215,0.0,2.1292713538578035e-05
"Briseno, Alejandro L.",0.0008450228156160215,0.0,2.1292713538578035e-05
"Gupta, Aayush",0.0003380091262464086,0.0,3.683167485230363e-33
"Likozar, Blaz",0.0003380091262464086,0.0,3.683167485230363e-33
"Jana, Runia",0.0003380091262464086,0.0,3.683167485230363e-33
"Chanu, Wairakpam Chinglembi",0.0003380091262464086,0.0,3.683167485230363e-33
"Singh, Mahesh Kumar",0.0003380091262464086,0.0,3.683167485230363e-33
"Yang, Liuqing",0.0003380091262464086,0.0,0.00502704942136966
"Liu, Wenxin",0.0003380091262464086,0.0,0.00502704942136966
"Hang, Tianyu",0.0003380091262464086,0.0,0.00502704942136966
"Wu, Linlin",0.0003380091262464086,0.0,0.00502704942136966
"Sherryna, Areen",8.450228156160216e-05,0.0,1.8300976724177222e-06
"Cho, Gil Young",8.450228156160216e-05,0.0,1.1672423683483423e-52
"Moon, Eun-Gook",8.450228156160216e-05,0.0,1.1672423683483423e-52
"Behtash, Maziar",0.0003380091262464086,0.0,5.239601990211502e-07
"Luo, Jian",0.0003380091262464086,0.0,5.239601990211502e-07
"Bacq-Labreuil, Benjamin",0.0001690045631232043,0.0,4.961725533464465e-44
"Lenz, Benjamin",0.0001690045631232043,0.0,4.961725533464465e-44
"Biermann, Silke",0.0001690045631232043,0.0,4.961725533464465e-44
"Fu, Yanan",0.000507013689369613,0.0,0.00011380333441909323
"Li, Yutong",0.000507013689369613,0.0,0.00011380333441909323
"Duan, Jinwei",0.000507013689369613,0.0,0.00011380333441909323
"Mei, Qiong",0.000507013689369613,0.0,0.00011380333441909323
"Li, Jiajia",0.000507013689369613,0.0,0.00011380333441909323
"Li, Xinheng",0.000507013689369613,0.0,0.00011380333441909323
"Murugesan, Pramila",0.0001690045631232043,0.0,4.961725533464465e-44
"Moses, J. A.",0.0001690045631232043,0.0,4.961725533464465e-44
"Anandharamakrishnan, C.",0.0001690045631232043,0.0,4.961725533464465e-44
"Zhang, Yongshang",0.0007605205340544194,0.0,0.00012199374415851531
"Hou, Ruohan",0.0007605205340544194,0.0,0.00012199374415851531
"Zhang, Xilai",0.0007605205340544194,0.0,0.00012199374415851531
"Li, Neng",0.0013520365049856345,0.0011522297780932587,0.00012520336529362648
"Chandran, Rohini Bala",0.0003380091262464086,0.0,3.683167485230363e-33
"Breen, Sasuke",0.0003380091262464086,0.0,3.683167485230363e-33
"Shao, Yuanxun",0.0003380091262464086,0.0,3.683167485230363e-33
"Ardo, Shane",0.0003380091262464086,0.0,3.683167485230363e-33
"Weber, Adam Z.",0.0003380091262464086,0.0,3.683167485230363e-33
"Alenezi, Mohammad R.",0.0001690045631232043,0.0,4.961725533464465e-44
"Almeshal, Abdullah M.",0.0001690045631232043,0.0,4.961725533464465e-44
"Alkhaledi, Abdullah N. F. N. R.",0.0001690045631232043,0.0,4.961725533464465e-44
"Shah, Syed Q. A.",0.000507013689369613,0.0,2.3862099425348823e-05
"Annaorazov, Muhammet",0.000507013689369613,0.0,2.3862099425348823e-05
"Rimal, Gaurab",0.000507013689369613,0.0,2.3862099425348823e-05
"Borunda, Mario F.",0.000507013689369613,0.0,2.3862099425348823e-05
"Tang, Jinke",0.000507013689369613,0.0,2.3862099425348823e-05
"Yost, Andrew J.",0.000507013689369613,0.0,2.3862099425348823e-05
"Lin, Chong",0.0006760182524928173,0.0,0.010709873830082636
"Yang, Jinhong",0.0006760182524928173,0.0,0.010709873830082636
"Peng, Haoran",0.0006760182524928173,0.0,0.010709873830082636
"Xie, Jingyang",0.0006760182524928173,0.0,0.010709873830082636
"Qi, Lixue",0.0006760182524928173,0.0,0.010709873830082636
"Xie, Chao",0.0003380091262464086,0.0,1.7512754137399542e-05
"Tengeler, Sven",0.000507013689369613,0.0,4.290094804468416e-15
"Fingerle, Mathias",0.000507013689369613,0.0,4.290094804468416e-15
"Calvet, Wolfram",0.000507013689369613,0.0,4.290094804468416e-15
"Steinert, Celine",0.000507013689369613,0.0,4.290094804468416e-15
"Kaiser, Bernhard",0.000507013689369613,0.0,4.290094804468416e-15
"Mayer, Thomas",0.000507013689369613,0.0,4.290094804468416e-15
"Hosseini, Seyed Mohammad",8.450228156160216e-05,0.0,1.1672423683483423e-52
"Safarifard, Vahid",8.450228156160216e-05,0.0,1.1672423683483423e-52
"Han, Jie",0.0005915159709312151,0.0,3.2085941870686006e-05
"Bao, Weiwei",0.0005915159709312151,0.0,3.2085941870686006e-05
"Zhang, Junjun",0.0005915159709312151,0.0,3.2085941870686006e-05
"Ai, Taotao",0.0005915159709312151,0.0,3.2085941870686006e-05
"Yang, Mameng",0.0005915159709312151,0.0,3.2085941870686006e-05
"Yang, Chunming",0.0005915159709312151,0.0,3.2085941870686006e-05
"Zhu, Yanwei",0.0003380091262464086,0.0,3.683167485230363e-33
"Wang, Longlu",0.0003380091262464086,0.0,3.683167485230363e-33
"Liu, Yutang",0.0003380091262464086,0.0,3.683167485230363e-33
"Shao, Luhua",0.0003380091262464086,0.0,3.683167485230363e-33
"Xia, Xinnian",0.0003380091262464086,0.0,3.683167485230363e-33
"Kang, Li",0.0006760182524928173,0.0,0.0019799920307727375
"Han, Zhongkang",0.0006760182524928173,0.0,0.0019799920307727375
"Yu, Haibo",0.0006760182524928173,0.0,0.0019799920307727375
"Wu, Qiangshun",0.0006760182524928173,0.0,0.0019799920307727375
"Wu, Mi",0.0006760182524928173,0.0,0.0019799920307727375
"He, Zuming",0.0006760182524928173,0.0,0.0019799920307727375
"Wang, Lina",0.0006760182524928173,0.0,0.0019799920307727375
"Yang, Hanpei",0.0006760182524928173,0.0,0.0019799920307727375
"Tong, Yanhua",0.000507013689369613,0.0,5.327153564675236e-26
"Zheng, Chu",0.000507013689369613,0.0,5.327153564675236e-26
"Lang, Wenjing",0.000507013689369613,0.0,5.327153564675236e-26
"Wu, Fan",0.000507013689369613,0.0,5.327153564675236e-26
"Wu, Tao",0.000507013689369613,0.0,5.327153564675236e-26
"Luo, Wenqin",0.000507013689369613,0.0,5.327153564675236e-26
"Chen, Haifeng",0.000507013689369613,0.0,5.327153564675236e-26
"Liu, Jiaqing",0.00042251140780801076,0.0,5.901675689079679e-05
"Sun, Kailong",0.00042251140780801076,0.0,5.901675689079679e-05
"Wan, Jun",0.00042251140780801076,0.0,5.901675689079679e-05
"Li, Chenlu",0.000507013689369613,0.0,5.132813966375943e-07
"Wan, Shipeng",0.000507013689369613,0.0,5.132813966375943e-07
"Zhang, Cheng",0.000507013689369613,0.0,5.132813966375943e-07
"Zhang, Shule",0.000507013689369613,0.0,5.132813966375943e-07
"Zhong, Qin",0.000507013689369613,0.0,5.132813966375943e-07
"Jiang, Shaowei",0.0007605205340544194,0.0,1.1585999740212167e-09
"Huang, Rongqing",0.0007605205340544194,0.0,1.1585999740212167e-09
"Li, Wanjun",0.0007605205340544194,0.0,1.1585999740212167e-09
"Sheng, Haigang",0.0007605205340544194,0.0,1.1585999740212167e-09
"Wu, Fei",0.0007605205340544194,0.0,1.1585999740212167e-09
"Lv, Yibo",0.0007605205340544194,0.0,1.1585999740212167e-09
"Chu, Xiao-shan",0.000507013689369613,0.0,0.0004187276782300011
"Wang, Xue-chuan",0.000507013689369613,0.0,0.0004187276782300011
"Wang, Chuan-yi",0.000507013689369613,0.0,0.0004187276782300011
"Hamada, Kengo",0.0008450228156160215,0.0,2.2461032480140998e-13
"Tanaka, Ryo",0.0008450228156160215,0.0,2.2461032480140998e-13
"Kamarudin, Muhammad Akmal",0.0008450228156160215,0.0,2.2461032480140998e-13
"Shen, Qing",0.0011830319418624302,0.0,2.8725236075580124e-13
"Iikubo, Satoshi",0.0008450228156160215,0.0,2.2461032480140998e-13
"Minemoto, Takashi",0.0011830319418624302,0.0,2.8725236075580124e-13
"Yoshino, Kenji",0.0011830319418624302,0.0,2.8725236075580124e-13
"Toyoda, Taro",0.0011830319418624302,0.0,2.8725236075580124e-13
"Kang, Dong-Won",0.0008450228156160215,0.0,2.2461032480140998e-13
"Hayase, Shuzi",0.0011830319418624302,0.0,2.8725236075580124e-13
"Vijayaraj, C.",0.0003380091262464086,0.0,3.683167485230363e-33
"Mohan, S.",0.0003380091262464086,0.0,3.683167485230363e-33
"Arumugam, Natarajan",0.0003380091262464086,0.0,3.683167485230363e-33
"Almansour, Abdulrahman I.",0.0003380091262464086,0.0,3.683167485230363e-33
"Thangamani, C.",0.0003380091262464086,0.0,3.683167485230363e-33
"Meng, Yue",0.0005915159709312151,0.00024085185498183047,1.0674998415376938e-07
"Li, Jiazeyu",0.0001690045631232043,0.0,1.0528169308455435e-07
"Liu, Fusheng",0.00042251140780801076,0.0,2.793203157953156e-29
"Sun, Xinxin",0.00042251140780801076,0.0,2.793203157953156e-29
"Liu, Yuting",0.00042251140780801076,0.0,2.793203157953156e-29
"Song, Xiuyan",0.00042251140780801076,0.0,2.793203157953156e-29
"Gao, Jun",0.00042251140780801076,0.0,2.793203157953156e-29
"Qin, Guohui",0.00042251140780801076,0.0,2.793203157953156e-29
"Liang, Xiaoceng",0.0009295250971776238,0.0,0.00010218677464612677
"Wang, Yinfei",0.0009295250971776238,0.0,0.00010218677464612677
"Shi, Yingying",0.0009295250971776238,0.0,0.00010218677464612677
"Guan, Wenya",0.0009295250971776238,0.0,0.00010218677464612677
"Liu, Dingyang",0.0009295250971776238,0.0,0.00010218677464612677
"Ma, Xijun",0.0009295250971776238,0.0,0.00010218677464612677
"Pang, Jianfeng",0.0009295250971776238,0.0,0.00010218677464612677
"Xie, Xingyong",0.0009295250971776238,0.0,0.00010218677464612677
"Hong, Kun",0.0009295250971776238,0.0,0.00010218677464612677
"Gurgul, Magdalena",0.00042251140780801076,0.0,1.0467965752086314e-09
"Hromadko, Ludek",0.00042251140780801076,0.0,1.0467965752086314e-09
"Zaraska, Leszek",0.00042251140780801076,0.0,1.0467965752086314e-09
"Liang, Lei-Lei",0.0006760182524928173,0.0,0.0009414664764844539
"Chen, Jing-Peng",0.0006760182524928173,0.0,0.0009414664764844539
"Xie, Li-Jing",0.0006760182524928173,0.0,0.0009414664764844539
"Jia, Hui",0.0006760182524928173,0.0,0.0009414664764844539
"Kong, Qing-Qiang",0.0006760182524928173,0.0,0.0009414664764844539
"Sun, Guo-Hua",0.0006760182524928173,0.0,0.0009414664764844539
"Chen, Cheng-Meng",0.0006760182524928173,0.0,0.0009414664764844539
"Bayantong, Allen Rhay B.",0.0003380091262464086,0.0,3.683167485230363e-33
"Shih, Yu-Jen",0.0003380091262464086,0.0,3.683167485230363e-33
"Dong, Cheng-Di",0.0003380091262464086,0.0,3.683167485230363e-33
"Garcia-Segura, Sergi",0.0003380091262464086,0.0,3.683167485230363e-33
"de Luna, Mark Daniel G.",0.0003380091262464086,0.0,3.683167485230363e-33
"Zou, Zhongwei",0.0003380091262464086,0.0,3.683167485230363e-33
"Xu, Haiming",0.0003380091262464086,0.0,3.683167485230363e-33
"Li, Dongya",0.0003380091262464086,0.0,3.683167485230363e-33
"Sun, Jingyu",0.0003380091262464086,0.0,3.683167485230363e-33
"Xia, Dongsheng",0.0003380091262464086,0.0,3.683167485230363e-33
"Liu, Wenzhu",0.0003380091262464086,0.0,3.683167485230363e-33
"Sun, Mingxuan",0.0003380091262464086,0.0,3.683167485230363e-33
"Ding, Zhipeng",0.0003380091262464086,0.0,3.683167485230363e-33
"Gao, Bowen",0.0003380091262464086,0.0,3.683167485230363e-33
"Ding, Wen",0.0003380091262464086,0.0,3.683167485230363e-33
"Zhang, Ke",0.0006760182524928173,0.0,3.0316676094008743e-05
"Feng, Yu-Sen",0.0006760182524928173,0.0,3.0316676094008743e-05
"Mi, Jing",0.0006760182524928173,0.0,3.0316676094008743e-05
"Du, Miao",0.0006760182524928173,0.0,3.0316676094008743e-05
"Xu, Ming-Hui",0.0006760182524928173,0.0,3.0316676094008743e-05
"Meng, Jian-Ping",0.0006760182524928173,0.0,3.0316676094008743e-05
"Qiao, Liang",0.0006760182524928173,0.0,3.0316676094008743e-05
"Cao, Yuanke",0.0003380091262464086,0.0,0.002886177269016671
"Jia, Chunman",0.0003380091262464086,0.0,0.002886177269016671
"Li, Jianwei",0.0003380091262464086,0.0,0.002886177269016671
"Kim, BongSoo",0.00042251140780801076,0.0,1.1300624461263961e-21
"Kang, In-Nam",0.00042251140780801076,0.0,1.1300624461263961e-21
"Liu, Xiaoling",0.00042251140780801076,0.0,0.0009683039744551842
"Li, Haiying",0.00042251140780801076,0.0,0.0009683039744551842
"Pang, Yajun",0.000507013689369613,0.0,0.0005741903850380865
"Gao, Xiaorui",0.000507013689369613,0.0,0.0005741903850380865
"Kou, Zongkui",0.000507013689369613,0.0,0.0005741903850380865
"Wang, John",0.000507013689369613,0.0,0.0005741903850380865
Sun Dongya,0.0003380091262464086,0.0,3.683167485230363e-33
He Liwen,0.0003380091262464086,0.0,3.683167485230363e-33
Lian Jiqiong,0.0003380091262464086,0.0,3.683167485230363e-33
Xie An,0.0003380091262464086,0.0,3.683167485230363e-33
Lin Bizhou,0.0003380091262464086,0.0,3.683167485230363e-33
"Njema, George G.",0.0002535068446848065,0.0,6.570990368930812e-38
"Kibet, Joshua K.",0.0002535068446848065,0.0,6.570990368930812e-38
"Rono, Nicholas",0.0002535068446848065,0.0,6.570990368930812e-38
"Meyer, Edson L.",0.0002535068446848065,0.0,6.570990368930812e-38
"Avila-Lopez, Manuel Alejandro",0.0003380091262464086,0.0,2.5643813012285464e-32
"Tan, Jeannie Z. Y.",0.0003380091262464086,0.0,2.5643813012285464e-32
"Maroto-Valer, M. Mercedes",0.0003380091262464086,0.0,2.5643813012285464e-32
"Kang, Shuai",0.0006760182524928173,0.0,7.007076363661953e-05
"Zhang, Miaomiao",0.0006760182524928173,0.0,7.007076363661953e-05
"Wang, Qingshan",0.0006760182524928173,0.0,7.007076363661953e-05
"Tao, Zhiyong",0.0006760182524928173,0.0,7.007076363661953e-05
"Fan, Yaxian",0.0006760182524928173,0.0,7.007076363661953e-05
"Singh, Simrjit",8.450228156160216e-05,0.0,1.1672423683483423e-52
"Khare, Neeraj",8.450228156160216e-05,0.0,1.1672423683483423e-52
"Naseri, Amene",0.0003380091262464086,0.0,1.4064637810268607e-14
"Samadi, Morasae",0.0003380091262464086,0.0,1.4064637810268607e-14
"Pourjavadi, Ali",0.0003380091262464086,0.0,1.4064637810268607e-14
"Du, Ruihan",0.0003380091262464086,0.0,1.551314317088115e-07
"Xiao, Kunkun",0.0003380091262464086,0.0,1.551314317088115e-07
"He, Shuiyuan",0.0003380091262464086,0.0,1.551314317088115e-07
"Kang, Chunli",0.0003380091262464086,0.0,1.551314317088115e-07
"Bredar, Alexandria R. C.",0.0002535068446848065,0.0,6.570990368930812e-38
"Blanchet, Miles D.",0.0002535068446848065,0.0,6.570990368930812e-38
"Comes, Ryan B.",0.0002535068446848065,0.0,6.570990368930812e-38
"Farnum, Byron H.",0.0002535068446848065,0.0,6.570990368930812e-38
"Deng, Hao",0.0005915159709312151,0.0,3.6984943503853944e-06
"Li, Zi-jie",0.0005915159709312151,0.0,3.6984943503853944e-06
"Yuan, Li-yong",0.0005915159709312151,0.0,3.6984943503853944e-06
"Lan, Jian-hui",0.0005915159709312151,0.0,3.6984943503853944e-06
"Chang, Zhi-yuan",0.0005915159709312151,0.0,3.6984943503853944e-06
"Chai, Zhi-fang",0.0005915159709312151,0.0,3.6984943503853944e-06
"Shi, Wei-qun",0.0005915159709312151,0.0,3.6984943503853944e-06
"Bhardwaj, Radha",8.450228156160216e-05,0.0,1.1672423683483423e-52
"Hazra, Arnab",8.450228156160216e-05,0.0,1.1672423683483423e-52
"Wu, Xionggang",0.0002535068446848065,0.0,1.652539736345854e-08
"Weng, Yanling",0.00042251140780801076,0.0,2.793203157953156e-29
"Haidry, Azhar Ali",0.00042251140780801076,0.0,2.793203157953156e-29
"Wang, Yucheng",0.00042251140780801076,0.0,2.793203157953156e-29
"Raza, Adil",0.00042251140780801076,0.0,2.793203157953156e-29
"Yusuf, Kareem",0.00042251140780801076,0.0,2.793203157953156e-29
"Zhou, Jintang",0.00042251140780801076,0.0,2.793203157953156e-29
"Kottappara, Revathi",0.0001690045631232043,0.0,4.961725533464465e-44
"Pillai, Suresh C.",0.0001690045631232043,0.0,4.961725533464465e-44
"Vijayan, Baiju Kizhakkekilikoodayil",0.0001690045631232043,0.0,4.961725533464465e-44
"Zhao, Shao-Shuai",0.00042251140780801076,0.0,2.793203157953156e-29
"Liang, Jun",0.00042251140780801076,0.0,2.793203157953156e-29
"Si, Duan-Hui",0.00042251140780801076,0.0,2.793203157953156e-29
"Mao, Min-Jie",0.00042251140780801076,0.0,2.793203157953156e-29
"Huang, Yuan-Biao",0.00042251140780801076,0.0,2.793203157953156e-29
"Cao, Rong",0.00042251140780801076,0.0,2.793203157953156e-29
"Zhang, Lai-Chang",0.00042251140780801076,0.0,4.148559019727967e-05
"Sillanpaa, Mika",0.0010985296603008281,0.000529874080960027,4.2639123056699084e-05
"Wang, Shixin",0.0008450228156160215,0.0,6.117584554628873e-16
"Zhou, Hui",0.0008450228156160215,0.0,6.117584554628873e-16
"Wei, Hanjing",0.0008450228156160215,0.0,6.117584554628873e-16
"Wang, Hailong",0.0008450228156160215,0.0,6.117584554628873e-16
"Xie, Haolin",0.0008450228156160215,0.0,6.117584554628873e-16
"Xu, Zhanyao",0.0008450228156160215,0.0,6.117584554628873e-16
"Ni, Desheng",0.0008450228156160215,0.0,6.117584554628873e-16
"Bollella, Paolo",0.0008450228156160215,0.0,6.117584554628873e-16
"Li, Junbai",0.0008450228156160215,0.0,6.117584554628873e-16
"Piyanzina, I. I.",0.0003380091262464086,0.0,3.683167485230363e-33
"Eyert, V",0.0003380091262464086,0.0,3.683167485230363e-33
"Lysogorskiy, Yu, V",0.0003380091262464086,0.0,3.683167485230363e-33
"Tayurskii, D. A.",0.0003380091262464086,0.0,3.683167485230363e-33
"Kopp, T.",0.0003380091262464086,0.0,3.683167485230363e-33
"Wang, Dengjun",0.0007605205340544194,0.0,0.0001374980175395297
"Saleh, Navid B.",0.0007605205340544194,0.0,0.0001374980175395297
"Sun, Wenjie",0.0007605205340544194,0.0,0.0001374980175395297
"Park, Chang Min",0.0007605205340544194,0.0,0.0001374980175395297
"Shen, Chongyang",0.0007605205340544194,0.0,0.0001374980175395297
"Aich, Nirupam",0.0007605205340544194,0.0,0.0001374980175395297
"Peijnenhurg, Willie J. G. M.",0.0007605205340544194,0.0,0.0001374980175395297
"Jin, Yan",0.0007605205340544194,0.0,0.0001374980175395297
"Su, Chunming",0.0007605205340544194,0.0,0.0001374980175395297
"Bari, Gazi A. K. M. Rafiqul",0.0001690045631232043,0.0,4.961725533464465e-44
"Islam, Mobinul",0.0001690045631232043,0.0,4.961725533464465e-44
"Jeong, Jae-Ho",0.0001690045631232043,0.0,4.961725533464465e-44
"Marsh, Brett M.",0.0003380091262464086,0.0,3.683167485230363e-33
"Vaida, Mihai E.",0.0003380091262464086,0.0,3.683167485230363e-33
"Cushing, Scott K.",0.0003380091262464086,0.0,3.683167485230363e-33
"Lamoureux, Bethany R.",0.0003380091262464086,0.0,3.683167485230363e-33
"Leone, Stephen R.",0.0003380091262464086,0.0,3.683167485230363e-33
"Zhao, Jianhui",0.0003380091262464086,0.0,3.683167485230363e-33
"Li, Ning",0.0003380091262464086,0.0,3.683167485230363e-33
"Yu, Ruixin",0.0003380091262464086,0.0,3.683167485230363e-33
"Zhao, Zhiwei",0.0003380091262464086,0.0,3.683167485230363e-33
"Nan, Jun",0.0003380091262464086,0.0,3.683167485230363e-33
"Li, Zi",0.0001690045631232043,0.0,8.021400055880884e-08
"Lu, Gang",0.0001690045631232043,0.0,8.021400055880884e-08
"Fang, Hongjun",0.0002535068446848065,0.0,6.570990368930812e-38
"Pan, Yusong",0.0002535068446848065,0.0,6.570990368930812e-38
"Yin, Minyuan",0.0002535068446848065,0.0,6.570990368930812e-38
"Pan, Chengling",0.0002535068446848065,0.0,6.570990368930812e-38
"Dalai, Manas Kumar",0.00042251140780801076,0.0,1.6896969263544522e-19
"Samal, Gupteswar",0.00042251140780801076,0.0,1.6896969263544522e-19
"Das, Trupti R.",0.00042251140780801076,0.0,1.6896969263544522e-19
"Kumar, Pramod",0.00042251140780801076,0.0,1.6896969263544522e-19
"Sehgal, Geetanjali",0.00042251140780801076,0.0,1.6896969263544522e-19
"Dai, Jian-Qing",0.0001690045631232043,0.0,4.961725533464465e-44
"Zhang, Hu",0.0001690045631232043,0.0,4.961725533464465e-44
"Song, Yu-Min",0.0001690045631232043,0.0,4.961725533464465e-44
"Lee, Sanghyun",0.0002535068446848065,0.0,6.570990368930812e-38
"Hwang, Jeonguk",0.0002535068446848065,0.0,6.570990368930812e-38
"Kim, Daham",0.0002535068446848065,0.0,6.570990368930812e-38
"Ahn, Heejoon",0.0002535068446848065,0.0,6.570990368930812e-38
"Lutz, Diana M.",0.0011830319418624302,0.0,0.002229448128118402
"Dunkin, Mikaela R.",0.0011830319418624302,0.0,0.002229448128118402
"King, Steven T.",0.0011830319418624302,0.0,0.002229448128118402
"Stackhouse, Chavis A.",0.0011830319418624302,0.0,0.002229448128118402
"Kuang, Jason",0.0011830319418624302,0.0,0.002229448128118402
"Du, Yonghua",0.0011830319418624302,0.0,0.002229448128118402
"Bak, Seong-Min",0.0011830319418624302,0.0,0.002229448128118402
"Bock, David C.",0.0011830319418624302,0.0,0.002229448128118402
"Tong, Xiao",0.0011830319418624302,0.0,0.002229448128118402
"Ma, Lu",0.0011830319418624302,0.0,0.002229448128118402
"Ehrlich, Steven N.",0.0011830319418624302,0.0,0.002229448128118402
"Takeuchi, Esther S.",0.0011830319418624302,0.0,0.002229448128118402
"Takeuchi, Kenneth J.",0.0011830319418624302,0.0,0.002229448128118402
"Marschilok, Amy C.",0.0011830319418624302,0.0,0.002229448128118402
"Ladva, Satyam A.",0.0009295250971776238,0.0,6.691681874245448e-07
"Travis, William",0.0009295250971776238,0.0,6.691681874245448e-07
"Quesada-Cabrera, Raul",0.0009295250971776238,0.0,6.691681874245448e-07
"Rosillo-Lopez, Martin",0.0009295250971776238,0.0,6.691681874245448e-07
"Afandi, Abdulkareem",0.0009295250971776238,0.0,6.691681874245448e-07
"Jackman, Richard B.",0.0009295250971776238,0.0,6.691681874245448e-07
"Bear, Joseph C.",0.0009295250971776238,0.0,6.691681874245448e-07
"Parkin, Ivan P.",0.0009295250971776238,0.0,6.691681874245448e-07
"Blackman, Christopher",0.0009295250971776238,0.0,6.691681874245448e-07
"Salzmann, Christoph G.",0.0009295250971776238,0.0,6.691681874245448e-07
"Palgrave, Robert G.",0.0009295250971776238,0.0,6.691681874245448e-07
"Xu, Yingfeng",0.000507013689369613,0.0,1.315567058059174e-05
"Guo, Qiaoqi",0.000507013689369613,0.0,1.315567058059174e-05
"Huang, Le",0.000507013689369613,0.0,1.315567058059174e-05
"Feng, Huajun",0.000507013689369613,0.0,1.315567058059174e-05
"Xu, Haiqun",0.000507013689369613,0.0,1.315567058059174e-05
"Wang, Meizhen",0.000507013689369613,0.0,1.315567058059174e-05
"Zhao, Jiaqi",0.0006760182524928173,0.0,2.6351866450287283e-06
"Chen, Liang",0.0006760182524928173,0.0,2.6351866450287283e-06
"Zhang, Jingyang",0.0006760182524928173,0.0,2.6351866450287283e-06
"Fan, Zehui",0.0006760182524928173,0.0,2.6351866450287283e-06
"Peng, Chong",0.0006760182524928173,0.0,2.6351866450287283e-06
"Li, Yun",0.0006760182524928173,0.0,2.6351866450287283e-06
"Campbell, Philip M.",0.0008450228156160215,0.0,2.2127524400699098e-16
"Perini, Christopher J.",0.0008450228156160215,0.0,2.2127524400699098e-16
"Chiu, Johannes",0.0008450228156160215,0.0,2.2127524400699098e-16
"Gupta, Atul",0.0008450228156160215,0.0,2.2127524400699098e-16
"Ray, Hunter S.",0.0008450228156160215,0.0,2.2127524400699098e-16
"Chen, Hang",0.0008450228156160215,0.0,2.2127524400699098e-16
"Wenzel, Kevin",0.0008450228156160215,0.0,2.2127524400699098e-16
"Snyder, Eric",0.0008450228156160215,0.0,2.2127524400699098e-16
"Wagner, Brent K.",0.0008450228156160215,0.0,2.2127524400699098e-16
"Ready, Jud",0.0008450228156160215,0.0,2.2127524400699098e-16
"Vogel, Eric M.",0.0008450228156160215,0.0,2.2127524400699098e-16
"Oh, Won-Chun",8.450228156160216e-05,0.0,2.4278995938796425e-07
"Huang, Zhong",0.0008450228156160215,0.0,2.042863818630914e-05
"Liu, Jianghao",0.0008450228156160215,0.0,2.042863818630914e-05
"Tian, Liang",0.0008450228156160215,0.0,2.042863818630914e-05
"Wang, Sen",0.0008450228156160215,0.0,2.042863818630914e-05
"Zhang, Gen",0.0008450228156160215,0.0,2.042863818630914e-05
"Li, Junyi",0.0008450228156160215,0.0,2.042863818630914e-05
"Liang, Feng",0.0008450228156160215,0.0,2.042863818630914e-05
"Jia, Quanli",0.0008450228156160215,0.0,2.042863818630914e-05
"Zhang, Shaowei",0.0008450228156160215,0.0,2.042863818630914e-05
"Guo, Xiaohua",8.450228156160216e-05,0.0,1.1672423683483423e-52
"Ma, Jianqi",8.450228156160216e-05,0.0,1.1672423683483423e-52
"Zhang, Putao",0.0007605205340544194,0.0,1.987707144454169e-13
"Yang, Fu",0.0007605205340544194,0.0,1.987707144454169e-13
"Kapil, Gaurav",0.0007605205340544194,0.0,1.987707144454169e-13
"Pandey, Shyam S.",0.0007605205340544194,0.0,1.987707144454169e-13
"Yeh, Cheng-Hsien",0.0005915159709312151,0.0,3.699138722121488e-23
"Hsu, Hung-Chieh",0.0005915159709312151,0.0,3.699138722121488e-23
"Tsao, Jung-Che",0.0005915159709312151,0.0,3.699138722121488e-23
"Wu, Hsuan-Ta",0.0005915159709312151,0.0,3.699138722121488e-23
"Lin, Teh-Pei",0.0005915159709312151,0.0,3.699138722121488e-23
"Wu, Chien-Te",0.0005915159709312151,0.0,3.699138722121488e-23
"Wu, Shih-Hsiung",0.0005915159709312151,0.0,3.699138722121488e-23
"Shih, Chuan-Feng",0.0005915159709312151,0.0,3.699138722121488e-23
"Ly, Nguyen Hoang",0.0003380091262464086,0.0,3.683167485230363e-33
"Son, Sang Jun",0.0003380091262464086,0.0,3.683167485230363e-33
"Kamyab, Hesam",0.0003380091262464086,0.0,3.683167485230363e-33
"Vasseghian, Yasser",0.0003380091262464086,0.0,3.683167485230363e-33
"Joo, Sang-Woo",0.0003380091262464086,0.0,3.683167485230363e-33
"Peng, Hualong",0.0003380091262464086,0.0,4.285978689427744e-05
"Xiong, Zhiqiang",0.0003380091262464086,0.0,4.285978689427744e-05
"Gan, Zhihui",0.0003380091262464086,0.0,4.285978689427744e-05
"Liu, Chongbo",0.0003380091262464086,0.0,4.285978689427744e-05
"Sheng, Wenhui",0.0003380091262464086,0.0,1.8404634959331847e-06
"Song, Ye",0.0003380091262464086,0.0,1.8404634959331847e-06
"Dou, Meiling",0.0003380091262464086,0.0,1.8404634959331847e-06
"Ji, Jing",0.0003380091262464086,0.0,1.8404634959331847e-06
"Aligayev, Amil",0.000507013689369613,0.0,5.327153564675236e-26
"Jabbarli, Ulkar",0.000507013689369613,0.0,5.327153564675236e-26
"Dominguez-Gutierrez, F. Javier",0.000507013689369613,0.0,5.327153564675236e-26
"Samadova, Ulkar",0.000507013689369613,0.0,5.327153564675236e-26
"Li, Jialin",0.000507013689369613,0.0,5.327153564675236e-26
"Papanikolaou, Stefanos",0.000507013689369613,0.0,5.327153564675236e-26
"Huang, Qing",0.000507013689369613,0.0,5.327153564675236e-26
"Gao, Lei",0.0002535068446848065,0.0,1.6511981970000778e-05
"Zhou, Fei",0.0002535068446848065,0.0,1.6511981970000778e-05
"Okla, Mohammad K.",0.0006760182524928173,0.0,3.119611277082561e-06
"Rahiman, M. Kalil",0.0006760182524928173,0.0,3.119611277082561e-06
"Abdel-Maksoud, Mostafa A.",0.0006760182524928173,0.0,3.119611277082561e-06
"Alaraidh, Ibrahim A.",0.0006760182524928173,0.0,3.119611277082561e-06
"Alatar, Abdulrahman A.",0.0006760182524928173,0.0,3.119611277082561e-06
"Al-amri, Saud S.",0.0006760182524928173,0.0,3.119611277082561e-06
"AbdElgawad, Hamada",0.0006760182524928173,0.0,3.119611277082561e-06
"Sahu, Pratyush Kumar",0.0002535068446848065,0.0,6.570990368930812e-38
"Champati, Aslisha",0.0002535068446848065,0.0,6.570990368930812e-38
"Pradhan, Abanti",0.0002535068446848065,0.0,6.570990368930812e-38
"Naik, Brundabana",0.0002535068446848065,0.0,6.570990368930812e-38
"Balu, Surendar",0.0003380091262464086,0.0,3.683167485230363e-33
"Ganapathy, Dhanraj",0.0003380091262464086,0.0,3.683167485230363e-33
"Arya, Sandeep",0.0003380091262464086,0.0,3.683167485230363e-33
"Raji, Atchudan",0.0003380091262464086,0.0,3.683167485230363e-33
"Sundramoorthy, Ashok K.",0.0003380091262464086,0.0,3.683167485230363e-33
"Mohamed, Mohamed Mokhtar",0.0001690045631232043,0.0,4.961725533464465e-44
"Abdelmonem, Enas E.",0.0001690045631232043,0.0,4.961725533464465e-44
"El-Sayed, G. O.",0.0001690045631232043,0.0,4.961725533464465e-44
"Liu, Xingyue",0.0005915159709312151,0.0,4.7123020654268676e-05
"Tan, Xianhua",0.0005915159709312151,0.0,4.7123020654268676e-05
"Li, Junjie",0.0005915159709312151,0.0,4.7123020654268676e-05
"Xi, Shuang",0.0005915159709312151,0.0,4.7123020654268676e-05
"Shi, Tielin",0.0005915159709312151,0.0,4.7123020654268676e-05
"Elshafie, Hashim",0.00042251140780801076,0.0,2.793203157953156e-29
"Basha, A. Alavudeen",0.00042251140780801076,0.0,2.793203157953156e-29
"Alqahtani, Abdulrahman Saad",0.00042251140780801076,0.0,2.793203157953156e-29
"Mubarakali, Azath",0.00042251140780801076,0.0,2.793203157953156e-29
"Parthasarathy, P.",0.00042251140780801076,0.0,2.793203157953156e-29
"Venkatesh, M.",0.00042251140780801076,0.0,2.793203157953156e-29
"Chen, Ruolin",0.0005915159709312151,0.0,7.5205241062083365e-06
"Zhu, Hongxun",0.0005915159709312151,0.0,7.5205241062083365e-06
"Zhan, Difu",0.0005915159709312151,0.0,7.5205241062083365e-06
"Fu, Qian",0.0005915159709312151,0.0,7.5205241062083365e-06
"Tian, Jiayi",0.0005915159709312151,0.0,7.5205241062083365e-06
"Huang, Yizhong",0.0005915159709312151,0.0,7.5205241062083365e-06
"Han, Changchun",0.0005915159709312151,0.0,7.5205241062083365e-06
"Padhi, Rohit Raj",0.0001690045631232043,0.0,4.961725533464465e-44
"Das, Chiranjit",0.0001690045631232043,0.0,4.961725533464465e-44
"Feng, Guo-Hua",0.0001690045631232043,0.0,4.961725533464465e-44
"Choi, Ji Hoon",0.0006760182524928173,0.0,2.1013811277358375e-20
"Jeong, Ji Hye",0.0006760182524928173,0.0,2.1013811277358375e-20
"Lee, Hak Hyeon",0.0006760182524928173,0.0,2.1013811277358375e-20
"Kim, Dong Su",0.0006760182524928173,0.0,2.1013811277358375e-20
"Lee, Kun Woong",0.0006760182524928173,0.0,2.1013811277358375e-20
"Yang, Won Seok",0.0006760182524928173,0.0,2.1013811277358375e-20
"Byeon, Jee Won",0.0006760182524928173,0.0,2.1013811277358375e-20
"Han, Jae-Hee",0.0006760182524928173,0.0,2.1013811277358375e-20
"Liu, Tian-Hui",0.0006760182524928173,0.0,1.1340986960568577e-06
"Yin, Huan-Yu",0.0006760182524928173,0.0,1.1340986960568577e-06
"Cai, Xin-Bin",0.0006760182524928173,0.0,1.1340986960568577e-06
"Wang, Zhi-Gang",0.0006760182524928173,0.0,1.1340986960568577e-06
"Wu, Zhi-Qiang",0.0006760182524928173,0.0,1.1340986960568577e-06
"Fan, Zeng-Lu",0.0006760182524928173,0.0,1.1340986960568577e-06
"Zhu, Wei",0.0006760182524928173,0.0,1.1340986960568577e-06
"Yan, Xiaohui",0.00042251140780801076,0.0,1.1835650733414841e-07
"Li, Gang",0.00042251140780801076,0.0,1.1835650733414841e-07
"Liu, Zhuohao",0.00042251140780801076,0.0,1.1835650733414841e-07
"Wang, Kaiying",0.00042251140780801076,0.0,1.1835650733414841e-07
"Li, Yongjin",0.0003380091262464086,0.0,0.0005698944617780449
"Wu, Zhijie",0.0003380091262464086,0.0,0.0005698944617780449
"Song, Zhiguo",0.0003380091262464086,0.0,0.0005698944617780449
"Zhang, Yueli",0.0003380091262464086,0.0,0.0005698944617780449
"Shao, Xiankun",0.0003380091262464086,0.0,5.989731948434605e-07
"Liu, Tongxuan",0.0003380091262464086,0.0,5.989731948434605e-07
"Shao, Liangzhi",0.0003380091262464086,0.0,5.989731948434605e-07
"Zhang, Baoshan",0.0003380091262464086,0.0,5.989731948434605e-07
"Tan, Yoong-Chuen",0.0005915159709312151,0.0,8.969372757613596e-06
"Ng, Yun Hau",0.0005915159709312151,0.0,8.969372757613596e-06
"Wen, Xiaoming",0.0005915159709312151,0.0,8.969372757613596e-06
"Li, Yunyi",0.00042251140780801076,0.0,7.3410334861653995e-06
"Liu, Fuyang",0.00042251140780801076,0.0,7.3410334861653995e-06
"Zhang, Dandan",0.00042251140780801076,0.0,7.3410334861653995e-06
"Liang, Jialiang",0.00042251140780801076,0.0,7.3410334861653995e-06
"Chen, Jiahui",0.00042251140780801076,0.0,6.378458767712244e-09
"Huang, Zhiling",0.00042251140780801076,0.0,6.378458767712244e-09
"Xie, Bo",0.00042251140780801076,0.0,6.378458767712244e-09
"Ni, Zheming",0.00042251140780801076,0.0,6.378458767712244e-09
"Xia, Shengjie",0.00042251140780801076,0.0,6.378458767712244e-09
"Wang, Zhe",0.0005915159709312151,0.0,2.5069125749088803e-07
"Al Jitan, Samar",0.0005915159709312151,0.0,2.5069125749088803e-07
"Salih, Hassan A.",0.0005915159709312151,0.0,2.5069125749088803e-07
"Aubry, Cyril",0.0005915159709312151,0.0,2.5069125749088803e-07
"Delclos, Thomas",0.0005915159709312151,0.0,2.5069125749088803e-07
"AlNashef, Inas",0.0005915159709312151,0.0,2.5069125749088803e-07
"Al-Ali, Khalid",0.0005915159709312151,0.0,2.5069125749088803e-07
"Wan, Aobo",0.0005915159709312151,0.0,3.537060214174e-21
"Zhu, Longkai",0.0005915159709312151,0.0,3.537060214174e-21
"Huang, Shijing",0.0005915159709312151,0.0,3.537060214174e-21
"He, Yun",0.0005915159709312151,0.0,3.537060214174e-21
"Zhang, Shunxi",0.0005915159709312151,0.0,3.537060214174e-21
"Quan, Fengjiao",0.0005915159709312151,0.0,3.537060214174e-21
"Li, Jianfen",0.0005915159709312151,0.0,3.537060214174e-21
"Omr, Hossam A. E.",0.0001690045631232043,0.0,4.6660203132577286e-07
"Horn, Mark W.",0.0001690045631232043,0.0,4.6660203132577286e-07
"Ma, Xue",8.450228156160216e-05,0.0,1.1672423683483423e-52
"Cheng, Hefa",8.450228156160216e-05,0.0,1.1672423683483423e-52
"Nguyen, D. Duc",0.0002535068446848065,0.0,2.6735309874707956e-28
"Leclere, Philippe",0.0002535068446848065,0.0,2.6735309874707956e-28
"Nguyen-Tri, Phuong",0.0002535068446848065,0.0,2.6735309874707956e-28
"Achenef, Habtamu Asmare",0.0001690045631232043,0.0,4.961725533464465e-44
"Baye, Anteneh Fufa",0.0001690045631232043,0.0,4.961725533464465e-44
"Kim, Hern",0.0001690045631232043,0.0,4.961725533464465e-44
"Lv, Xinding",0.00042251140780801076,0.0,1.9095239754801376e-06
"Akerdi, A. G.",0.0002535068446848065,0.0,6.570990368930812e-38
"Mohsenzadeh, M.",0.0002535068446848065,0.0,6.570990368930812e-38
"Mahmoudian, K.",0.0002535068446848065,0.0,6.570990368930812e-38
"Bahrami, S. H.",0.0002535068446848065,0.0,6.570990368930812e-38
"Cheng, Jun",0.0002535068446848065,0.0,6.570990368930812e-38
"Yang, Xiao",0.0002535068446848065,0.0,6.570990368930812e-38
"Xuan, XiaoXu",0.0002535068446848065,0.0,6.570990368930812e-38
"Zhou, Junhu",0.0002535068446848065,0.0,6.570990368930812e-38
"Karunakaran, C.",0.0001690045631232043,0.0,4.961725533464465e-44
"JebaSing, I.",0.0001690045631232043,0.0,4.961725533464465e-44
"Vinayagamoorthy, P.",0.0001690045631232043,0.0,4.961725533464465e-44
"Chouat, Anis",0.0002535068446848065,0.0,6.570990368930812e-38
"Nguyen, Duc Trung",0.0002535068446848065,0.0,6.570990368930812e-38
"Mohan, Sakar",0.0002535068446848065,0.0,6.570990368930812e-38
"Do, Trong-On",0.0002535068446848065,0.0,6.570990368930812e-38
"Salunkhe, Tejaswi Tanaji",0.0002535068446848065,0.0,3.3870231916563276e-26
"Gurugubelli, Thirumala Rao",0.0002535068446848065,0.0,3.3870231916563276e-26
"Babu, Bathula",0.0002535068446848065,0.0,3.3870231916563276e-26
"Luo, Zhangmeng",0.0006760182524928173,0.0,2.5705633376883363e-07
"Pan, Yue",0.0006760182524928173,0.0,2.5705633376883363e-07
"Wan, Meilin",0.0006760182524928173,0.0,2.5705633376883363e-07
"Hu, Yongming",0.0006760182524928173,0.0,2.5705633376883363e-07
"Jiang, Shenglin",0.0006760182524928173,0.0,2.5705633376883363e-07
"He, Yunbin",0.0006760182524928173,0.0,2.5705633376883363e-07
"Zhang, Qingfeng",0.0006760182524928173,0.0,2.5705633376883363e-07
"Pathak, Mansi",8.450228156160216e-05,0.0,7.728999040444665e-30
"Chou, Mitch M. C.",0.00042251140780801076,0.0,2.793203157953156e-29
"Liang, Chi-Te",0.00042251140780801076,0.0,2.793203157953156e-29
"Kumar, Pawan",0.0008450228156160215,0.0,1.017408453296556e-15
"Vahidzadeh, Ehsan",0.0008450228156160215,0.0,1.017408453296556e-15
"Thakur, Wal K.",0.0008450228156160215,0.0,1.017408453296556e-15
"Kar, Piyush",0.0008450228156160215,0.0,1.017408453296556e-15
"Alam, Kazi M.",0.0008450228156160215,0.0,1.017408453296556e-15
"Goswami, Ankur",0.0008450228156160215,0.0,1.017408453296556e-15
"Mandi, Najia",0.0008450228156160215,0.0,1.017408453296556e-15
"Cui, Kai",0.0008450228156160215,0.0,1.017408453296556e-15
"Bernard, Guy M.",0.0008450228156160215,0.0,1.017408453296556e-15
"Michaelis, Vladimir K.",0.0008450228156160215,0.0,1.017408453296556e-15
"Gupta, Shaswat Vikram",0.0001690045631232043,0.0,4.961725533464465e-44
"Kulkarni, V. V.",0.0001690045631232043,0.0,4.961725533464465e-44
"Ahmaruzzaman, Md.",0.0001690045631232043,0.0,4.961725533464465e-44
"He, Wanting",0.0002535068446848065,0.0,4.305626492438371e-05
"Emmanuel, Stephen Sunday",0.0005915159709312151,0.0,3.699138722121488e-23
"Adesibikan, Ademidun Adeola",0.0005915159709312151,0.0,3.699138722121488e-23
"Tichapondwa, Shepherd M.",0.0005915159709312151,0.0,3.699138722121488e-23
"Rayaroth, Manoj P.",0.0005915159709312151,0.0,3.699138722121488e-23
"Bosca, Francisco",0.0005915159709312151,0.0,3.699138722121488e-23
"Marin, Maria Luisa",0.0005915159709312151,0.0,3.699138722121488e-23
"Samejo, Bakhtiar Ali",0.0005915159709312151,0.0,3.699138722121488e-23
"Boczkaj, Grzegorz",0.0005915159709312151,0.0,3.699138722121488e-23
